Affliction Phase 1,...2,...3,...4,...5,Value Credit: https://cdn.discordapp.com/attachments/823477524955791360/848688810774102066/TBC_sim_0530.xlsm,...7,...8,...9,...10,...11,...12,...13,...14,...15,...16,...17,...18,...19,...20
NA,NA,Item,NA,NA,EPV,"If Hit 
Capped",Location,NA,Phase,NA,NA,Stats,NULL,NULL,NULL,NULL,NA,NA,NA
NA,NA,Head,NA,NA,NULL,NULL,NA,NA,NULL,NA,NA,sp,int,hit,crit,haste,socket,NA,NA
NA,1,Spellstrike Hood,Spellstrike Hood,Epic,107.36,84.16,Tailoring,Crafted,1,https://tbc.wowhead.com/item=24266,NA,46,12,16,24,NULL,Blue,Yellow,Red
NA,2,Voidheart Crown,Voidheart Crown,Epic,90.75,NULL,Karazhan,Prince Malchezaar,1,https://tbc.wowhead.com/item=28963,NA,40,36,NULL,19,NULL,Meta,Red,NA
NA,3,Uni-Mind Headdress,Uni-Mind Headdress,Epic,88.2,60.65,Karazhan,Netherspite,1,https://tbc.wowhead.com/item=28744,NA,46,40,19,25,NULL,NA,NA,NA
NA,4,Gladiator's Felweave Cowl,Gladiator's Felweave Cowl,Epic,85.03,NULL,Season 1,PvP,1,https://tbc.wowhead.com/item=30187,NA,37,15,NULL,18,NULL,Meta,Red,NA
NA,5,Hood of Oblivion,Hood of Oblivion,Rare,82.52,NULL,Archatraz,Harbinger Skyriss,1,https://tbc.wowhead.com/item=28415,NA,40,32,NULL,NULL,NULL,Blue,Meta,NA
NA,6,Mana-Binders Cowl,Mana-Binders Cowl,Epic,82.34,NULL,Badge of Justice,G'eras,1,https://tbc.wowhead.com/item=32089,NA,34,29,NULL,15,NULL,Yellow,Meta,NA
NA,7,Incanter's Cowl,Incanter's Cowl,Rare,80.46,NULL,Mechanar,Pathaleon the Calculator,1,https://tbc.wowhead.com/item=28278,NA,29,27,NULL,19,NULL,Yellow,Meta,NA
NA,8,Elementalist Skullcap of Wrath,Elementalist Skullcap of Wrath,Uncommon,80,NULL,NA,World Drop,1,https://tbc.wowhead.com/item=24689,NA,80,NULL,NULL,NULL,NULL,NA,NA,NA
NA,9,Mag'hari Ritualist's Horns,Mag'hari Ritualist's Horns,Rare,75.31,57.91,NA,NA,1,https://tbc.wowhead.com/item=28169,NA,50,16,12,15,NULL,NA,NA,NA
NA,10,Mana-Etched Crown,Mana-Etched Crown,Rare,75.2,NULL,Black Morass,Aeonus,1,https://tbc.wowhead.com/item=28193,NA,34,20,NULL,NULL,NULL,Red,Meta,NA
NA,11,Hydromancer's Headwrap,Hydromancer's Headwrap,Rare,74.97,NULL,NA,The Warlord's Hideout,1,https://tbc.wowhead.com/item=28183,NA,33,27,NULL,NULL,NULL,Blue,Meta,NA
NA,12,Evoker's Helmet of Second Sight,Evoker's Helmet of Second Sight,Rare,74.29,NULL,NA,"Teron Gorefiend, I am...",1,https://tbc.wowhead.com/item=31104,NA,35,15,NULL,24,NULL,Blue,Blue,Yellow
NA,13,Gladiator's Dreadweave Hood,Gladiator's Dreadweave Hood,Epic,73.2,NULL,Season 1,PvP,1,https://tbc.wowhead.com/item=24553,NA,32,20,NULL,NULL,NULL,Meta,Red,NA
NA,14,Gnomish Power Goggles,Gnomish Power Goggles,Epic,72.79,NULL,Engineering,Crafted,1,https://tbc.wowhead.com/item=23828,NA,59,21,NULL,28,NULL,NA,NA,NA
NA,15,Collar of Cho'gall,Collar of Cho'gall,Epic,71.96,NULL,Gruul's Lair,Gruul the Dragonkiller,1,https://tbc.wowhead.com/item=28804,NA,68,36,NULL,NULL,NULL,NA,NA,NA
NA,NA,Neck,NA,NA,NULL,NULL,NA,NA,NULL,NA,NA,sp,int,hit,crit,haste,socket,NA,NA
NA,1,Eye of the Night (GROUP BUFF),Eye of the Night (GROUP BUFF),Rare,67.86,44.66,Jewelcrafting,Crafted,1,https://tbc.wowhead.com/item=24116,NA,34,NULL,16,26,NULL,NA,NA,NA
NA,2,Ritssyn's Lost Pendant (Shadow),Ritssyn's Lost Pendant (Shadow),Epic,51,NULL,Karazhan,Trash,1,https://tbc.wowhead.com/item=30666,NA,51,NULL,NULL,NULL,NULL,NA,NA,NA
NA,3,Brooch of Unquenchable Fury,Brooch of Unquenchable Fury,Epic,50.06,28.31,Karazhan,Moroes,1,https://tbc.wowhead.com/item=28530,NA,26,21,15,NULL,NULL,NA,NA,NA
NA,4,Hydra-fang Necklace,Hydra-fang Necklace,Rare,43.96,20.76,Underbog,Ghaz'an,1,https://tbc.wowhead.com/item=27758,NA,19,16,16,NULL,NULL,NA,NA,NA
NA,5,Brooch of Heightened Potential,Brooch of Heightened Potential,Rare,42.33,29.28,Shadow Labyrinth,Blackheart the Inciter,1,https://tbc.wowhead.com/item=28134,NA,22,14,9,14,NULL,NA,NA,NA
NA,6,Chain of the Twilight Owl (GROUP BUFF),Chain of the Twilight Owl (GROUP BUFF),Rare,41.1628,NULL,Jewelcrafting,Crafted,1,https://tbc.wowhead.com/item=24121,NA,21,19,NULL,44.08,NULL,NA,NA,NA
NA,7,Adornment of Stolen Souls,Adornment of Stolen Souls,Epic,39.63,NULL,Karazhan,Prince Malchezaar,1,https://tbc.wowhead.com/item=28762,NA,28,20,NULL,23,NULL,NA,NA,NA
NA,8,Pendant of Dominance,Pendant of Dominance,Epic,36.32,NULL,NA,PvP,1,https://tbc.wowhead.com/item=28245,NA,26,12,NULL,NULL,NULL,Yellow,NA,NA
NA,9,Natasha's Ember Necklace,Natasha's Ember Necklace,Rare,34.75,NULL,NA,The Hound-Master,1,https://tbc.wowhead.com/item=31692,NA,29,15,NULL,10,NULL,NA,NA,NA
NA,10,Amulet of Vek'nilash,Amulet of Vek'nilash,Epic,33.29,NULL,Classic,NA,0,https://tbc.wowhead.com/item=21608,NA,27,5,NULL,14,NULL,NA,NA,NA
NA,11,Luminous Pearls of Insight,Luminous Pearls of Insight,Rare,31.16,NULL,The Underbog,Ghaz'an,1,https://tbc.wowhead.com/item=24462,NA,25,15,NULL,11,NULL,NA,NA,NA
NA,12,Choker of the Arctic Flow,Choker of the Arctic Flow,Epic,30.42,NULL,NA,NA,1,https://tbc.wowhead.com/item=35508,NA,28,22,NULL,NULL,NULL,NA,NA,NA
NA,13,Natasha's Arcane Filament,Natasha's Arcane Filament,Rare,30.1,NULL,NA,The Hound-Master,1,https://tbc.wowhead.com/item=31693,NA,29,10,NULL,NULL,NULL,NA,NA,NA
NA,14,Torc of the Sethekk Prophet,Torc of the Sethekk Prophet,Rare,29.59,NULL,Terokkar Forest,Brother Against Brother,1,https://tbc.wowhead.com/item=29333,NA,19,18,NULL,21,NULL,NA,NA,NA
NA,15,Pendant of the Battle-Mage,Pendant of the Battle-Mage,Uncommon,29.51,NULL,NA,Ar'kelos the Guardian,0,https://tbc.wowhead.com/item=29775,NA,25,NULL,NULL,11,NULL,NA,NA,NA
NA,NA,Shoulders,NA,NA,NULL,NULL,NA,NA,NULL,NA,NA,sp,int,hit,crit,haste,socket,NA,NA
NA,1,Voidheart Mantle,Voidheart Mantle,Epic,77.72,57.42,Gruul's Lair,High King Maulgar,1,https://tbc.wowhead.com/item=28967,NA,37,22,14,NULL,NULL,Blue,Yellow,NA
NA,2,Frozen Shadoweave Shoulders (Shadow/Frost),Frozen Shadoweave Shoulders (Shadow/Frost),Epic,69.65,NULL,Tailoring,Crafted,1,https://tbc.wowhead.com/item=21869,NA,50,15,NULL,NULL,NULL,Yellow,Blue,NA
NA,3,Gladiator's Dreadweave Mantle,Gladiator's Dreadweave Mantle,Epic,68.94,51.54,Season 1,PvP,1,https://tbc.wowhead.com/item=24554,NA,32,14,12,NULL,NULL,Blue,Yellow,NA
NA,4,Gladiator's Felweave Amice,Gladiator's Felweave Amice,Epic,56.46,NULL,Season 1,PvP,1,https://tbc.wowhead.com/item=30186,NA,32,14,NULL,12,NULL,Blue,Yellow,NA
NA,5,Grand Marshal's Dreadweave Mantle,Grand Marshal's Dreadweave Mantle,Rare,54.35,45.65,NA,PvP,1,https://tbc.wowhead.com/item=28627,NA,26,15,6,NULL,NULL,Blue,Yellow,NA
NA,6,High Warlord's Dreadweave Mantle,High Warlord's Dreadweave Mantle,Rare,54.35,45.65,NA,PvP,1,https://tbc.wowhead.com/item=28820,NA,26,15,6,NULL,NULL,Blue,Yellow,NA
NA,7,Dreadweave Mantle,Dreadweave Mantle,Rare,54.35,45.65,NA,Nakodu,1,https://tbc.wowhead.com/item=35331,NA,26,15,6,NULL,NULL,Blue,Yellow,NA
NA,8,Mantle of Three Terrors,Mantle of Three Terrors,Rare,49.15,31.75,Black Morass,Chrono Lord Deja,1,https://tbc.wowhead.com/item=27994,NA,29,25,12,NULL,NULL,NA,NA,NA
NA,9,Spaulders of the Torn-heart,Spaulders of the Torn-heart,Rare,48.95,NULL,NA,The Cipher of Damnation - The Third Fragment Recovered,1,https://tbc.wowhead.com/item=30925,NA,40,7,NULL,18,NULL,NA,NA,NA
NA,10,Plagueheart Shoulderpads,Plagueheart Shoulderpads,Epic,48.92,37.32,Classic,NA,0,https://tbc.wowhead.com/item=22507,NA,36,12,8,NULL,NULL,NA,NA,NA
NA,11,Spaulders of Oblivion,Spaulders of Oblivion,Rare,48.87,NULL,Shadow Labyrinth,Murmur,1,https://tbc.wowhead.com/item=27778,NA,29,17,NULL,NULL,NULL,Yellow,Blue,NA
NA,12,Mana-Etched Spaulders,Mana-Etched Spaulders,Rare,46.43,NULL,Slave Pens,Quagmirran,1,https://tbc.wowhead.com/item=27796,NA,20,17,NULL,16,NULL,Yellow,Red,NA
NA,13,Rime Covered Mantle,Rime Covered Mantle,Epic,46.06,NULL,Naxxramas,Gluth,1,https://tbc.wowhead.com/item=22983,NA,39,12,NULL,14,NULL,NA,NA,NA
NA,14,Incanter's Pauldrons,Incanter's Pauldrons,Rare,41.47,NULL,Steamvault,Warlord Kalithresh,1,https://tbc.wowhead.com/item=27738,NA,20,17,NULL,NULL,NULL,Yellow,Red,NA
NA,15,Destroyers' Mantle,Destroyers' Mantle,Rare,40.81,NULL,NA,Natural Remedies,1,https://tbc.wowhead.com/item=28075,NA,35,12,NULL,9,NULL,NA,NA,NA
NA,NA,Back,NA,NA,NULL,NULL,NA,NA,NULL,NA,NA,sp,int,hit,crit,haste,socket,NA,NA
NA,1,Ruby Drape of the Mysticant,Ruby Drape of the Mysticant,Epic,58.41,32.31,Karazhan,Prince Malchezaar,1,https://tbc.wowhead.com/item=28766,NA,30,21,18,NULL,NULL,NA,NA,NA
NA,2,Illidari Cloak of Wrath,Illidari Cloak of Wrath,Rare,47,NULL,NA,World Drop,1,https://tbc.wowhead.com/item=31201,NA,47,NULL,NULL,NULL,NULL,NA,NA,NA
NA,3,Ancient Spellcloak of the Highborne,Ancient Spellcloak of the Highborne,Epic,45.44,NULL,Hellfire Peninsula,Doom Lord Kazzak,1,https://tbc.wowhead.com/item=30735,NA,36,15,NULL,19,NULL,NA,NA,NA
NA,4,Cloak of the Necropolis,Cloak of the Necropolis,Epic,44.55,32.95,Naxxramas,Sapphiron,1,https://tbc.wowhead.com/item=23050,NA,26,11,8,14,NULL,NA,NA,NA
NA,5,Cloak of the Devoured,Cloak of the Devoured,Epic,42.7,31.1,Classic,NA,0,https://tbc.wowhead.com/item=22731,NA,30,10,8,NULL,NULL,NA,NA,NA
NA,6,Ambusher's Cloak of Wrath,Ambusher's Cloak of Wrath,Uncommon,42,NULL,NA,World Drop,1,https://tbc.wowhead.com/item=25041,NA,42,NULL,NULL,NULL,NULL,NA,NA,NA
NA,7,Sethekk Oracle Cloak,Sethekk Oracle Cloak,Rare,41.38,23.98,Sethekk Halls,Talon King Ikiss,1,https://tbc.wowhead.com/item=27981,NA,22,18,12,NULL,NULL,NA,NA,NA
NA,8,Cloak of Entropy,Cloak of Entropy,Rare,40.71,26.21,NA,World Drop,1,https://tbc.wowhead.com/item=31140,NA,25,11,10,NULL,NULL,NA,NA,NA
NA,9,Brute Cloak of the Ogre-Magi,Brute Cloak of the Ogre-Magi,Epic,39.63,NULL,Gruul's Lair,High King Maulgar,1,https://tbc.wowhead.com/item=28797,NA,28,20,NULL,23,NULL,NA,NA,NA
NA,10,Shadow-Cloak of Dalaran,Shadow-Cloak of Dalaran,Epic,37.98,NULL,Karazhan,Moroes,1,https://tbc.wowhead.com/item=28570,NA,36,18,NULL,NULL,NULL,NA,NA,NA
NA,11,Cloak of the Black Void,Cloak of the Black Void,Rare,36.21,NULL,Tailoring,Crafted,1,https://tbc.wowhead.com/item=24252,NA,35,11,NULL,NULL,NULL,NA,NA,NA
NA,12,Terokk's Wisdom,Terokk's Wisdom,Epic,34.76,NULL,Terokkar Forest,Terokk,1,https://tbc.wowhead.com/item=32541,NA,33,16,NULL,NULL,NULL,NA,NA,NA
NA,13,Cloak of Woven Energy,Cloak of Woven Energy,Rare,33.19,NULL,Netherstorm,Hitting the Motherlode,1,https://tbc.wowhead.com/item=29813,NA,29,13,NULL,6,NULL,NA,NA,NA
NA,14,Shawl of Shifting Probabilities,Shawl of Shifting Probabilities,Epic,31.78,NULL,Badge of Justice,G'eras,1,https://tbc.wowhead.com/item=29369,NA,21,16,NULL,22,NULL,NA,NA,NA
NA,15,Ogre Slayer's Cover,Ogre Slayer's Cover,Rare,29.64,NULL,Nagrand,Cho'war the Pillager,1,https://tbc.wowhead.com/item=25777,NA,20,18,NULL,16,NULL,NA,NA,NA
NA,NA,Chest,NA,NA,NULL,NULL,NA,NA,NULL,NA,NA,sp,int,hit,crit,haste,socket,NA,NA
NA,1,Robe of the Crimson Order,Robe of the Crimson Order,Rare,96.03,52.53,NA,NA,1,https://tbc.wowhead.com/item=31297,NA,50,23,30,NULL,NULL,NA,NA,NA
NA,2,Frozen Shadoweave Robe (Shadow/Frost),Frozen Shadoweave Robe (Shadow/Frost),Epic,92.2,NULL,Tailoring,Crafted,1,https://tbc.wowhead.com/item=21871,NA,72,20,NULL,NULL,NULL,Yellow,Blue,NA
NA,3,Voidheart Robe,Voidheart Robe,Epic,91.48,72.63,Magtheridon's Lair,Magtheridon,1,https://tbc.wowhead.com/item=28964,NA,42,33,13,NULL,NULL,Yellow,Yellow,Red
NA,4,Auchenai Anchorite's Robe,Auchenai Anchorite's Robe,Rare,90.99,57.64,NA,Everything Will Be Alright,1,https://tbc.wowhead.com/item=29341,NA,28,24,23,NULL,NULL,Yellow,Yellow,Red
NA,5,Warp Infused Drape,Warp Infused Drape,Rare,77.48,60.08,Botanica,Warp Splinter,1,https://tbc.wowhead.com/item=28342,NA,30,28,12,NULL,NULL,Red,Blue,Yellow
NA,6,Gladiator's Felweave Raiment,Gladiator's Felweave Raiment,Epic,71.83,NULL,Season 1,PvP,1,https://tbc.wowhead.com/item=30200,NA,32,16,NULL,27,NULL,Red,Yellow,Yellow
NA,7,Robe of Oblivion,Robe of Oblivion,Rare,69.2,NULL,Shadow Labyrinth,Murmur,1,https://tbc.wowhead.com/item=28232,NA,40,20,NULL,NULL,NULL,Red,Yellow,Blue
NA,8,Will of Edward the Odd,Will of Edward the Odd,Epic,68.6,NULL,NA,World Drop,1,https://tbc.wowhead.com/item=31340,NA,53,30,NULL,30,NULL,NA,NA,NA
NA,9,Mana-Etched Vestments,Mana-Etched Vestments,Rare,65.72,NULL,Old Hillsbrad Foothills,Epoch Hunter,1,https://tbc.wowhead.com/item=28191,NA,29,25,NULL,17,NULL,Red,Blue,Yellow
NA,10,Gladiator's Dreadweave Robe,Gladiator's Dreadweave Robe,Epic,65.09,NULL,Season 1,PvP,1,https://tbc.wowhead.com/item=24552,NA,36,19,NULL,NULL,NULL,Red,Yellow,Yellow
NA,11,Plagueheart Robe,Plagueheart Robe,Epic,65.02,53.42,Classic,NA,0,https://tbc.wowhead.com/item=22504,NA,51,22,8,NULL,NULL,NA,NA,NA
NA,12,Kirin Tor Apprentice's Robes,Kirin Tor Apprentice's Robes,Rare,64.86,44.56,NA,Destroy Naberius!,1,https://tbc.wowhead.com/item=29780,NA,40,26,14,NULL,NULL,NA,NA,NA
NA,13,Incanter's Robe,Incanter's Robe,Rare,63.9,NULL,Botanica,Warp Splinter,1,https://tbc.wowhead.com/item=28229,NA,29,22,NULL,8,NULL,Yellow,Yellow,Red
NA,14,Vermillion Robes of the Dominant,Vermillion Robes of the Dominant,Rare,63.03,45.63,Steamvault,Warlord Kalithresh,1,https://tbc.wowhead.com/item=27799,NA,42,33,12,NULL,NULL,NA,NA,NA
NA,15,Anchorite's Robes,Anchorite's Robes,Rare,61.98,NULL,Quartermaster Endarin,NA,1,https://tbc.wowhead.com/item=29129,NA,29,38,NULL,NULL,NULL,Yellow,Blue,Yellow
NA,NA,Wrist,NA,NA,NULL,NULL,NA,NA,NULL,NA,NA,sp,int,hit,crit,haste,socket,NA,NA
NA,1,Ravager's Cuffs of Wrath,Ravager's Cuffs of Wrath,Epic,59,NULL,Karazhan,Rokad the Ravager,1,https://tbc.wowhead.com/item=30684/ravagers-cuffs,NA,59,NULL,NULL,NULL,NULL,NA,NA,NA
NA,2,Illidari Bindings of Wrath,Illidari Bindings of Wrath,Rare,47,NULL,Shadowmoon Valley,Ambassador Jerrikar,1,https://tbc.wowhead.com/item=31225/illidari-bindings,NA,47,NULL,NULL,NULL,NULL,NA,NA,NA
NA,3,Elementalist Bracelets of Wrath,Elementalist Bracelets of Wrath,Uncommon,45,NULL,NA,World Drop,1,https://tbc.wowhead.com/item=24692,NA,45,NULL,NULL,NULL,NULL,NA,NA,NA
NA,4,Crimson Bracers of Gloom,Crimson Bracers of Gloom,Rare,41.38,23.98,Hellfire Ramparts,Omor the Unscarred,1,https://tbc.wowhead.com/item=27462,NA,22,18,12,NULL,NULL,NA,NA,NA
NA,5,Bracers of Havok,Bracers of Havok,Rare,40.32,NULL,Tailoring,Crafted,1,https://tbc.wowhead.com/item=24250,NA,30,12,NULL,NULL,NULL,Yellow,NA,NA
NA,6,Ravager's Cuffs of the Invoker,Ravager's Cuffs of the Invoker,Epic,36.44,NULL,Karazhan,Rokad the Ravager,1,https://tbc.wowhead.com/item=30684/ravagers-cuffs,NA,25,22,NULL,22,NULL,NA,NA,NA
NA,7,General's Silk Cuffs,General's Silk Cuffs,Epic,35.79,NULL,Season 1,PvP,1,https://tbc.wowhead.com/item=28411,NA,20,17,NULL,12,NULL,Yellow,NA,NA
NA,8,Marshal's Silk Cuffs,Marshal's Silk Cuffs,Epic,35.79,NULL,NA,PvP,1,https://tbc.wowhead.com/item=29002,NA,20,17,NULL,12,NULL,Yellow,NA,NA
NA,9,Bands of Nefarious Deeds,Bands of Nefarious Deeds,Epic,34.42,NULL,Karazhan,Maiden of Virtue,1,https://tbc.wowhead.com/item=28515,NA,32,22,NULL,NULL,NULL,NA,NA,NA
NA,10,General's Dreadweave Cuffs,General's Dreadweave Cuffs,Epic,32.54,NULL,Season 1,PvP,1,https://tbc.wowhead.com/item=28405,NA,22,14,NULL,NULL,NULL,Yellow,NA,NA
NA,11,Marshal's Dreadweave Cuffs,Marshal's Dreadweave Cuffs,Epic,32.54,NULL,NA,PvP,1,https://tbc.wowhead.com/item=28981,NA,22,14,NULL,NULL,NULL,Yellow,NA,NA
NA,12,Arcanium Signet Bands,Arcanium Signet Bands,Rare,31.65,NULL,Underbog,Hungarfen,1,https://tbc.wowhead.com/item=27746,NA,30,15,NULL,NULL,NULL,NA,NA,NA
NA,13,Shattrath Wraps,Shattrath Wraps,Rare,31.65,NULL,NA,The Soul Devices,1,https://tbc.wowhead.com/item=28174,NA,21,15,NULL,NULL,NULL,Red,NA,NA
NA,14,Bands of Negation,Bands of Negation,Epic,31.42,NULL,Mana-Tombs,Nexus-Prince Shaffar,1,https://tbc.wowhead.com/item=29240,NA,29,22,NULL,NULL,NULL,NA,NA,NA
NA,15,Harbinger Bands,Harbinger Bands,Epic,29.71,NULL,Karazhan,Attumen the Huntsman,1,https://tbc.wowhead.com/item=28477,NA,26,21,NULL,NULL,NULL,NA,NA,NA
NA,NA,Hands,NA,NA,NULL,NULL,NA,NA,NULL,NA,NA,sp,int,hit,crit,haste,socket,NA,NA
NA,1,Anger-Spark Gloves,Anger-Spark Gloves,Epic,87.25,58.25,Shadowmoon Valley,Doomwalker,1,https://tbc.wowhead.com/item=30725,NA,30,NULL,20,25,NULL,Red,Red,NA
NA,2,Handwraps of Flowing Thought,Handwraps of Flowing Thought,Epic,75.72,55.42,Karazhan,Attumen the Huntsman,1,https://tbc.wowhead.com/item=28507,NA,35,22,14,NULL,NULL,Yellow,Blue,NA
NA,3,Soul-Eater's Handwraps,Soul-Eater's Handwraps,Epic,65.25,NULL,Magtheridon's Lair,Magtheridon,1,https://tbc.wowhead.com/item=28780,NA,36,24,NULL,21,NULL,Yellow,Blue,NA
NA,4,Manaspark Gloves,Manaspark Gloves,Rare,58.29,36.54,The Underbog,Hungarfen,1,https://tbc.wowhead.com/item=24450,NA,16,14,15,NULL,NULL,Red,Yellow,NA
NA,5,Gloves of the Deadwatcher,Gloves of the Deadwatcher,Rare,57.74,31.64,Auchenai Crypts,Shirrak the Dead Watcher,1,https://tbc.wowhead.com/item=27493,NA,29,24,18,NULL,NULL,NA,NA,NA
NA,6,Gloves of Oblivion,Gloves of Oblivion,Rare,57.31,28.31,Shattered Halls,Warchief Kargath Bladefist,1,https://tbc.wowhead.com/item=27537,NA,26,21,20,NULL,NULL,NA,NA,NA
NA,7,Dark Storm Gauntlets,Dark Storm Gauntlets,Epic,50.25,38.65,Classic,NA,0,https://tbc.wowhead.com/item=21585,NA,37,15,8,NULL,NULL,NA,NA,NA
NA,8,Gloves of Pandemonium,Gloves of Pandemonium,Rare,50.17,35.67,NA,World Drop,1,https://tbc.wowhead.com/item=31149,NA,25,15,10,22,NULL,NA,NA,NA
NA,9,Tempest's Touch,Tempest's Touch,Rare,47.8,NULL,NA,Return to Andormu,1,https://tbc.wowhead.com/item=29317,NA,27,20,NULL,NULL,NULL,Blue,Blue,NA
NA,10,Voidheart Gloves,Voidheart Gloves,Epic,47.1,NULL,Karazhan,The Curator,1,https://tbc.wowhead.com/item=28968,NA,35,28,NULL,22,NULL,NA,NA,NA
NA,11,Mana-Etched Gloves,Mana-Etched Gloves,Rare,46.43,NULL,Hellfire Ramparts,Omor the Unscarred,1,https://tbc.wowhead.com/item=27465,NA,20,17,NULL,16,NULL,Red,Yellow,NA
NA,12,Flamehandler's Gloves,Flamehandler's Gloves,Uncommon,44.41,21.21,NA,Marking the Path,1,https://tbc.wowhead.com/item=25503,NA,19,11,16,NULL,NULL,NA,NA,NA
NA,13,Gladiator's Felweave Handguards,Gladiator's Felweave Handguards,Epic,42.15,NULL,Season 1,PvP,1,https://tbc.wowhead.com/item=30188,NA,32,14,NULL,21,NULL,NA,NA,NA
NA,14,Jaedenfire Gloves of Annihilation (Shadow),Jaedenfire Gloves of Annihilation (Shadow),Rare,41.75,NULL,Shadow Labyrinth,Ambassador Hellmaw,1,https://tbc.wowhead.com/item=27889,NA,39,25,NULL,NULL,NULL,NA,NA,NA
NA,15,Grips of the Void,Grips of the Void,Uncommon,40.31,NULL,NA,Enraged Spirits of Air,1,https://tbc.wowhead.com/item=30930,NA,35,11,NULL,10,NULL,NA,NA,NA
NA,NA,Waist,NA,NA,NULL,NULL,NA,NA,NULL,NA,NA,sp,int,hit,crit,haste,socket,NA,NA
NA,1,Lurker's Cord of the Wrath,Lurker's Cord of the Wrath,Epic,79,NULL,Karazhan,Hyakiss the Lurker,1,https://tbc.wowhead.com/item=30675/lurkers-cord,NA,79,NULL,NULL,NULL,NULL,NA,NA,NA
NA,2,Girdle of Ruination,Girdle of Ruination,Epic,66.63,NULL,Tailoring,Crafted,1,https://tbc.wowhead.com/item=24256,NA,39,13,NULL,20,NULL,Red,Yellow,NA
NA,3,Belt of Divine Inspiration,Belt of Divine Inspiration,Epic,63.86,NULL,Gruul's Lair,High King Maulgar,1,https://tbc.wowhead.com/item=28799,NA,43,26,NULL,NULL,NULL,Yellow,Blue,NA
NA,4,Belt of Depravity,Belt of Depravity,Epic,61.62,36.97,Arcatraz,Harbinger Skyriss,1,https://tbc.wowhead.com/item=29241,NA,34,27,17,NULL,NULL,NA,NA,NA
NA,5,Glyph-Lined Sash,Glyph-Lined Sash,Rare,54.22,NULL,Mana-Tombs,Nexus-Prince Shaffar,1,https://tbc.wowhead.com/item=27843,NA,30,23,NULL,9,NULL,Yellow,Yellow,NA
NA,6,Sash of Serpentra,Sash of Serpentra,Rare,51.96,27.31,Steamvault,Warlord Kalithresh,1,https://tbc.wowhead.com/item=27795,NA,25,21,17,NULL,NULL,NA,NA,NA
NA,7,Unyielding Girdle,Unyielding Girdle,Epic,50,NULL,Tailoring,Crafted,1,https://tbc.wowhead.com/item=24255,NA,32,NULL,NULL,NULL,NULL,Blue,Yellow,NA
NA,8,Lurker's Cord of Invoker,Lurker's Cord of Invoker,Epic,49.08,NULL,Karazhan,Hyakiss the Lurker,1,https://tbc.wowhead.com/item=30675/lurkers-cord,NA,34,29,NULL,29,NULL,NA,NA,NA
NA,9,Malefic Girdle,Malefic Girdle,Epic,48.47,NULL,Karazhan,Terestian Illhoof,1,https://tbc.wowhead.com/item=28654,NA,37,26,NULL,21,NULL,NA,NA,NA
NA,10,Eyestalk Waist Cord,Eyestalk Waist Cord,Epic,47.73,NULL,Classic,NA,0,https://tbc.wowhead.com/item=22730,NA,41,9,NULL,14,NULL,NA,NA,NA
NA,11,Sash of Sealed Fate,Sash of Sealed Fate,Rare,46.08,NULL,NA,World Drop,1,https://tbc.wowhead.com/item=31283,NA,35,15,NULL,23,NULL,NA,NA,NA
NA,12,Mindfire Waistband,Mindfire Waistband,Rare,45.85,NULL,Blood Furnace,Keli'dan the Breaker,1,https://tbc.wowhead.com/item=24395,NA,21,14,NULL,11,NULL,Yellow,Blue,NA
NA,13,A'dal's Gift,A'dal's Gift,Rare,45.36,NULL,NA,How to Break Into the Arcatraz,1,https://tbc.wowhead.com/item=31461,NA,34,25,NULL,21,NULL,NA,NA,NA
NA,14,Ethereal Sash,Ethereal Sash,Uncommon,44.39,18.29,NA,Gava'xi,1,https://tbc.wowhead.com/item=25637,NA,15,19,18,NULL,NULL,NA,NA,NA
NA,15,Akama's Sash,Akama's Sash,Rare,42.57,NULL,NA,Akama's Promise,1,https://tbc.wowhead.com/item=30932,NA,40,7,NULL,NULL,NULL,NA,NA,NA
NA,NA,Ring,NA,NA,NULL,NULL,NA,NA,NULL,NA,NA,sp,int,hit,crit,haste,socket,NA,NA
NA,1,Band of Crimson Fury,Band of Crimson Fury,Epic,53.62,30.42,Magtheridon's Lair,The Fall of Magtheridon,1,https://tbc.wowhead.com/item=28793,NA,28,22,16,NULL,NULL,NA,NA,NA
NA,2,Ashyen's Gift,Ashyen's Gift,Epic,53.45,23,Cenarion Expedition,Exalted,1,https://tbc.wowhead.com/item=29172,NA,23,NULL,21,NULL,NULL,NA,NA,NA
NA,3,Ring of the Fallen God,Ring of the Fallen God,Epic,49.26,37.66,Classic,NA,0,https://tbc.wowhead.com/item=21709,NA,37,6,8,NULL,NULL,NA,NA,NA
NA,4,Band of the Inevitable,Band of the Inevitable,Epic,47.6,36,Naxxramas,Noth the Plaguebringer,1,https://tbc.wowhead.com/item=23031,NA,36,NULL,8,NULL,NULL,NA,NA,NA
NA,5,Seal of the Exorcist,Seal of the Exorcist,Epic,45.4,28,Spirit Shard,PvP,1,https://tbc.wowhead.com/item=28555,NA,28,NULL,12,NULL,NULL,NA,NA,NA
NA,6,Sparking Arcanite Ring,Sparking Arcanite Ring,Rare,43.78,29.28,Old Hillsbrad Foothills,Epoch Hunter,1,https://tbc.wowhead.com/item=28227,NA,22,14,10,14,NULL,NA,NA,NA
NA,7,Ring of Recurrence,Ring of Recurrence,Epic,41.44,NULL,Karazhan,Chess Event,1,https://tbc.wowhead.com/item=28753,NA,32,15,NULL,19,NULL,NA,NA,NA
NA,8,Seer's Signet,Seer's Signet,Epic,38.92,NULL,The Scryers,Exalted,1,https://tbc.wowhead.com/item=29126,NA,34,NULL,NULL,12,NULL,NA,NA,NA
NA,9,Violet Signet of the Archmage,Violet Signet of the Archmage,Epic,38.5,NULL,Deadwind Pass,Eminence Among the Violet Eye,1,https://tbc.wowhead.com/item=29287,NA,29,23,NULL,17,NULL,NA,NA,NA
NA,10,Violet Signet,Violet Signet,Epic,37.39,NULL,Deadwind Pass,Distinguished Service,1,https://tbc.wowhead.com/item=29286,NA,28,22,NULL,17,NULL,NA,NA,NA
NA,11,Cobalt Band of Tyrigosa,Cobalt Band of Tyrigosa,Epic,36.87,NULL,Mana-Tombs,Nexus-Prince Shaffar,1,https://tbc.wowhead.com/item=29352,NA,35,17,NULL,NULL,NULL,NA,NA,NA
NA,12,Band of Dominion,Band of Dominion,Rare,36.61,NULL,NA,NA,1,https://tbc.wowhead.com/item=31290,NA,28,NULL,NULL,21,NULL,NA,NA,NA
NA,13,Manastorm Band,Manastorm Band,Rare,34.75,NULL,Netherstorm,Shutting Down Manaforge Ara,1,https://tbc.wowhead.com/item=30366,NA,29,15,NULL,10,NULL,NA,NA,NA
NA,14,Evoker's Mark of the Redemption,Evoker's Mark of the Redemption,Rare,34.75,NULL,Shadowmoon Valley,Dissension Amongst the Ranks...,1,https://tbc.wowhead.com/item=31075,NA,29,15,NULL,10,NULL,NA,NA,NA
NA,15,Violet Signet,Violet Signet,Epic,34.46,NULL,Deadwind Pass,Down the Violet Path,1,https://tbc.wowhead.com/item=29285,NA,26,21,NULL,15,NULL,NA,NA,NA
NA,NA,Legs,NA,NA,NULL,NULL,NA,NA,NULL,NA,NA,sp,int,hit,crit,haste,socket,NA,NA
NA,1,Spellstrike Pants,Spellstrike Pants,Epic,116.44,84.54,Tailoring,Crafted,1,https://tbc.wowhead.com/item=24262,NA,46,8,22,26,NULL,Blue,Yellow,Red
NA,2,Leggings of the Seventh Circle,Leggings of the Seventh Circle,Epic,115.77,89.67,Hellfire Peninsula,Doom Lord Kazzak,1,https://tbc.wowhead.com/item=30734,NA,50,22,18,25,NULL,Red,Yellow,Yellow
NA,3,Voidheart Leggings,Voidheart Leggings,Epic,88.08,63.43,Gruul's Lair,Gruul the Dragonkiller,1,https://tbc.wowhead.com/item=28966,NA,49,38,17,25,NULL,NA,NA,NA
NA,4,Breeches of the Occultist,Breeches of the Occultist,Epic,74.85,NULL,Black Morass,Aeonus,1,https://tbc.wowhead.com/item=30531,NA,36,22,NULL,23,NULL,Blue,Yellow,Yellow
NA,5,Kirin Tor Master's Trousers,Kirin Tor Master's Trousers,Epic,68.69,NULL,Shadow Labyrinth,Murmur,1,https://tbc.wowhead.com/item=30532,NA,36,29,NULL,NULL,NULL,Red,Yellow,Blue
NA,6,Battlecast Pants,Battlecast Pants,Epic,66.97,NULL,Tailoring,Crafted,1,https://tbc.wowhead.com/item=24263,NA,46,27,NULL,NULL,NULL,Red,Blue,NA
NA,7,Khadgar's Kilt of Abjuration,Khadgar's Kilt of Abjuration,Rare,66.92,NULL,Black Morass,Temporus,1,https://tbc.wowhead.com/item=28185,NA,36,22,NULL,NULL,NULL,Yellow,Blue,Blue
NA,8,Princely Reign Leggings,Princely Reign Leggings,Rare,63.38,37.28,Slave Pens,Mennu the Betrayer,1,https://tbc.wowhead.com/item=24359,NA,33,28,18,NULL,NULL,NA,NA,NA
NA,9,Aran's Sorcerous Slacks,Aran's Sorcerous Slacks,Rare,61.69,NULL,Old Hillsbrad Foothills,Lieutenant Drake,1,https://tbc.wowhead.com/item=28212,NA,23,28,NULL,21,NULL,Red,Yellow,Blue
NA,10,Trousers of Oblivion,Trousers of Oblivion,Rare,60.03,42.63,Sethekk Halls,Talon King Ikiss,1,https://tbc.wowhead.com/item=27948,NA,39,33,12,NULL,NULL,NA,NA,NA
NA,11,Devil-Stitched Leggings,Devil-Stitched Leggings,Rare,59.08,NULL,Botanica,Laj,1,https://tbc.wowhead.com/item=28338,NA,29,28,NULL,NULL,NULL,Red,Yellow,Blue
NA,12,Leggings of Polarity,Leggings of Polarity,Epic,57.02,NULL,Naxxramas,Thaddius,1,https://tbc.wowhead.com/item=23070,NA,44,14,NULL,28,NULL,NA,NA,NA
NA,13,Gladiator's Felweave Trousers,Gladiator's Felweave Trousers,Epic,56.23,NULL,Season 1,PvP,1,https://tbc.wowhead.com/item=30201,NA,42,25,NULL,28,NULL,NA,NA,NA
NA,14,Incanter's Trousers,Incanter's Trousers,Rare,54.38,NULL,Sethekk Halls,Talon King Ikiss,1,https://tbc.wowhead.com/item=27838,NA,42,30,NULL,18,NULL,NA,NA,NA
NA,15,Heap Leggings,Heap Leggings,Uncommon,53.79,32.04,NA,"It's a Fel Reaver, But with Heart",0,https://tbc.wowhead.com/item=30268,NA,28,14,15,NULL,NULL,NA,NA,NA
NA,NA,Feet,NA,NA,NULL,NULL,NA,NA,NULL,NA,NA,sp,int,hit,crit,haste,socket,NA,NA
NA,1,Glider's Foot-Wraps of Wrath,Glider's Foot-Wraps of Wrath,Epic,79,NULL,Karazhan,Shadikith the Glider,1,https://tbc.wowhead.com/item=30680/gliders-foot-wraps,NA,79,NULL,NULL,NULL,NULL,NA,NA,NA
NA,2,Frozen Shadoweave Boots (Shadow/Frost),Frozen Shadoweave Boots (Shadow/Frost),Epic,75.99,NULL,Tailoring,Crafted,1,https://tbc.wowhead.com/item=21870,NA,57,9,NULL,NULL,NULL,Yellow,Blue,NA
NA,3,Ruby Slippers,Ruby Slippers,Epic,61.39,38.19,Karazhan,The Crone,1,https://tbc.wowhead.com/item=28585,NA,35,29,16,NULL,NULL,NA,NA,NA
NA,4,Boots of Foretelling,Boots of Foretelling,Epic,54.32,NULL,Karazhan,Maiden of Virtue,1,https://tbc.wowhead.com/item=28517,NA,26,23,NULL,19,NULL,Red,Yellow,NA
NA,5,Extravagant Boots of Malice,Extravagant Boots of Malice,Rare,52.94,32.64,Mana-Tombs,Tavarok,1,https://tbc.wowhead.com/item=27821,NA,30,24,14,NULL,NULL,NA,NA,NA
NA,6,Shimmering Azure Boots,Shimmering Azure Boots,Uncommon,49.39,26.19,NA,Securing the Celestial Ridge,0,https://tbc.wowhead.com/item=29808,NA,23,19,16,NULL,NULL,NA,NA,NA
NA,7,Glider's Foot-Wraps of the Invoker,Glider's Foot-Wraps of the Invoker,Epic,49.08,NULL,Karazhan,Shadikith the Glider,1,https://tbc.wowhead.com/item=30680/gliders-foot-wraps,NA,34,29,NULL,29,NULL,NA,NA,NA
NA,8,Boots of the Nexus Warden,Boots of the Nexus Warden,Uncommon,48.97,22.87,NA,The Flesh Lies...,1,https://tbc.wowhead.com/item=30519,NA,21,17,18,NULL,NULL,NA,NA,NA
NA,9,Shattrath Jumpers,Shattrath Jumpers,Rare,48.87,NULL,NA,Into the Heart of the Labyrinth,1,https://tbc.wowhead.com/item=28179,NA,29,17,NULL,NULL,NULL,Blue,Yellow,NA
NA,10,Rocket Boots Xtreme Lite,Rocket Boots Xtreme Lite,Rare,47,NULL,Engineering,Crafted,1,https://tbc.wowhead.com/item=35581,NA,47,NULL,NULL,NULL,NULL,NA,NA,NA
NA,11,Sigil-Laced Boots,Sigil-Laced Boots,Rare,46.95,NULL,Arcatraz,Harbinger Skyriss,1,https://tbc.wowhead.com/item=28406,NA,20,18,NULL,17,NULL,Red,Yellow,NA
NA,12,Shalassi Oracle's Sandals,Shalassi Oracle's Sandals,Rare,44.46,NULL,NA,Rescue Deirom!,1,https://tbc.wowhead.com/item=25970,NA,18,21,NULL,15,NULL,Red,Yellow,NA
NA,13,Embroidered Spellpyre Boots,Embroidered Spellpyre Boots,Rare,43.31,NULL,Blood Furnace,Broggok,1,https://tbc.wowhead.com/item=27848,NA,41,21,NULL,NULL,NULL,NA,NA,NA
NA,14,General's Silk Footguards,General's Silk Footguards,Epic,40.37,NULL,Season 1,PvP,1,https://tbc.wowhead.com/item=28410,NA,28,23,NULL,24,NULL,NA,NA,NA
NA,15,Marshal's Silk Footguards,Marshal's Silk Footguards,Epic,40.37,NULL,NA,PvP,1,https://tbc.wowhead.com/item=29003,NA,28,23,NULL,24,NULL,NA,NA,NA
NA,NA,Trinket,NA,NA,NULL,NULL,NA,NA,NULL,NA,NA,sp,int,hit,crit,haste,socket,NA,NA
NA,1,Mark of the Champion (undead/demon),Mark of the Champion (undead/demon),Epic,85,NULL,NA,The Fall of Kel'Thuzad,1,https://tbc.wowhead.com/item=23207,NA,85,NULL,NULL,NULL,NULL,NA,NA,NA
NA,2,Quagmirran's Eye,Quagmirran's Eye,Rare,78.856,NULL,Slave Pens,Quagmirran,1,https://tbc.wowhead.com/item=27683,NA,37,NULL,NULL,NULL,38.4,NA,NA,NA
NA,3,Scryer's Bloodgem,Scryer's Bloodgem,Rare,71.4,25,The Scryers,Revered,1,https://tbc.wowhead.com/item=29132,NA,25,NULL,32,NULL,NULL,NA,NA,NA
NA,4,Eye of Magtheridon,Eye of Magtheridon,Epic,71,NULL,Magtheridon's Lair,Magtheridon,1,https://tbc.wowhead.com/item=28789,NA,71,NULL,NULL,NULL,NULL,NA,NA,NA
NA,5,Icon of the Silver Crescent,Icon of the Silver Crescent,Epic,69,NULL,Badge of Justice,G'eras,1,https://tbc.wowhead.com/item=29370,NA,69,NULL,NULL,NULL,NULL,NA,NA,NA
NA,6,Neltharion's Tear,Neltharion's Tear,Epic,67.2,44,Classic,NA,0,https://tbc.wowhead.com/item=19379,NA,44,NULL,16,NULL,NULL,NA,NA,NA
NA,7,Arcanist's Stone,Arcanist's Stone,Rare,65.25,29,Old Hillsbrad Foothills,Epoch Hunter,1,https://tbc.wowhead.com/item=28223,NA,29,NULL,25,NULL,NULL,NA,NA,NA
NA,8,The Restrained Essence of Sapphiron,The Restrained Essence of Sapphiron,Epic,62,NULL,Classic,NA,0,https://tbc.wowhead.com/item=23046,NA,62,NULL,NULL,NULL,NULL,NA,NA,NA
NA,9,Starkiller's Bauble,Starkiller's Bauble,Uncommon,58.53,20.83,NA,The Horrors of Pollution,0,https://tbc.wowhead.com/item=30340,NA,20.83,NULL,26,NULL,NULL,NA,NA,NA
NA,10,Shiffar's Nexus-Horn,Shiffar's Nexus-Horn,Rare,53.3,NULL,Arcatraz,Harbinger Skyriss,1,https://tbc.wowhead.com/item=28418,NA,41,NULL,NULL,30,NULL,NA,NA,NA
NA,11,Terokkar Tablet of Vim,Terokkar Tablet of Vim,Uncommon,45.9,14,Terokkar Forest,Torgos!,1,https://tbc.wowhead.com/item=25936,NA,14,NULL,22,NULL,NULL,NA,NA,NA
NA,12,Ancient Crystal Talisman,Ancient Crystal Talisman,Uncommon,43,NULL,Seer Janidi,A Spirit Ally?,1,https://tbc.wowhead.com/item=25620,NA,43,NULL,NULL,NULL,NULL,NA,NA,NA
NA,13,Xi'ri's Gift,Xi'ri's Gift,Rare,38.12,NULL,The Sha'tar,Revered,1,https://tbc.wowhead.com/item=29179,NA,25,NULL,NULL,32,NULL,NA,NA,NA
NA,14,Oculus of the Hidden Eye,Oculus of the Hidden Eye,Rare,33,NULL,Auchenai Crypts,Shirrak the Dead Watcher,1,https://tbc.wowhead.com/item=26055,NA,33,NULL,NULL,NULL,NULL,NA,NA,NA
NA,15,Scarab of the Infinite Cycle,Scarab of the Infinite Cycle,Rare,32.7,NULL,Black Morass,Aeonus,1,https://tbc.wowhead.com/item=28190,NA,NULL,NULL,NULL,NULL,30,NA,NA,NA
NA,NA,One Hand,NA,NA,NULL,NULL,NA,NA,NULL,NA,NA,sp,int,hit,crit,haste,socket,NA,NA
NA,1,Talon of the Tempest,Talon of the Tempest,Epic,233.94,220.89,Shadowmoon Valley,Doomwalker,1,https://tbc.wowhead.com/item=30723,NA,194,10,9,19,NULL,Yellow,Yellow,NA
NA,2,Bloodmaw Magus-Blade,Bloodmaw Magus-Blade,Epic,214.9,NULL,Gruul's Lair,Gruul the Dragonkiller,1,https://tbc.wowhead.com/item=28802,NA,203,15,NULL,25,NULL,NA,NA,NA
NA,3,Nathrezim Mindblade,Nathrezim Mindblade,Epic,214.41,NULL,Karazhan,Prince Malchezaar,1,https://tbc.wowhead.com/item=28770,NA,203,18,NULL,23,NULL,NA,NA,NA
NA,4,Gladiator's Spellblade,Gladiator's Spellblade,Epic,200.98,NULL,Season 1,PvP,1,https://tbc.wowhead.com/item=28297,NA,199,18,NULL,NULL,NULL,NA,NA,NA
NA,5,Illidari-Bane Mageblade (Demon),Illidari-Bane Mageblade (Demon),Rare,194.41,NULL,Shadowmoon Valley,Quenching the Blade,1,https://tbc.wowhead.com/item=30787,NA,185,11,NULL,20,NULL,NA,NA,NA
NA,6,Blade of Wizardry,Blade of Wizardry,Epic,192.136,NULL,NA,World Drop,1,https://tbc.wowhead.com/item=31336,NA,159,NULL,NULL,NULL,30.4,NA,NA,NA
NA,7,Eternium Runed Blade,Eternium Runed Blade,Epic,178.7,NULL,Blacksmithing,Crafted,1,https://tbc.wowhead.com/item=23554,NA,168,19,NULL,21,NULL,NA,NA,NA
NA,8,Stormcaller,Stormcaller,Epic,168.93,NULL,Quartermaster Urgronn,NA,1,https://tbc.wowhead.com/item=29155,NA,159,12,NULL,21,NULL,NA,NA,NA
NA,9,Blade of the Archmage,Blade of the Archmage,Epic,168.82,NULL,Logistics Officer,NA,1,https://tbc.wowhead.com/item=29153,NA,159,11,NULL,21,NULL,NA,NA,NA
NA,10,Greatsword of Horrid Dreams,Greatsword of Horrid Dreams,Rare,151.84,131.54,Shadow Labyrinth,Murmur,1,https://tbc.wowhead.com/item=27905,NA,130,14,14,NULL,NULL,NA,NA,NA
NA,11,Starlight Dagger,Starlight Dagger,Rare,145.85,122.65,Slave Pens,Mennu the Betrayer,1,https://tbc.wowhead.com/item=27543,NA,121,15,16,NULL,NULL,NA,NA,NA
NA,12,High Warlord's Spellblade,High Warlord's Spellblade,Rare,141.28,122.43,NA,PvP,1,https://tbc.wowhead.com/item=28931,NA,121,13,13,NULL,NULL,NA,NA,NA
NA,13,Grand Marshal's Spellblade,Grand Marshal's Spellblade,Rare,141.28,122.43,NA,PvP,1,https://tbc.wowhead.com/item=28957,NA,121,13,13,NULL,NULL,NA,NA,NA
NA,14,Continuum Blade,Continuum Blade,Rare,133.81,122.21,Keepers of Time,Revered,1,https://tbc.wowhead.com/item=29185,NA,121,11,8,NULL,NULL,NA,NA,NA
NA,15,Runesong Dagger,Runesong Dagger,Rare,130.41,NULL,Shattered Halls,Warbringer O'mrogg,1,https://tbc.wowhead.com/item=27868,NA,121,11,NULL,20,NULL,NA,NA,NA
NA,NA,Off Hand,NA,NA,NULL,NULL,NA,NA,NULL,NA,NA,sp,int,hit,crit,haste,socket,NA,NA
NA,1,Jewel of Infinite Possibilities,Jewel of Infinite Possibilities,Epic,55.43,24.98,Karazhan,Netherspite,1,https://tbc.wowhead.com/item=28734,NA,23,18,21,NULL,NULL,NA,NA,NA
NA,2,Orb of the Soul-Eater (Shadow),Orb of the Soul-Eater (Shadow),Epic,51,NULL,Badge of Justice,G'eras,1,https://tbc.wowhead.com/item=29272,NA,51,NULL,NULL,NULL,NULL,NA,NA,NA
NA,3,Khadgar's Knapsack,Khadgar's Knapsack,Epic,49,NULL,Badge of Justice,Weapons Vendor,1,https://tbc.wowhead.com/item=29273,NA,49,NULL,NULL,NULL,NULL,NA,NA,NA
NA,4,Lamp of Peaceful Radiance,Lamp of Peaceful Radiance,Rare,45.27,27.87,Arcatraz,Harbinger Skyriss,1,https://tbc.wowhead.com/item=28412,NA,21,14,12,13,NULL,NA,NA,NA
NA,5,Draenei Crystal Rod of Wrath,Draenei Crystal Rod of Wrath,Uncommon,45,NULL,NA,World Drop,1,https://tbc.wowhead.com/item=25099,NA,45,NULL,NULL,NULL,NULL,NA,NA,NA
NA,6,Star-Heart Lamp,Star-Heart Lamp,Rare,41.38,23.98,Black Morass,Temporus,1,https://tbc.wowhead.com/item=28187,NA,22,18,12,NULL,NULL,NA,NA,NA
NA,7,Karrog's Shard,Karrog's Shard,Rare,39.92,NULL,NA,NA,1,https://tbc.wowhead.com/item=32533,NA,35,NULL,NULL,12,NULL,NA,NA,NA
NA,8,Karaborian Talisman,Karaborian Talisman,Epic,37.53,NULL,Magtheridon's Lair,Magtheridon,1,https://tbc.wowhead.com/item=28781,NA,35,23,NULL,NULL,NULL,NA,NA,NA
NA,9,Talisman of Nightbane,Talisman of Nightbane,Epic,37.06,NULL,Karazhan,Nightbane,1,https://tbc.wowhead.com/item=28603,NA,28,19,NULL,17,NULL,NA,NA,NA
NA,10,Crystal Orb of Enlightenment,Crystal Orb of Enlightenment,Epic,34.76,NULL,Jho'nass,NA,1,https://tbc.wowhead.com/item=32651,NA,33,16,NULL,NULL,NULL,NA,NA,NA
NA,11,Sapphiron's Left Eye,Sapphiron's Left Eye,Epic,32.62,NULL,Naxxramas,Sapphiron,1,https://tbc.wowhead.com/item=23049,NA,26,8,NULL,14,NULL,NA,NA,NA
NA,12,The Saga of Terokk,The Saga of Terokk,Rare,30.53,NULL,NA,Terokk's Legacy,1,https://tbc.wowhead.com/item=29330,NA,28,23,NULL,NULL,NULL,NA,NA,NA
NA,13,Manual of the Nethermancer,Manual of the Nethermancer,Rare,30.44,NULL,Mechanar,Nethermancer Sepethrea,1,https://tbc.wowhead.com/item=28260,NA,21,15,NULL,19,NULL,NA,NA,NA
NA,14,Master Dragonslayer's Orb,Master Dragonslayer's Orb,Epic,29.54,NULL,Classic,NA,0,https://tbc.wowhead.com/item=19366,NA,28,14,NULL,NULL,NULL,NA,NA,NA
NA,15,Imbued Draenethyst Crystal,Imbued Draenethyst Crystal,Uncommon,29.49,NULL,NA,Teleport This!,0,https://tbc.wowhead.com/item=31699,NA,25,11,NULL,8,NULL,NA,NA,NA
NA,NA,Two Hand,NA,NA,NULL,NULL,NA,NA,NULL,NA,NA,sp,int,hit,crit,haste,socket,NA,NA
NA,1,Gladiator's War Staff,Gladiator's War Staff,Epic,248.06,217.61,Season 1,PvP,1,https://tbc.wowhead.com/item=24557,NA,199,35,21,36,NULL,NA,NA,NA
NA,2,Staff of Infinite Mysteries,Staff of Infinite Mysteries,Epic,223.96,190.61,Karazhan,The Curator,1,https://tbc.wowhead.com/item=28633,NA,185,51,23,NULL,NULL,NA,NA,NA
NA,3,"Atiesh, Greatstaff of the Guardian","Atiesh, Greatstaff of the Guardian",Legendary,197.67,NULL,Classic,NA,0,https://tbc.wowhead.com/item=22630,NA,183,29,NULL,28,NULL,NA,NA,NA
NA,4,Terokk's Shadowstaff,Terokk's Shadowstaff,Epic,187.79,NULL,Sethekk Halls,Talon King Ikiss,1,https://tbc.wowhead.com/item=29355,NA,168,42,NULL,37,NULL,NA,NA,NA
NA,5,High Warlord's War Staff,High Warlord's War Staff,Rare,165.6,136.6,NA,PvP,1,https://tbc.wowhead.com/item=28935,NA,121,30,20,30,NULL,NA,NA,NA
NA,6,Grand Marshal's War Staff,Grand Marshal's War Staff,Rare,165.6,136.6,NA,PvP,1,https://tbc.wowhead.com/item=28959,NA,121,30,20,30,NULL,NA,NA,NA
NA,7,Auchenai Staff,Auchenai Staff,Rare,164.27,136.72,Quartermaster Endarin,NA,1,https://tbc.wowhead.com/item=29130,NA,121,46,19,26,NULL,NA,NA,NA
NA,8,Warpstaff of Arcanum,Warpstaff of Arcanum,Rare,159.04,135.84,Botanica,Warp Splinter,1,https://tbc.wowhead.com/item=28341,NA,121,38,16,26,NULL,NA,NA,NA
NA,9,Grand Scepter of the Nexus-Kings,Grand Scepter of the Nexus-Kings,Rare,153.28,125.73,Mana-Tombs,Nexus-Prince Shaffar,1,https://tbc.wowhead.com/item=27842,NA,121,43,19,NULL,NULL,NA,NA,NA
NA,10,Ameer's Impulse Taser,Ameer's Impulse Taser,Rare,144.29,119.64,NA,Nexus-King Salhadaar,1,https://tbc.wowhead.com/item=30011,NA,103,27,17,27,NULL,NA,NA,NA
NA,11,The Bringer of Death,The Bringer of Death,Rare,141.63,NULL,NA,NA,1,https://tbc.wowhead.com/item=31308,NA,121,31,NULL,42,NULL,NA,NA,NA
NA,12,Soulseeker,Soulseeker,Epic,140.89,NULL,Naxxramas,Kel'Thuzad,0,https://tbc.wowhead.com/item=22799,NA,126,31,NULL,28,NULL,NA,NA,NA
NA,13,Brimstone Staff,Brimstone Staff,Epic,139.5,116.3,Naxxramas,Loatheb,1,https://tbc.wowhead.com/item=22800,NA,113,30,16,NULL,NULL,NA,NA,NA
NA,14,Bloodfire Greatstaff,Bloodfire Greatstaff,Rare,137.1,NULL,Black Morass,Aeonus,1,https://tbc.wowhead.com/item=28188,NA,121,42,NULL,28,NULL,NA,NA,NA
NA,15,Flaming Quartz Staff,Flaming Quartz Staff,Rare,136.72,NULL,Apex Crystal,Crafted,1,https://tbc.wowhead.com/item=32662,NA,121,46,NULL,26,NULL,NA,NA,NA
NA,NA,Ranged,NA,NA,NULL,NULL,NA,NA,NULL,NA,NA,sp,int,hit,crit,haste,socket,NA,NA
NA,1,Tirisfal Wand of Ascendancy,Tirisfal Wand of Ascendancy,Epic,31.94,15.99,Karazhan,Shade of Aran,1,https://tbc.wowhead.com/item=28673,NA,15,9,11,NULL,NULL,NA,NA,NA
NA,2,Nether Core's Control Rod,Nether Core's Control Rod,Rare,25.7,14.1,Arcatraz,Dalliah the Doomsayer,1,https://tbc.wowhead.com/item=28386,NA,13,10,8,NULL,NULL,NA,NA,NA
NA,3,Flawless Wand of Wrath,Flawless Wand of Wrath,Uncommon,25,NULL,NA,World Drop,1,https://tbc.wowhead.com/item=25295,NA,25,NULL,NULL,NULL,NULL,NA,NA,NA
NA,4,The Black Stalk,The Black Stalk,Epic,24.51,NULL,Underbog,The Black Stalker,1,https://tbc.wowhead.com/item=29350,NA,20,NULL,NULL,11,NULL,NA,NA,NA
NA,5,Wand of Fates,Wand of Fates,Epic,24.37,12.77,Naxxramas,Patchwerk,1,https://tbc.wowhead.com/item=22820,NA,12,7,8,NULL,NULL,NA,NA,NA
NA,6,Eredar Wand of Obliteration,Eredar Wand of Obliteration,Epic,22.95,NULL,Magtheridon's Lair,Magtheridon,1,https://tbc.wowhead.com/item=28783,NA,16,11,NULL,14,NULL,NA,NA,NA
NA,7,Voidfire Wand,Voidfire Wand,Rare,22.14,11.99,Mana-Tombs,Pandemonius,1,https://tbc.wowhead.com/item=25939,NA,11,9,7,NULL,NULL,NA,NA,NA
NA,8,Illidari Rod of Discipline,Illidari Rod of Discipline,Uncommon,22,NULL,NA,Subdue the Subduer,0,https://tbc.wowhead.com/item=32872,NA,13,NULL,NULL,NULL,NULL,Blue,NA,NA
NA,9,Doomfinger,Doomfinger,Epic,21.74,NULL,Naxxramas,Kel'Thuzad,1,https://tbc.wowhead.com/item=22821,NA,16,NULL,NULL,14,NULL,NA,NA,NA
NA,10,Wand of the Seer,Wand of the Seer,Rare,19.38,NULL,Terokkar Forest,Turning Point,1,https://tbc.wowhead.com/item=30859,NA,18,8,NULL,NULL,NULL,NA,NA,NA
NA,11,Nesingwary Safari Stick,Nesingwary Safari Stick,Rare,18.92,NULL,NA,The Ultimate Bloodsport,1,https://tbc.wowhead.com/item=25640,NA,14,NULL,NULL,12,NULL,NA,NA,NA
NA,12,Barrel-Blade Longrifle,Barrel-Blade Longrifle,Epic,18,NULL,Shadowmoon Valley,Doomwalker,1,https://tbc.wowhead.com/item=30724,NA,NULL,NULL,NULL,NULL,NULL,Red,Red,NA
NA,13,Nethekurse's Rod of Torment,Nethekurse's Rod of Torment,Rare,16.2,NULL,Hellfire Peninsula,Turning the Tide,1,https://tbc.wowhead.com/item=25806,NA,11,10,NULL,10,NULL,NA,NA,NA
NA,14,Rod of Dire Shadows,Rod of Dire Shadows,Rare,16.2,NULL,Hellfire Peninsula,The Will of the Warchief,1,https://tbc.wowhead.com/item=25808,NA,11,10,NULL,10,NULL,NA,NA,NA
NA,15,Wand of the Netherwing,Wand of the Netherwing,Rare,16,NULL,Shadow Labyrinth,Blackheart the Inciter,1,https://tbc.wowhead.com/item=27890,NA,16,NULL,NULL,NULL,NULL,NA,NA,NA
