Arcane Phase 1,...2,...3,...4,...5,Value Credit: https://cheesehyvel.github.io/magesim-tbc2/,...7,...8,...9,...10,...11,...12,...13,...14,...15,...16,...17,...18,...19,...20,...21
NA,NA,Item,Item,NA,EPV,"If Hit 
Capped",Location,NA,Phase,NA,NA,Stats,NULL,NULL,NULL,NULL,NULL,NA,NA,NA
NA,NA,Head,NA,NA,NULL,NULL,NA,NA,NULL,NA,NA,SP,int,spi,hit,crit,haste,socket,NA,NA
NA,1,Collar of the Aldor,Collar of the Aldor,Epic,93.648,NULL,Karazhan,Prince Malchezaar,1,https://tbc.wowhead.com/item=29076,NA,41,35,17,NULL,27,NULL,Meta,Blue,NA
NA,2,Incanter's Cowl,Incanter's Cowl,Rare,79.068,NULL,Mechanar,Pathaleon the Calculator,1,https://tbc.wowhead.com/item=28278,NA,29,27,17,NULL,19,NULL,Yellow,Meta,NA
NA,3,Mana-Binders Cowl,Mana-Binders Cowl,Epic,77.24,NULL,Badge of Justice,G'eras,1,https://tbc.wowhead.com/item=32089,NA,34,29,NULL,NULL,15,NULL,Yellow,Meta,NA
NA,4,Hood of Oblivion,Hood of Oblivion,Rare,76.685,NULL,Archatraz,Harbinger Skyriss,1,https://tbc.wowhead.com/item=28415,NA,40,32,NULL,NULL,NULL,NULL,Blue,Meta,NA
NA,5,Gladiator's Silk Cowl,Gladiator's Silk Cowl,Epic,71.57,NULL,Season 1,PvP,1,https://tbc.wowhead.com/item=25855,NA,37,15,NULL,NULL,18,NULL,Meta,Red,NA
NA,6,Hydromancer's Headwrap,Hydromancer's Headwrap,Rare,69.756,NULL,NA,The Warlord's Hideout,1,https://tbc.wowhead.com/item=28183,NA,33,27,NULL,NULL,NULL,NULL,Blue,Meta,NA
NA,7,Mana-Etched Crown,Mana-Etched Crown,Rare,66.071,NULL,Black Morass,Aeonus,1,https://tbc.wowhead.com/item=28193,NA,34,20,NULL,NULL,NULL,NULL,Red,Meta,NA
NA,8,Exorcist's Silk Hood,Exorcist's Silk Hood,Rare,64.162,NULL,Spirit Shard,PvP,1,https://tbc.wowhead.com/item=28760,NA,29,14,NULL,NULL,25,NULL,Meta,NA,NA
NA,9,Uni-Mind Headdress,Uni-Mind Headdress,Epic,64.023,59.387,Karazhan,Netherspite,1,https://tbc.wowhead.com/item=28744,NA,46,40,NULL,19,25,NULL,NA,NA,NA
NA,10,Grand Marshal's Silk Cowl,Grand Marshal's Silk Cowl,Rare,63.997,NULL,NA,PvP,1,https://tbc.wowhead.com/item=28715,NA,23,16,NULL,NULL,17,NULL,Meta,Red,NA
NA,11,High Warlord's Silk Cowl,High Warlord's Silk Cowl,Rare,63.997,NULL,NA,PvP,1,https://tbc.wowhead.com/item=28867,NA,23,16,NULL,NULL,17,NULL,Meta,Red,NA
NA,12,Evoker's Silk Cowl,Evoker's Silk Cowl,Rare,63.997,NULL,NA,Nakodu,1,https://tbc.wowhead.com/item=35344,NA,23,16,NULL,NULL,17,NULL,Meta,Red,NA
NA,13,Exorcist's Dreadweave Hood,Exorcist's Dreadweave Hood,Rare,61.303,NULL,Spirit Shard,PvP,1,https://tbc.wowhead.com/item=28759,NA,29,25,NULL,NULL,NULL,NULL,Meta,NA,NA
NA,14,Spellstrike Hood,Spellstrike Hood,Epic,60.981,57.077,Tailoring,Crafted,1,https://tbc.wowhead.com/item=24266,NA,46,12,NULL,16,24,NULL,Blue,Yellow,Red
NA,15,Collar of Cho'gall,Collar of Cho'gall,Epic,59.692,NULL,Gruul's Lair,Gruul the Dragonkiller,1,https://tbc.wowhead.com/item=28804,NA,68,36,NULL,NULL,NULL,NULL,NA,NA,NA
NA,NA,Neck,NA,NA,NULL,NULL,NA,NA,NULL,NA,NA,SP,int,spi,hit,crit,haste,socket,NA,NA
NA,1,Chain of the Twilight Owl (GROUP BUFF),Chain of the Twilight Owl (GROUP BUFF),Rare,40.00548,NULL,Jewelcrafting,Crafted,1,https://tbc.wowhead.com/item=24121,NA,21,19,NULL,NULL,44.08,NULL,NA,NA,NA
NA,2,Adornment of Stolen Souls,Adornment of Stolen Souls,Epic,36.479,NULL,Karazhan,Prince Malchezaar,1,https://tbc.wowhead.com/item=28762,NA,28,20,NULL,NULL,23,NULL,NA,NA,NA
NA,3,Eye of the Night (GROUP BUFF),Eye of the Night (GROUP BUFF),Rare,32.748,28.844,Jewelcrafting,Crafted,1,https://tbc.wowhead.com/item=24116,NA,34,NULL,NULL,16,26,NULL,NA,NA,NA
NA,4,Brooch of Unquenchable Fury,Brooch of Unquenchable Fury,Epic,30.868,27.208,Karazhan,Moroes,1,https://tbc.wowhead.com/item=28530,NA,26,21,NULL,15,NULL,NULL,NA,NA,NA
NA,5,Torc of the Sethekk Prophet,Torc of the Sethekk Prophet,Rare,29.492,NULL,Terokkar Forest,Brother Against Brother,1,https://tbc.wowhead.com/item=29333,NA,19,18,NULL,NULL,21,NULL,NA,NA,NA
NA,6,Natasha's Ember Necklace,Natasha's Ember Necklace,Rare,29.053,NULL,NA,The Hound-Master,1,https://tbc.wowhead.com/item=31692,NA,29,15,NULL,NULL,10,NULL,NA,NA,NA
NA,7,Choker of the Arctic Flow,Choker of the Arctic Flow,Epic,28.928,NULL,NA,NA,1,https://tbc.wowhead.com/item=35508,NA,28,22,NULL,NULL,NULL,NULL,NA,NA,NA
NA,8,Brooch of Heightened Potential,Brooch of Heightened Potential,Rare,28.268,26.072,Shadow Labyrinth,Blackheart the Inciter,1,https://tbc.wowhead.com/item=28134,NA,22,14,NULL,9,14,NULL,NA,NA,NA
NA,9,Charlotte's Ivy,Charlotte's Ivy,Epic,27.867,NULL,NA,World Drop,1,https://tbc.wowhead.com/item=31338,NA,23,19,14,NULL,NULL,NULL,NA,NA,NA
NA,10,Warp Engineer's Prismatic Chain,Warp Engineer's Prismatic Chain,Rare,27.587,NULL,Mechanar,Mechano-Lord Capacitus,1,https://tbc.wowhead.com/item=28254,NA,19,18,NULL,NULL,16,NULL,NA,NA,NA
NA,11,Luminous Pearls of Insight,Luminous Pearls of Insight,Rare,27.206,NULL,The Underbog,Ghaz'an,1,https://tbc.wowhead.com/item=24462,NA,25,15,NULL,NULL,11,NULL,NA,NA,NA
NA,12,Pendant of Dominance,Pendant of Dominance,Epic,26.767,NULL,NA,PvP,1,https://tbc.wowhead.com/item=28245,NA,26,12,NULL,NULL,NULL,NULL,Yellow,NA,NA
NA,13,Omor's Unyielding Will,Omor's Unyielding Will,Rare,25.439,NULL,Hellfire Ramparts,Omor the Unscarred,1,https://tbc.wowhead.com/item=27464,NA,25,19,NULL,NULL,NULL,NULL,NA,NA,NA
NA,14,Hydra-fang Necklace,Hydra-fang Necklace,Rare,24.183,20.279,Underbog,Ghaz'an,1,https://tbc.wowhead.com/item=27758,NA,19,16,NULL,16,NULL,NULL,NA,NA,NA
NA,15,Amulet of Vek'nilash,Amulet of Vek'nilash,Epic,23.403,NULL,Classic,NA,0,https://tbc.wowhead.com/item=21608,NA,27,5,NULL,NULL,14,NULL,NA,NA,NA
NA,NA,Shoulders,NA,NA,NULL,NULL,NA,NA,NULL,NA,NA,SP,int,spi,hit,crit,haste,socket,NA,NA
NA,1,Pauldrons of the Aldor,Pauldrons of the Aldor,Epic,50.584,NULL,Gruul's Lair,High King Maulgar,1,https://tbc.wowhead.com/item=29079,NA,27,26,16,NULL,15,NULL,Yellow,Red,NA
NA,2,Gladiator's Silk Amice,Gladiator's Silk Amice,Epic,40.681,NULL,Season 1,PvP,1,https://tbc.wowhead.com/item=25854,NA,32,13,NULL,NULL,13,NULL,Blue,Yellow,NA
NA,3,Mana-Etched Spaulders,Mana-Etched Spaulders,Rare,37.564,NULL,Slave Pens,Quagmirran,1,https://tbc.wowhead.com/item=27796,NA,20,17,NULL,NULL,16,NULL,Yellow,Red,NA
NA,4,Mantle of the Mind Flayer,Mantle of the Mind Flayer,Epic,37.069,NULL,Karazhan,Shade of Aran,1,https://tbc.wowhead.com/item=28726,NA,35,29,NULL,NULL,NULL,NULL,NA,NA,NA
NA,5,Grand Marshal's Silk Amice,Grand Marshal's Silk Amice,Rare,36.695,NULL,NA,PvP,1,https://tbc.wowhead.com/item=28714,NA,25,16,NULL,NULL,8,NULL,Blue,Yellow,NA
NA,6,High Warlord's Silk Amice,High Warlord's Silk Amice,Rare,36.695,NULL,NA,PvP,1,https://tbc.wowhead.com/item=28866,NA,25,16,NULL,NULL,8,NULL,Blue,Yellow,NA
NA,7,Evoker's Silk Amice,Evoker's Silk Amice,Rare,36.695,NULL,Quartermaster Urgronn,NA,1,https://tbc.wowhead.com/item=35343,NA,25,16,NULL,NULL,8,NULL,Blue,Yellow,NA
NA,8,Evoker's Silk Amice,Evoker's Silk Amice,Rare,36.695,NULL,Logistics Officer,NA,1,https://tbc.wowhead.com/item=35465,NA,25,16,NULL,NULL,8,NULL,Blue,Yellow,NA
NA,9,Spaulders of Oblivion,Spaulders of Oblivion,Rare,36.481,NULL,Shadow Labyrinth,Murmur,1,https://tbc.wowhead.com/item=27778,NA,29,17,NULL,NULL,NULL,NULL,Yellow,Blue,NA
NA,10,Mana-Sphere Shoulderguards,Mana-Sphere Shoulderguards,Rare,36.21,NULL,Arcatraz,Zereketh the Unbound,1,https://tbc.wowhead.com/item=28374,NA,29,26,17,NULL,NULL,NULL,NA,NA,NA
NA,11,Incanter's Pauldrons,Incanter's Pauldrons,Rare,35.516,NULL,Steamvault,Warlord Kalithresh,1,https://tbc.wowhead.com/item=27738,NA,20,17,16,NULL,NULL,NULL,Yellow,Red,NA
NA,12,Spaulders of the Torn-heart,Spaulders of the Torn-heart,Rare,35.404,NULL,NA,The Cipher of Damnation - The Third Fragment Recovered,1,https://tbc.wowhead.com/item=30925,NA,40,7,8,NULL,18,NULL,NA,NA,NA
NA,13,Rime Covered Mantle,Rime Covered Mantle,Epic,34.329,NULL,Naxxramas,Gluth,1,https://tbc.wowhead.com/item=22983,NA,39,12,NULL,NULL,14,NULL,NA,NA,NA
NA,14,Mantle of Three Terrors,Mantle of Three Terrors,Rare,34.231,31.303,Black Morass,Chrono Lord Deja,1,https://tbc.wowhead.com/item=27994,NA,29,25,NULL,12,NULL,NULL,NA,NA,NA
NA,15,Destroyers' Mantle,Destroyers' Mantle,Rare,32.22,NULL,NA,Natural Remedies,1,https://tbc.wowhead.com/item=28075,NA,35,12,8,NULL,9,NULL,NA,NA,NA
NA,NA,Back,NA,NA,NULL,NULL,NA,NA,NULL,NA,NA,SP,int,spi,hit,crit,haste,socket,NA,NA
NA,1,Brute Cloak of the Ogre-Magi,Brute Cloak of the Ogre-Magi,Epic,36.479,NULL,Gruul's Lair,High King Maulgar,1,https://tbc.wowhead.com/item=28797,NA,28,20,NULL,NULL,23,NULL,NA,NA,NA
NA,2,Ancient Spellcloak of the Highborne,Ancient Spellcloak of the Highborne,Epic,36.381,NULL,Hellfire Peninsula,Doom Lord Kazzak,1,https://tbc.wowhead.com/item=30735,NA,36,15,NULL,NULL,19,NULL,NA,NA,NA
NA,3,Ruby Drape of the Mysticant,Ruby Drape of the Mysticant,Epic,33.828,29.436,Karazhan,Prince Malchezaar,1,https://tbc.wowhead.com/item=28766,NA,30,21,NULL,18,NULL,NULL,NA,NA,NA
NA,4,Shadow-Cloak of Dalaran,Shadow-Cloak of Dalaran,Epic,30.96,NULL,Karazhan,Moroes,1,https://tbc.wowhead.com/item=28570,NA,36,18,NULL,NULL,NULL,NULL,NA,NA,NA
NA,5,Ogre Slayer's Cover,Ogre Slayer's Cover,Rare,30.927,NULL,Nagrand,Cho'war the Pillager,1,https://tbc.wowhead.com/item=25777,NA,20,18,11,NULL,16,NULL,NA,NA,NA
NA,6,Shawl of Shifting Probabilities,Shawl of Shifting Probabilities,Epic,29.775,NULL,Badge of Justice,G'eras,1,https://tbc.wowhead.com/item=29369,NA,21,16,NULL,NULL,22,NULL,NA,NA,NA
NA,7,Cloak of the Necropolis,Cloak of the Necropolis,Epic,28.434,26.482,Naxxramas,Sapphiron,1,https://tbc.wowhead.com/item=23050,NA,26,11,NULL,8,14,NULL,NA,NA,NA
NA,8,Terokk's Wisdom,Terokk's Wisdom,Epic,28.077,NULL,Terokkar Forest,Terokk,1,https://tbc.wowhead.com/item=32541,NA,33,16,NULL,NULL,NULL,NULL,NA,NA,NA
NA,9,Cloak of Woven Energy,Cloak of Woven Energy,Rare,27.076,NULL,Netherstorm,Hitting the Motherlode,1,https://tbc.wowhead.com/item=29813,NA,29,13,3,NULL,6,NULL,NA,NA,NA
NA,10,Baba's Cloak of Arcanistry,Baba's Cloak of Arcanistry,Rare,26.678,NULL,Mechanar,Pathaleon the Calculator,1,https://tbc.wowhead.com/item=28269,NA,22,15,NULL,NULL,14,NULL,NA,NA,NA
NA,11,Illidari Cloak of Wrath,Illidari Cloak of Wrath,Rare,26.179,NULL,NA,World Drop,1,https://tbc.wowhead.com/item=31201,NA,47,NULL,NULL,NULL,NULL,NULL,NA,NA,NA
NA,12,Cloak of the Black Void,Cloak of the Black Void,Rare,26.161,NULL,Tailoring,Crafted,1,https://tbc.wowhead.com/item=24252,NA,35,11,NULL,NULL,NULL,NULL,NA,NA,NA
NA,13,Sethekk Oracle Cloak,Sethekk Oracle Cloak,Rare,26.09,23.162,Sethekk Halls,Talon King Ikiss,1,https://tbc.wowhead.com/item=27981,NA,22,18,NULL,12,NULL,NULL,NA,NA,NA
NA,14,Embroidered Cape of Mysteries,Embroidered Cape of Mysteries,Rare,26.045,NULL,Blood Furnace,The Maker,1,https://tbc.wowhead.com/item=27485,NA,25,20,NULL,NULL,NULL,NULL,NA,NA,NA
NA,15,Cloak of the Devoured,Cloak of the Devoured,Epic,24.722,22.77,Classic,NA,0,https://tbc.wowhead.com/item=22731,NA,30,10,NULL,8,NULL,NULL,NA,NA,NA
NA,NA,Chest,NA,NA,NULL,NULL,NA,NA,NULL,NA,NA,SP,int,spi,hit,crit,haste,socket,NA,NA
NA,1,Spellfire Robe (Fire/Arcane),Spellfire Robe (Fire/Arcane),Epic,71.1,NULL,Tailoring,Crafted,1,https://tbc.wowhead.com/item=21848,NA,72,17,NULL,NULL,28,NULL,Yellow,Blue,NA
NA,2,Vestments of the Aldor,Vestments of the Aldor,Epic,65.266,NULL,Magtheridon's Lair,Magtheridon,1,https://tbc.wowhead.com/item=29077,NA,49,32,14,NULL,NULL,NULL,Yellow,Blue,Blue
NA,3,Will of Edward the Odd,Will of Edward the Odd,Epic,59.131,NULL,NA,World Drop,1,https://tbc.wowhead.com/item=31340,NA,53,30,NULL,NULL,30,NULL,NA,NA,NA
NA,4,Anchorite's Robes,Anchorite's Robes,Rare,58.774,NULL,Quartermaster Endarin,NA,1,https://tbc.wowhead.com/item=29129,NA,29,38,18,NULL,NULL,NULL,Yellow,Blue,Yellow
NA,5,Gladiator's Silk Raiment,Gladiator's Silk Raiment,Epic,53.296,NULL,Season 1,PvP,1,https://tbc.wowhead.com/item=25856,NA,32,18,NULL,NULL,25,NULL,Red,Yellow,Yellow
NA,6,Robe of the Great Dark Beyond,Robe of the Great Dark Beyond,Rare,53.22,NULL,Mana-Tombs,Tavarok,1,https://tbc.wowhead.com/item=27824,NA,39,30,18,NULL,23,NULL,NA,NA,NA
NA,7,Incanter's Robe,Incanter's Robe,Rare,53.138,NULL,Botanica,Warp Splinter,1,https://tbc.wowhead.com/item=28229,NA,29,22,22,NULL,8,NULL,Yellow,Yellow,Red
NA,8,Mana-Etched Vestments,Mana-Etched Vestments,Rare,52.819,NULL,Old Hillsbrad Foothills,Epoch Hunter,1,https://tbc.wowhead.com/item=28191,NA,29,25,NULL,NULL,17,NULL,Red,Blue,Yellow
NA,9,Warp Infused Drape,Warp Infused Drape,Rare,51.645,48.717,Botanica,Warp Splinter,1,https://tbc.wowhead.com/item=28342,NA,30,28,NULL,12,NULL,NULL,Red,Blue,Yellow
NA,10,Auchenai Anchorite's Robe,Auchenai Anchorite's Robe,Rare,50.791,45.179,Terokkar Forest,Everything Will Be Alright,1,https://tbc.wowhead.com/item=29341,NA,28,24,NULL,23,NULL,NULL,Yellow,Yellow,Red
NA,11,Robe of the Elder Scribes,Robe of the Elder Scribes,Epic,50.614,NULL,Karazhan,Nightbane,1,https://tbc.wowhead.com/item=28602,NA,32,29,24,NULL,24,NULL,NA,NA,NA
NA,12,Robe of Oblivion,Robe of Oblivion,Rare,49.439,NULL,Shadow Labyrinth,Murmur,1,https://tbc.wowhead.com/item=28232,NA,40,20,NULL,NULL,NULL,NULL,Red,Yellow,Blue
NA,13,Robe of the Crimson Order,Robe of the Crimson Order,Rare,49.108,41.788,NA,NA,1,https://tbc.wowhead.com/item=31297,NA,50,23,NULL,30,NULL,NULL,NA,NA,NA
NA,14,Bloodfyre Robes of Annihilation,Bloodfyre Robes of Annihilation,Rare,46.44,NULL,Mechanar,Cache of the Legion,1,https://tbc.wowhead.com/item=28252,NA,54,27,NULL,NULL,NULL,NULL,NA,NA,NA
NA,15,Vermillion Robes of the Dominant,Vermillion Robes of the Dominant,Rare,46.32,43.392,Steamvault,Warlord Kalithresh,1,https://tbc.wowhead.com/item=27799,NA,42,33,NULL,12,NULL,NULL,NA,NA,NA
NA,NA,Wrist,NA,NA,NULL,NULL,NA,NA,NULL,NA,NA,SP,int,spi,hit,crit,haste,socket,NA,NA
NA,1,Ravager's Cuffs of the Invoker,Ravager's Cuffs of the Invoker,Epic,35.639,NULL,Karazhan,Rokad the Ravager,1,https://tbc.wowhead.com/item=30684/ravagers-cuffs,NA,25,22,NULL,NULL,22,NULL,NA,NA,NA
NA,2,Ravager's Cuffs of Wrath,Ravager's Cuffs of Wrath,Epic,32.863,NULL,Karazhan,Rokad the Ravager,1,https://tbc.wowhead.com/item=30684/ravagers-cuffs,NA,59,NULL,NULL,NULL,NULL,NULL,NA,NA,NA
NA,3,Bands of Nefarious Deeds,Bands of Nefarious Deeds,Epic,31.156,NULL,Karazhan,Maiden of Virtue,1,https://tbc.wowhead.com/item=28515,NA,32,22,NULL,NULL,NULL,NULL,NA,NA,NA
NA,4,General's Silk Cuffs,General's Silk Cuffs,Epic,31.027,NULL,Season 1,PvP,1,https://tbc.wowhead.com/item=28411,NA,20,17,NULL,NULL,12,NULL,Yellow,NA,NA
NA,5,Marshal's Silk Cuffs,Marshal's Silk Cuffs,Epic,31.027,NULL,NA,PvP,1,https://tbc.wowhead.com/item=29002,NA,20,17,NULL,NULL,12,NULL,Yellow,NA,NA
NA,6,Harbinger Bands,Harbinger Bands,Epic,30.75,NULL,Karazhan,Attumen the Huntsman,1,https://tbc.wowhead.com/item=28477,NA,26,21,14,NULL,NULL,NULL,NA,NA,NA
NA,7,Bands of Rarefied Magic,Bands of Rarefied Magic,Epic,30.699,NULL,Shattered Halls,Warchief Kargath Bladefist,1,https://tbc.wowhead.com/item=29255,NA,25,21,16,NULL,NULL,NULL,NA,NA,NA
NA,8,Bands of Negation,Bands of Negation,Epic,29.485,NULL,Mana-Tombs,Nexus-Prince Shaffar,1,https://tbc.wowhead.com/item=29240,NA,29,22,NULL,NULL,NULL,NULL,NA,NA,NA
NA,9,Bracers of Havok,Bracers of Havok,Rare,28.995,NULL,Tailoring,Crafted,1,https://tbc.wowhead.com/item=24250,NA,30,12,NULL,NULL,NULL,NULL,Yellow,NA,NA
NA,10,Ravager's Cuffs of the Sorcerer,Ravager's Cuffs of the Sorcerer,Epic,27.257,NULL,Karazhan,Rokad the Ravager,1,https://tbc.wowhead.com/item=30684/ravagers-cuffs,NA,25,22,NULL,NULL,NULL,NULL,NA,NA,NA
NA,11,Illidari Bindings of Wrath,Illidari Bindings of Wrath,Rare,26.179,NULL,Shadowmoon Valley,Ambassador Jerrikar,1,https://tbc.wowhead.com/item=31225/illidari-bindings,NA,47,NULL,NULL,NULL,NULL,NULL,NA,NA,NA
NA,12,Crimson Bracers of Gloom,Crimson Bracers of Gloom,Rare,26.09,23.162,Hellfire Ramparts,Omor the Unscarred,1,https://tbc.wowhead.com/item=27462,NA,22,18,NULL,12,NULL,NULL,NA,NA,NA
NA,13,Bands of Nethekurse,Bands of Nethekurse,Rare,25.894,NULL,Shattered Halls,Grand Warlock Nethekurse,1,https://tbc.wowhead.com/item=27517,NA,21,18,13,NULL,NULL,NULL,NA,NA,NA
NA,14,Arcanium Signet Bands,Arcanium Signet Bands,Rare,25.8,NULL,Underbog,Hungarfen,1,https://tbc.wowhead.com/item=27746,NA,30,15,NULL,NULL,NULL,NULL,NA,NA,NA
NA,15,Shattrath Wraps,Shattrath Wraps,Rare,25.8,NULL,NA,The Soul Devices,1,https://tbc.wowhead.com/item=28174,NA,21,15,NULL,NULL,NULL,NULL,Red,NA,NA
NA,NA,Hands,NA,NA,NULL,NULL,NA,NA,NULL,NA,NA,SP,int,spi,hit,crit,haste,socket,NA,NA
NA,1,Spellfire Gloves (Fire/Arcane),Spellfire Gloves (Fire/Arcane),Epic,52.699,NULL,Tailoring,Crafted,1,https://tbc.wowhead.com/item=21847,NA,50,10,NULL,NULL,23,NULL,Yellow,Blue,NA
NA,2,Soul-Eater's Handwraps,Soul-Eater's Handwraps,Epic,52.623,NULL,Magtheridon's Lair,Magtheridon,1,https://tbc.wowhead.com/item=28780,NA,36,24,NULL,NULL,21,NULL,Yellow,Blue,NA
NA,3,Gloves of the Aldor,Gloves of the Aldor,Epic,49.021,44.873,Karazhan,The Curator,1,https://tbc.wowhead.com/item=29080,NA,35,22,19,17,19,NULL,NA,NA,NA
NA,4,Handwraps of Flowing Thought,Handwraps of Flowing Thought,Epic,46.269,42.853,Karazhan,Attumen the Huntsman,1,https://tbc.wowhead.com/item=28507,NA,35,22,NULL,14,NULL,NULL,Yellow,Blue,NA
NA,5,Anger-Spark Gloves,Anger-Spark Gloves,Epic,41.141,36.261,Shadowmoon Valley,Doomwalker,1,https://tbc.wowhead.com/item=30725,NA,30,NULL,NULL,20,25,NULL,Red,Red,NA
NA,6,Incanter's Gloves,Incanter's Gloves,Rare,39.067,NULL,Steamvault,Hydromancer Thespia,1,https://tbc.wowhead.com/item=27508,NA,29,24,12,NULL,14,NULL,NA,NA,NA
NA,7,Tempest's Touch,Tempest's Touch,Rare,38.703,NULL,NA,Return to Andormu,1,https://tbc.wowhead.com/item=29317,NA,27,20,6,NULL,NULL,NULL,Blue,Blue,NA
NA,8,Mana-Etched Gloves,Mana-Etched Gloves,Rare,37.564,NULL,Hellfire Ramparts,Omor the Unscarred,1,https://tbc.wowhead.com/item=27465,NA,20,17,NULL,NULL,16,NULL,Red,Yellow,NA
NA,9,Gloves of the High Magus,Gloves of the High Magus,Rare,36.302,NULL,NA,News of Victory,1,https://tbc.wowhead.com/item=30924,NA,26,18,10,NULL,22,NULL,NA,NA,NA
NA,10,Gloves of the Deadwatcher,Gloves of the Deadwatcher,Rare,35.089,30.697,Auchenai Crypts,Shirrak the Dead Watcher,1,https://tbc.wowhead.com/item=27493,NA,29,24,NULL,18,NULL,NULL,NA,NA,NA
NA,11,Energis Armwraps,Energis Armwraps,Rare,34.694,NULL,Botanica,High Botanist Freywinn,1,https://tbc.wowhead.com/item=28317,NA,34,26,NULL,NULL,NULL,NULL,NA,NA,NA
NA,12,Gladiator's Silk Handguards,Gladiator's Silk Handguards,Epic,34.309,NULL,Season 1,PvP,1,https://tbc.wowhead.com/item=25857,NA,32,14,NULL,NULL,21,NULL,NA,NA,NA
NA,13,Gloves of Pandemonium,Gloves of Pandemonium,Rare,33.837,31.397,NA,World Drop,1,https://tbc.wowhead.com/item=31149,NA,25,15,NULL,10,22,NULL,NA,NA,NA
NA,14,Manaspark Gloves,Manaspark Gloves,Rare,33.612,29.952,The Underbog,Hungarfen,1,https://tbc.wowhead.com/item=24450,NA,16,14,10,15,NULL,NULL,Red,Yellow,NA
NA,15,Gloves of Oblivion,Gloves of Oblivion,Rare,32.088,27.208,Shattered Halls,Warchief Kargath Bladefist,1,https://tbc.wowhead.com/item=27537,NA,26,21,NULL,20,NULL,NULL,NA,NA,NA
NA,NA,Waist,NA,NA,NULL,NULL,NA,NA,NULL,NA,NA,SP,int,spi,hit,crit,haste,socket,NA,NA
NA,1,Spellfire Belt (Fire/Arcane),Spellfire Belt (Fire/Arcane),Epic,55.642,NULL,Tailoring,Crafted,1,https://tbc.wowhead.com/item=21846,NA,50,18,NULL,NULL,18,NULL,Yellow,Blue,NA
NA,2,Belt of Divine Inspiration,Belt of Divine Inspiration,Epic,49.733,NULL,Gruul's Lair,High King Maulgar,1,https://tbc.wowhead.com/item=28799,NA,43,26,NULL,NULL,NULL,NULL,Yellow,Blue,NA
NA,3,Lurker's Cord of Invoker,Lurker's Cord of Invoker,Epic,47.561,NULL,Karazhan,Hyakiss the Lurker,1,https://tbc.wowhead.com/item=30675/lurkers-cord,NA,34,29,NULL,NULL,29,NULL,NA,NA,NA
NA,4,Girdle of Ruination,Girdle of Ruination,Epic,47.247,NULL,Tailoring,Crafted,1,https://tbc.wowhead.com/item=24256,NA,39,13,NULL,NULL,20,NULL,Red,Yellow,NA
NA,5,Malefic Girdle,Malefic Girdle,Epic,44.366,NULL,Karazhan,Terestian Illhoof,1,https://tbc.wowhead.com/item=28654,NA,37,26,NULL,NULL,21,NULL,NA,NA,NA
NA,6,Glyph-Lined Sash,Glyph-Lined Sash,Rare,44.103,NULL,Mana-Tombs,Nexus-Prince Shaffar,1,https://tbc.wowhead.com/item=27843,NA,30,23,NULL,NULL,9,NULL,Yellow,Yellow,NA
NA,7,Lurker's Cord of the Wrath,Lurker's Cord of the Wrath,Epic,44.003,NULL,Karazhan,Hyakiss the Lurker,1,https://tbc.wowhead.com/item=30675/lurkers-cord,NA,79,NULL,NULL,NULL,NULL,NULL,NA,NA,NA
NA,8,Nethershard Girdle,Nethershard Girdle,Epic,43.241,NULL,Karazhan,Moroes,1,https://tbc.wowhead.com/item=28565,NA,35,30,22,NULL,NULL,NULL,NA,NA,NA
NA,9,Sash of Arcane Visions,Sash of Arcane Visions,Epic,42.723,NULL,Auchenai Crypts,Exarch Maladaar,1,https://tbc.wowhead.com/item=29257,NA,28,23,19,NULL,22,NULL,NA,NA,NA
NA,10,A'dal's Gift,A'dal's Gift,Rare,42.089,NULL,NA,How to Break Into the Arcatraz,1,https://tbc.wowhead.com/item=31461,NA,34,25,NULL,NULL,21,NULL,NA,NA,NA
NA,11,Belt of Depravity,Belt of Depravity,Epic,39.448,35.3,Arcatraz,Harbinger Skyriss,1,https://tbc.wowhead.com/item=29241,NA,34,27,NULL,17,NULL,NULL,NA,NA,NA
NA,12,General's Silk Belt,General's Silk Belt,Epic,38.678,NULL,Season 1,PvP,1,https://tbc.wowhead.com/item=28409,NA,28,23,NULL,NULL,24,NULL,NA,NA,NA
NA,13,Marshal's Silk Belt,Marshal's Silk Belt,Epic,38.678,NULL,NA,PvP,1,https://tbc.wowhead.com/item=29001,NA,28,23,NULL,NULL,24,NULL,NA,NA,NA
NA,14,Sash of Sealed Fate,Sash of Sealed Fate,Rare,37.348,NULL,NA,World Drop,1,https://tbc.wowhead.com/item=31283,NA,35,15,NULL,NULL,23,NULL,NA,NA,NA
NA,15,Mage-Fury Girdle,Mage-Fury Girdle,Rare,37.154,NULL,Slave Pens,Quagmirran,1,https://tbc.wowhead.com/item=27742,NA,28,23,NULL,NULL,20,NULL,NA,NA,NA
NA,NA,Ring,NA,NA,NULL,NULL,NA,NA,NULL,NA,NA,SP,int,spi,hit,crit,haste,socket,NA,NA
NA,1,Violet Signet of the Archmage,Violet Signet of the Archmage,Epic,36.568,NULL,Deadwind Pass,Eminence Among the Violet Eye,1,https://tbc.wowhead.com/item=29287,NA,29,23,NULL,NULL,17,NULL,NA,NA,NA
NA,2,Violet Signet,Violet Signet,Epic,35.405,NULL,Deadwind Pass,Distinguished Service,1,https://tbc.wowhead.com/item=29286,NA,28,22,NULL,NULL,17,NULL,NA,NA,NA
NA,3,Ring of Recurrence,Ring of Recurrence,Epic,34.153,NULL,Karazhan,Chess Event,1,https://tbc.wowhead.com/item=28753,NA,32,15,NULL,NULL,19,NULL,NA,NA,NA
NA,4,Violet Signet,Violet Signet,Epic,32.923,NULL,Deadwind Pass,Down the Violet Path,1,https://tbc.wowhead.com/item=29285,NA,26,21,NULL,NULL,15,NULL,NA,NA,NA
NA,5,Band of Crimson Fury,Band of Crimson Fury,Epic,32.832,28.928,Magtheridon's Lair,The Fall of Magtheridon,1,https://tbc.wowhead.com/item=28793,NA,28,22,NULL,16,NULL,NULL,NA,NA,NA
NA,6,Spectral Band of Innervation,Spectral Band of Innervation,Epic,30.697,NULL,Karazhan,Attumen the Huntsman,1,https://tbc.wowhead.com/item=28510,NA,29,24,NULL,NULL,NULL,NULL,NA,NA,NA
NA,7,Cobalt Band of Tyrigosa,Cobalt Band of Tyrigosa,Epic,29.797,NULL,Mana-Tombs,Nexus-Prince Shaffar,1,https://tbc.wowhead.com/item=29352,NA,35,17,NULL,NULL,NULL,NULL,NA,NA,NA
NA,8,Yor's Collapsing Band,Yor's Collapsing Band,Epic,29.738,NULL,Mana-Tombs,Yor,1,https://tbc.wowhead.com/item=31921,NA,23,20,19,NULL,NULL,NULL,NA,NA,NA
NA,9,Manastorm Band,Manastorm Band,Rare,29.053,NULL,Netherstorm,Shutting Down Manaforge Ara,1,https://tbc.wowhead.com/item=30366,NA,29,15,NULL,NULL,10,NULL,NA,NA,NA
NA,10,Evoker's Mark of the Redemption,Evoker's Mark of the Redemption,Rare,29.053,NULL,Shadowmoon Valley,Dissension Amongst the Ranks...,1,https://tbc.wowhead.com/item=31075,NA,29,15,NULL,NULL,10,NULL,NA,NA,NA
NA,11,Sparking Arcanite Ring,Sparking Arcanite Ring,Rare,28.512,26.072,Old Hillsbrad Foothills,Epoch Hunter,1,https://tbc.wowhead.com/item=28227,NA,22,14,NULL,10,14,NULL,NA,NA,NA
NA,12,Lola's Eve,Lola's Eve,Epic,27.926,NULL,NA,World Drop,1,https://tbc.wowhead.com/item=31339,NA,29,14,13,NULL,NULL,NULL,NA,NA,NA
NA,13,Ryngo's Band of Ingenuity,Ryngo's Band of Ingenuity,Rare,27.743,NULL,Arcatraz,Wrath-Scryer Soccothrates,1,https://tbc.wowhead.com/item=28394,NA,25,14,NULL,NULL,14,NULL,NA,NA,NA
NA,14,Violet Signet,Violet Signet,Rare,27.734,NULL,Deadwind Pass,Path of the Violet Mage,1,https://tbc.wowhead.com/item=29284,NA,22,18,NULL,NULL,12,NULL,NA,NA,NA
NA,15,Scintillating Coral Band,Scintillating Coral Band,Rare,27.264,NULL,Steamvault,Hydromancer Thespia,1,https://tbc.wowhead.com/item=27784,NA,21,15,NULL,NULL,17,NULL,NA,NA,NA
NA,NA,Legs,NA,NA,NULL,NULL,NA,NA,NULL,NA,NA,SP,int,spi,hit,crit,haste,socket,NA,NA
NA,1,Leggings of the Seventh Circle,Leggings of the Seventh Circle,Epic,70.138,65.746,Hellfire Peninsula,Doom Lord Kazzak,1,https://tbc.wowhead.com/item=30734,NA,50,22,NULL,18,25,NULL,Red,Yellow,Yellow
NA,2,Trial-Fire Trousers,Trial-Fire Trousers,Epic,66.572,NULL,Karazhan,The Big Bad Wolf,1,https://tbc.wowhead.com/item=28594,NA,49,40,NULL,NULL,NULL,NULL,Yellow,Yellow,Yellow
NA,3,Legwraps of the Aldor,Legwraps of the Aldor,Epic,63.208,57.352,Gruul's Lair,Gruul the Dragonkiller,1,https://tbc.wowhead.com/item=29078,NA,49,40,23,24,NULL,NULL,NA,NA,NA
NA,4,Spellstrike Pants,Spellstrike Pants,Epic,60.783,55.415,Tailoring,Crafted,1,https://tbc.wowhead.com/item=24262,NA,46,8,NULL,22,26,NULL,Blue,Yellow,Red
NA,5,Kirin Tor Master's Trousers,Kirin Tor Master's Trousers,Epic,58.99,NULL,Shadow Labyrinth,Murmur,1,https://tbc.wowhead.com/item=30532,NA,36,29,25,NULL,NULL,NULL,Red,Yellow,Blue
NA,6,Breeches of the Occultist,Breeches of the Occultist,Epic,57.186,NULL,Black Morass,Aeonus,1,https://tbc.wowhead.com/item=30531,NA,36,22,NULL,NULL,23,NULL,Blue,Yellow,Yellow
NA,7,Aran's Sorcerous Slacks,Aran's Sorcerous Slacks,Rare,52.819,NULL,Old Hillsbrad Foothills,Lieutenant Drake,1,https://tbc.wowhead.com/item=28212,NA,23,28,NULL,NULL,21,NULL,Red,Yellow,Blue
NA,8,Incanter's Trousers,Incanter's Trousers,Rare,52.733,NULL,Sethekk Halls,Talon King Ikiss,1,https://tbc.wowhead.com/item=27838,NA,42,30,17,NULL,18,NULL,NA,NA,NA
NA,9,Khadgar's Kilt of Abjuration,Khadgar's Kilt of Abjuration,Rare,52.218,NULL,Black Morass,Temporus,1,https://tbc.wowhead.com/item=28185,NA,36,22,15,NULL,NULL,NULL,Yellow,Blue,Blue
NA,10,Battlecast Pants,Battlecast Pants,Epic,52.01,NULL,Tailoring,Crafted,1,https://tbc.wowhead.com/item=24263,NA,46,27,NULL,NULL,NULL,NULL,Red,Blue,NA
NA,11,Pantaloons of Flaming Wrath,Pantaloons of Flaming Wrath,Rare,51.351,NULL,Shattered Halls,Blood Guard Porung,1,https://tbc.wowhead.com/item=30709,NA,33,28,NULL,NULL,42,NULL,NA,NA,NA
NA,12,Leggings of the Skettis Exile,Leggings of the Skettis Exile,Rare,50.07,NULL,Lower City,Revered,1,https://tbc.wowhead.com/item=30836,NA,39,33,33,NULL,NULL,NULL,NA,NA,NA
NA,13,Gladiator's Silk Trousers,Gladiator's Silk Trousers,Epic,49.212,NULL,Season 1,PvP,1,https://tbc.wowhead.com/item=25858,NA,42,25,NULL,NULL,28,NULL,NA,NA,NA
NA,14,Devil-Stitched Leggings,Devil-Stitched Leggings,Rare,48.16,NULL,Botanica,Laj,1,https://tbc.wowhead.com/item=28338,NA,29,28,NULL,NULL,NULL,NULL,Red,Yellow,Blue
NA,15,Mana-Etched Pantaloons,Mana-Etched Pantaloons,Rare,45.774,NULL,Underbog,The Black Stalker,1,https://tbc.wowhead.com/item=27907,NA,33,32,NULL,NULL,21,NULL,NA,NA,NA
NA,NA,Feet,NA,NA,NULL,NULL,NA,NA,NULL,NA,NA,SP,int,spi,hit,crit,haste,socket,NA,NA
NA,1,Glider's Foot-Wraps of the Invoker,Glider's Foot-Wraps of the Invoker,Epic,47.561,NULL,Karazhan,Shadikith the Glider,1,https://tbc.wowhead.com/item=30680/gliders-foot-wraps,NA,34,29,NULL,NULL,29,NULL,NA,NA,NA
NA,2,Boots of Foretelling,Boots of Foretelling,Epic,45.685,NULL,Karazhan,Maiden of Virtue,1,https://tbc.wowhead.com/item=28517,NA,26,23,NULL,NULL,19,NULL,Red,Yellow,NA
NA,3,Glider's Foot-Wraps of Wrath,Glider's Foot-Wraps of Wrath,Epic,44.003,NULL,Karazhan,Shadikith the Glider,1,https://tbc.wowhead.com/item=30680/gliders-foot-wraps,NA,79,NULL,NULL,NULL,NULL,NULL,NA,NA,NA
NA,4,Boots of the Infernal Coven,Boots of the Infernal Coven,Epic,41.119,NULL,Karazhan,Shade of Aran,1,https://tbc.wowhead.com/item=28670,NA,34,27,23,NULL,NULL,NULL,NA,NA,NA
NA,5,Ruby Slippers,Ruby Slippers,Epic,40.973,37.069,Karazhan,The Crone,1,https://tbc.wowhead.com/item=28585,NA,35,29,NULL,16,NULL,NULL,NA,NA,NA
NA,6,Boots of Ethereal Manipulation,Boots of Ethereal Manipulation,Epic,40.056,NULL,Botanica,Warp Splinter,1,https://tbc.wowhead.com/item=29258,NA,33,27,21,NULL,NULL,NULL,NA,NA,NA
NA,7,General's Silk Footguards,General's Silk Footguards,Epic,38.678,NULL,Season 1,PvP,1,https://tbc.wowhead.com/item=28410,NA,28,23,NULL,NULL,24,NULL,NA,NA,NA
NA,8,Marshal's Silk Footguards,Marshal's Silk Footguards,Epic,38.678,NULL,NA,PvP,1,https://tbc.wowhead.com/item=29003,NA,28,23,NULL,NULL,24,NULL,NA,NA,NA
NA,9,Sigil-Laced Boots,Sigil-Laced Boots,Rare,38.551,NULL,Arcatraz,Harbinger Skyriss,1,https://tbc.wowhead.com/item=28406,NA,20,18,NULL,NULL,17,NULL,Red,Yellow,NA
NA,10,Shalassi Oracle's Sandals,Shalassi Oracle's Sandals,Rare,38.493,NULL,NA,Rescue Deirom!,1,https://tbc.wowhead.com/item=25970,NA,18,21,NULL,NULL,15,NULL,Red,Yellow,NA
NA,11,Boots of Blasphemy,Boots of Blasphemy,Epic,37.626,NULL,Slave Pens,Quagmirran,1,https://tbc.wowhead.com/item=29242,NA,36,29,NULL,NULL,NULL,NULL,NA,NA,NA
NA,12,Shattrath Jumpers,Shattrath Jumpers,Rare,36.481,NULL,NA,Into the Heart of the Labyrinth,1,https://tbc.wowhead.com/item=28179,NA,29,17,NULL,NULL,NULL,NULL,Blue,Yellow,NA
NA,13,Embroidered Spellpyre Boots,Embroidered Spellpyre Boots,Rare,35.563,NULL,Blood Furnace,Broggok,1,https://tbc.wowhead.com/item=27848,NA,41,21,NULL,NULL,NULL,NULL,NA,NA,NA
NA,14,Ethereal Boots of the Skystrider,Ethereal Boots of the Skystrider,Rare,35.509,NULL,Mana-Tombs,Nexus-Prince Shaffar,1,https://tbc.wowhead.com/item=25957,NA,26,19,12,NULL,17,NULL,NA,NA,NA
NA,15,Silent Slippers of Meditation,Silent Slippers of Meditation,Rare,34.945,NULL,Shadow Labyrinth,Murmur,1,https://tbc.wowhead.com/item=27902,NA,26,25,21,NULL,NULL,NULL,NA,NA,NA
NA,NA,Trinket,NA,NA,NULL,NULL,NA,NA,NULL,NA,NA,SP,int,spi,hit,crit,haste,socket,NA,NA
NA,1,Quagmirran's Eye,Quagmirran's Eye,Rare,59.8538,NULL,Slave Pens,Quagmirran,1,https://tbc.wowhead.com/item=27683,NA,37,NULL,NULL,NULL,NULL,38.4,NA,NA,NA
NA,2,Mark of the Champion (undead/demon),Mark of the Champion (undead/demon),Epic,47.345,NULL,Naxxramas,The Fall of Kel'Thuzad,1,https://tbc.wowhead.com/item=23207,NA,85,NULL,NULL,NULL,NULL,NULL,NA,NA,NA
NA,3,Eye of Magtheridon,Eye of Magtheridon,Epic,39.547,NULL,Magtheridon's Lair,Magtheridon,1,https://tbc.wowhead.com/item=28789,NA,71,NULL,NULL,NULL,NULL,NULL,NA,NA,NA
NA,4,Icon of the Silver Crescent,Icon of the Silver Crescent,Epic,38.433,NULL,Badge of Justice,G'eras,1,https://tbc.wowhead.com/item=29370,NA,69,NULL,NULL,NULL,NULL,NULL,NA,NA,NA
NA,5,The Restrained Essence of Sapphiron,The Restrained Essence of Sapphiron,Epic,34.534,NULL,Naxxramas,Sapphiron,0,https://tbc.wowhead.com/item=23046,NA,62,NULL,NULL,NULL,NULL,NULL,NA,NA,NA
NA,6,Shiffar's Nexus-Horn,Shiffar's Nexus-Horn,Rare,34.267,NULL,Arcatraz,Harbinger Skyriss,1,https://tbc.wowhead.com/item=28418,NA,41,NULL,NULL,NULL,30,NULL,NA,NA,NA
NA,7,Scarab of the Infinite Cycle,Scarab of the Infinite Cycle,Rare,30.66,NULL,Black Morass,Aeonus,1,https://tbc.wowhead.com/item=28190,NA,NULL,NULL,NULL,NULL,NULL,30,NA,NA,NA
NA,8,Neltharion's Tear,Neltharion's Tear,Epic,28.412,24.508,Classic,NA,0,https://tbc.wowhead.com/item=19379,NA,44,NULL,NULL,16,NULL,NULL,NA,NA,NA
NA,9,Pendant of the Violet Eye,Pendant of the Violet Eye,Epic,27.552,NULL,Karazhan,Shade of Aran,1,https://tbc.wowhead.com/item=28727,NA,NULL,40,NULL,NULL,NULL,NULL,NA,NA,NA
NA,10,Xi'ri's Gift,Xi'ri's Gift,Rare,26.117,NULL,The Sha'tar,Revered,1,https://tbc.wowhead.com/item=29179,NA,25,NULL,NULL,NULL,32,NULL,NA,NA,NA
NA,11,Ancient Crystal Talisman,Ancient Crystal Talisman,Uncommon,23.951,NULL,Seer Janidi,A Spirit Ally?,1,https://tbc.wowhead.com/item=25620,NA,43,NULL,NULL,NULL,NULL,NULL,NA,NA,NA
NA,12,Arcanist's Stone,Arcanist's Stone,Rare,22.253,16.153,Old Hillsbrad Foothills,Epoch Hunter,1,https://tbc.wowhead.com/item=28223,NA,29,NULL,NULL,25,NULL,NULL,NA,NA,NA
NA,13,Scryer's Bloodgem,Scryer's Bloodgem,Rare,21.733,13.925,The Scryers,Revered,1,https://tbc.wowhead.com/item=29132,NA,25,NULL,NULL,32,NULL,NULL,NA,NA,NA
NA,14,Vengeance of the Illidari,Vengeance of the Illidari,Rare,21.046,NULL,NA,Cruel's Intentions,1,https://tbc.wowhead.com/item=28040,NA,20,NULL,NULL,NULL,26,NULL,NA,NA,NA
NA,15,Figurine - Living Ruby Serpent,Figurine - Living Ruby Serpent,Rare,19.508,NULL,Jewelcrafting,Crafted,1,https://tbc.wowhead.com/item=24126,NA,10,23,NULL,NULL,NULL,NULL,NA,NA,NA
NA,NA,One Hand,NA,NA,NULL,NULL,NA,NA,NULL,NA,NA,SP,int,spi,hit,crit,haste,socket,NA,NA
NA,1,Talon of the Tempest,Talon of the Tempest,Epic,133.579,131.383,Shadowmoon Valley,Doomwalker,1,https://tbc.wowhead.com/item=30723,NA,194,10,NULL,9,19,NULL,Yellow,Yellow,NA
NA,2,Nathrezim Mindblade,Nathrezim Mindblade,Epic,132.742,NULL,Karazhan,Prince Malchezaar,1,https://tbc.wowhead.com/item=28770,NA,203,18,NULL,NULL,23,NULL,NA,NA,NA
NA,3,Bloodmaw Magus-Blade,Bloodmaw Magus-Blade,Epic,131.686,NULL,Gruul's Lair,Gruul the Dragonkiller,1,https://tbc.wowhead.com/item=28802,NA,203,15,NULL,NULL,25,NULL,NA,NA,NA
NA,4,Gladiator's Spellblade,Gladiator's Spellblade,Epic,121.751,NULL,Season 1,PvP,1,https://tbc.wowhead.com/item=28297,NA,199,18,NULL,NULL,NULL,NULL,NA,NA,NA
NA,5,Blade of Wizardry,Blade of Wizardry,Epic,119.6318,NULL,NA,World Drop,1,https://tbc.wowhead.com/item=31336,NA,159,NULL,NULL,NULL,NULL,30.4,NA,NA,NA
NA,6,Illidari-Bane Mageblade (Demon),Illidari-Bane Mageblade (Demon),Rare,117.331,NULL,Shadowmoon Valley,Quenching the Blade,1,https://tbc.wowhead.com/item=30787,NA,185,11,NULL,NULL,20,NULL,NA,NA,NA
NA,7,Eternium Runed Blade,Eternium Runed Blade,Epic,113.091,NULL,Blacksmithing,Crafted,1,https://tbc.wowhead.com/item=23554,NA,168,19,NULL,NULL,21,NULL,NA,NA,NA
NA,8,Stormcaller,Stormcaller,Epic,103.836,NULL,Quartermaster Urgronn,NA,1,https://tbc.wowhead.com/item=29155,NA,159,12,NULL,NULL,21,NULL,NA,NA,NA
NA,9,Blade of the Archmage,Blade of the Archmage,Epic,103.23,NULL,Logistics Officer,NA,1,https://tbc.wowhead.com/item=29153,NA,159,11,NULL,NULL,21,NULL,NA,NA,NA
NA,10,Greatsword of Horrid Dreams,Greatsword of Horrid Dreams,Rare,84.31,80.894,Shadow Labyrinth,Murmur,1,https://tbc.wowhead.com/item=27905,NA,130,14,NULL,14,NULL,NULL,NA,NA,NA
NA,11,The Willbreaker,The Willbreaker,Rare,82.358,NULL,Blood Furnace,Keli'dan the Breaker,1,https://tbc.wowhead.com/item=27512,NA,121,14,NULL,NULL,17,NULL,NA,NA,NA
NA,12,Runesong Dagger,Runesong Dagger,Rare,81.683,NULL,Shattered Halls,Warbringer O'mrogg,1,https://tbc.wowhead.com/item=27868,NA,121,11,NULL,NULL,20,NULL,NA,NA,NA
NA,13,Mana Wrath,Mana Wrath,Rare,81.09,NULL,Mechanar,Pathaleon the Calculator,1,https://tbc.wowhead.com/item=27899,NA,126,18,NULL,NULL,NULL,NULL,NA,NA,NA
NA,14,Starlight Dagger,Starlight Dagger,Rare,80.391,76.487,Slave Pens,Mennu the Betrayer,1,https://tbc.wowhead.com/item=27543,NA,121,15,NULL,16,NULL,NULL,NA,NA,NA
NA,15,High Warlord's Spellblade,High Warlord's Spellblade,Rare,78.447,75.275,NA,PvP,1,https://tbc.wowhead.com/item=28931,NA,121,13,NULL,13,NULL,NULL,NA,NA,NA
NA,NA,Off Hand,NA,NA,NULL,NULL,NA,NA,NULL,NA,NA,SP,int,spi,hit,crit,haste,socket,NA,NA
NA,1,Talisman of Kalecgos (Arcane),Talisman of Kalecgos (Arcane),Epic,36.334,NULL,Badge of Justice,G'eras,1,https://tbc.wowhead.com/item=29271,NA,50,14,NULL,NULL,NULL,NULL,NA,NA,NA
NA,2,Talisman of Nightbane,Talisman of Nightbane,Epic,33.587,NULL,Karazhan,Nightbane,1,https://tbc.wowhead.com/item=28603,NA,28,19,NULL,NULL,17,NULL,NA,NA,NA
NA,3,Karaborian Talisman,Karaborian Talisman,Epic,33.433,NULL,Magtheridon's Lair,Magtheridon,1,https://tbc.wowhead.com/item=28781,NA,35,23,NULL,NULL,NULL,NULL,NA,NA,NA
NA,4,The Saga of Terokk,The Saga of Terokk,Rare,29.534,NULL,NA,Terokk's Legacy,1,https://tbc.wowhead.com/item=29330,NA,28,23,NULL,NULL,NULL,NULL,NA,NA,NA
NA,5,Jewel of Infinite Possibilities,Jewel of Infinite Possibilities,Epic,28.843,23.719,Karazhan,Netherspite,1,https://tbc.wowhead.com/item=28734,NA,23,18,NULL,21,NULL,NULL,NA,NA,NA
NA,6,Crystal Orb of Enlightenment,Crystal Orb of Enlightenment,Epic,28.077,NULL,Jho'nass,NA,1,https://tbc.wowhead.com/item=32651,NA,33,16,NULL,NULL,NULL,NULL,NA,NA,NA
NA,7,Lamp of Peaceful Radiance,Lamp of Peaceful Radiance,Rare,28.062,25.134,Arcatraz,Harbinger Skyriss,1,https://tbc.wowhead.com/item=28412,NA,21,14,NULL,12,13,NULL,NA,NA,NA
NA,8,Manual of the Nethermancer,Manual of the Nethermancer,Rare,28.026,NULL,Mechanar,Nethermancer Sepethrea,1,https://tbc.wowhead.com/item=28260,NA,21,15,NULL,NULL,19,NULL,NA,NA,NA
NA,9,Khadgar's Knapsack,Khadgar's Knapsack,Epic,27.293,NULL,Badge of Justice,Weapons Vendor,1,https://tbc.wowhead.com/item=29273,NA,49,NULL,NULL,NULL,NULL,NULL,NA,NA,NA
NA,10,Star-Heart Lamp,Star-Heart Lamp,Rare,26.09,23.162,Black Morass,Temporus,1,https://tbc.wowhead.com/item=28187,NA,22,18,NULL,12,NULL,NULL,NA,NA,NA
NA,11,Netherwing Sorceror's Charm,Netherwing Sorceror's Charm,Rare,25.695,NULL,NA,Ally of the Netherwing,1,https://tbc.wowhead.com/item=31494,NA,18,15,NULL,NULL,15,NULL,NA,NA,NA
NA,12,Draenei Crystal Rod of Wrath,Draenei Crystal Rod of Wrath,Uncommon,25.065,NULL,NA,World Drop,1,https://tbc.wowhead.com/item=25099,NA,45,NULL,NULL,NULL,NULL,NULL,NA,NA,NA
NA,13,Hortus' Seal of Brilliance,Hortus' Seal of Brilliance,Rare,24.931,NULL,Shattered Halls,Warchief Kargath Bladefist,1,https://tbc.wowhead.com/item=27534,NA,23,20,NULL,NULL,NULL,NULL,NA,NA,NA
NA,14,Sapphiron's Left Eye,Sapphiron's Left Eye,Epic,24.664,NULL,Naxxramas,Sapphiron,1,https://tbc.wowhead.com/item=23049,NA,26,8,NULL,NULL,14,NULL,NA,NA,NA
NA,15,Master Dragonslayer's Orb,Master Dragonslayer's Orb,Epic,24.08,NULL,Classic,NA,0,https://tbc.wowhead.com/item=19366,NA,28,14,NULL,NULL,NULL,NULL,NA,NA,NA
NA,NA,Two Hand,NA,NA,NULL,NULL,NA,NA,NULL,NA,NA,SP,int,spi,hit,crit,haste,socket,NA,NA
NA,1,Gladiator's War Staff,Gladiator's War Staff,Epic,150.893,145.769,Season 1,PvP,1,https://tbc.wowhead.com/item=24557,NA,199,35,NULL,21,36,NULL,NA,NA,NA
NA,2,Staff of Infinite Mysteries,Staff of Infinite Mysteries,Epic,139.563,133.951,Karazhan,The Curator,1,https://tbc.wowhead.com/item=28633,NA,185,51,NULL,23,NULL,NULL,NA,NA,NA
NA,3,Terokk's Shadowstaff,Terokk's Shadowstaff,Epic,133.125,NULL,Sethekk Halls,Talon King Ikiss,1,https://tbc.wowhead.com/item=29355,NA,168,42,NULL,NULL,37,NULL,NA,NA,NA
NA,4,"Atiesh, Greatstaff of the Guardian","Atiesh, Greatstaff of the Guardian",Legendary,123.586,119.682,Classic,NA,0,https://tbc.wowhead.com/item=22589,NA,150,32,24,16,28,NULL,NA,NA,NA
NA,5,Auchenai Staff,Auchenai Staff,Rare,109.815,105.179,Quartermaster Endarin,NA,1,https://tbc.wowhead.com/item=29130,NA,121,46,NULL,19,26,NULL,NA,NA,NA
NA,6,Flaming Quartz Staff,Flaming Quartz Staff,Rare,105.179,NULL,Apex Crystal,Crafted,1,https://tbc.wowhead.com/item=32662,NA,121,46,NULL,NULL,26,NULL,NA,NA,NA
NA,7,Warpstaff of Arcanum,Warpstaff of Arcanum,Rare,104.235,100.331,Botanica,Warp Splinter,1,https://tbc.wowhead.com/item=28341,NA,121,38,NULL,16,26,NULL,NA,NA,NA
NA,8,Bloodfire Greatstaff,Bloodfire Greatstaff,Rare,103.517,NULL,Black Morass,Aeonus,1,https://tbc.wowhead.com/item=28188,NA,121,42,NULL,NULL,28,NULL,NA,NA,NA
NA,9,The Bringer of Death,The Bringer of Death,Rare,102.185,NULL,NA,NA,1,https://tbc.wowhead.com/item=31308,NA,121,31,NULL,NULL,42,NULL,NA,NA,NA
NA,10,High Warlord's War Staff,High Warlord's War Staff,Rare,101.887,97.007,NA,PvP,1,https://tbc.wowhead.com/item=28935,NA,121,30,NULL,20,30,NULL,NA,NA,NA
NA,11,Grand Marshal's War Staff,Grand Marshal's War Staff,Rare,101.887,97.007,NA,PvP,1,https://tbc.wowhead.com/item=28959,NA,121,30,NULL,20,30,NULL,NA,NA,NA
NA,12,Soulseeker,Soulseeker,Epic,99.636,NULL,Naxxramas,Kel'Thuzad,0,https://tbc.wowhead.com/item=22799,NA,126,31,NULL,NULL,28,NULL,NA,NA,NA
NA,13,Grand Scepter of the Nexus-Kings,Grand Scepter of the Nexus-Kings,Rare,98.091,93.455,Mana-Tombs,Nexus-Prince Shaffar,1,https://tbc.wowhead.com/item=27842,NA,121,43,NULL,19,NULL,NULL,NA,NA,NA
NA,14,Ameer's Impulse Taser,Ameer's Impulse Taser,Rare,94.746,90.598,NA,Nexus-King Salhadaar,1,https://tbc.wowhead.com/item=30011,NA,103,27,26,17,27,NULL,NA,NA,NA
NA,15,Oronok's Ancient Scepter,Oronok's Ancient Scepter,Rare,94.166,NULL,NA,The Cipher of Damnation,1,https://tbc.wowhead.com/item=31036,NA,103,45,NULL,NULL,25,NULL,NA,NA,NA
NA,NA,Ranged,NA,NA,NULL,NULL,NA,NA,NULL,NA,NA,SP,int,spi,hit,crit,haste,socket,NA,NA
NA,1,Eredar Wand of Obliteration,Eredar Wand of Obliteration,Epic,20.912,NULL,Magtheridon's Lair,Magtheridon,1,https://tbc.wowhead.com/item=28783,NA,16,11,NULL,NULL,14,NULL,NA,NA,NA
NA,2,Tirisfal Wand of Ascendancy,Tirisfal Wand of Ascendancy,Epic,16.493,13.809,Karazhan,Shade of Aran,1,https://tbc.wowhead.com/item=28673,NA,15,9,NULL,11,NULL,NULL,NA,NA,NA
NA,3,Wand of the Seer,Wand of the Seer,Rare,16.139,NULL,Terokkar Forest,Turning Point,1,https://tbc.wowhead.com/item=30859,NA,18,8,5,NULL,NULL,NULL,NA,NA,NA
NA,4,Nethekurse's Rod of Torment,Nethekurse's Rod of Torment,Rare,15.997,NULL,Hellfire Peninsula,Turning the Tide,1,https://tbc.wowhead.com/item=25806,NA,11,10,NULL,NULL,10,NULL,NA,NA,NA
NA,5,Rod of Dire Shadows,Rod of Dire Shadows,Rare,15.997,NULL,Hellfire Peninsula,The Will of the Warchief,1,https://tbc.wowhead.com/item=25808,NA,11,10,NULL,NULL,10,NULL,NA,NA,NA
NA,6,The Black Stalk,The Black Stalk,Epic,15.331,NULL,Underbog,The Black Stalker,1,https://tbc.wowhead.com/item=29350,NA,20,NULL,NULL,NULL,11,NULL,NA,NA,NA
NA,7,Nether Core's Control Rod,Nether Core's Control Rod,Rare,15.253,13.301,Arcatraz,Dalliah the Doomsayer,1,https://tbc.wowhead.com/item=28386,NA,13,10,NULL,8,NULL,NULL,NA,NA,NA
NA,8,Nexus Torch,Nexus Torch,Rare,14.707,NULL,Shattered Halls,Warchief Kargath Bladefist,1,https://tbc.wowhead.com/item=27540,NA,8,10,NULL,NULL,11,NULL,NA,NA,NA
NA,9,Gladiator's Touch of Defeat,Gladiator's Touch of Defeat,Epic,14.464,NULL,Season 1,PvP,1,https://tbc.wowhead.com/item=28320,NA,14,11,NULL,NULL,NULL,NULL,NA,NA,NA
NA,10,Doomfinger,Doomfinger,Epic,14.246,NULL,Naxxramas,Kel'Thuzad,1,https://tbc.wowhead.com/item=22821,NA,16,NULL,NULL,NULL,14,NULL,NA,NA,NA
NA,11,Flawless Wand of Wrath,Flawless Wand of Wrath,Uncommon,13.925,NULL,NA,World Drop,1,https://tbc.wowhead.com/item=25295,NA,25,NULL,NULL,NULL,NULL,NULL,NA,NA,NA
NA,12,Voidfire Wand,Voidfire Wand,Rare,13.289,11.581,Mana-Tombs,Pandemonius,1,https://tbc.wowhead.com/item=25939,NA,11,9,NULL,7,NULL,NULL,NA,NA,NA
NA,13,Wand of Fates,Wand of Fates,Epic,12.878,10.926,Naxxramas,Patchwerk,1,https://tbc.wowhead.com/item=22820,NA,12,7,NULL,8,NULL,NULL,NA,NA,NA
NA,14,Starheart Baton (Arcane),Starheart Baton (Arcane),Uncommon,12.811,NULL,NA,Dealer Jadyan,0,https://tbc.wowhead.com/item=29378,NA,23,NULL,NULL,NULL,NULL,NULL,NA,NA,NA
NA,15,Nesingwary Safari Stick,Nesingwary Safari Stick,Rare,12.37,NULL,NA,The Ultimate Bloodsport,1,https://tbc.wowhead.com/item=25640,NA,14,NULL,NULL,NULL,12,NULL,NA,NA,NA
