Arms Phase 1,...2,...3,...4,...5,...6,...7,...8,...9,...10,...11,...12,...13,...14,...15,...16,...17,...18,...19,...20,...21,...22,...23,...24,...25,...26
NA,NA,Item,NA,NA,EPV,"If Hit 
Capped",Location,NA,Phase,NA,NA,Stats,NULL,NULL,NULL,NULL,NULL,NULL,NULL,NA,NA,NA,NA,NA,NA
NA,NA,Head,NA,NA,NULL,NULL,NA,NA,NULL,NA,NA,ap,str,agi,hit,crit,haste,arp,exp,socket,NA,NA,NA,NA,NA
NA,1,Warbringer Battle-Helm,Warbringer Battle-Helm,Epic,121.6,116.35,Karazhan,Prince Malchezaar,1,https://tbc.wowhead.com/item=29021,NA,NULL,45,NULL,14,24,NULL,NULL,NULL,Meta,Yellow,NA,NA,NA,NA
NA,2,Mask of the Deceiver,Mask of the Deceiver,Epic,106.632,100.632,Badge of Justice,G'eras,1,https://tbc.wowhead.com/item=32087,NA,64,NULL,32,16,NULL,NULL,NULL,NULL,Yellow,Meta,NA,NA,NA,NA
NA,3,Wastewalker Helm,Wastewalker Helm,Rare,102.932,96.182,Old Hillsbrad Foothills,Epoch Hunter,1,https://tbc.wowhead.com/item=28224,NA,56,NULL,NULL,18,22,NULL,NULL,NULL,Blue,Meta,NA,NA,NA,NA
NA,4,Helm of the Claw,Helm of the Claw,Rare,101.442,96.192,Zangarmarsh,The Warlord's Hideout,1,https://tbc.wowhead.com/item=28182,NA,66,NULL,25,14,NULL,NULL,NULL,NULL,Yellow,Meta,NA,NA,NA,NA
NA,5,Gladiator's Plate Helm,Gladiator's Plate Helm,Epic,100.76,NULL,Season 1,PvP,1,https://tbc.wowhead.com/item=24545,NA,NULL,30,NULL,NULL,28,NULL,NULL,NULL,Meta,Yellow,NA,NA,NA,NA
NA,6,Helm of Assassination,Helm of Assassination,Rare,97.997,NULL,Arcatraz,Harbinger Skyriss,1,https://tbc.wowhead.com/item=28414,NA,66,NULL,NULL,NULL,25,NULL,NULL,NULL,Yellow,Meta,NA,NA,NA,NA
NA,7,Malefic Mask of the Shadows,Malefic Mask of the Shadows,Epic,97.898,86.273,Gruul's Lair,High King Maulgar,1,https://tbc.wowhead.com/item=28796,NA,84,NULL,NULL,31,42,NULL,NULL,NULL,NA,NA,NA,NA,NA,NA
NA,8,Cowl of Beastly Rage,Cowl of Beastly Rage,Epic,91.602,NULL,Badge of Justice,G'eras,1,https://tbc.wowhead.com/item=32088,NA,NULL,29,26,NULL,NULL,NULL,NULL,NULL,Yellow,Meta,NA,NA,NA,NA
NA,9,Helm of Desolation,Helm of Desolation,Rare,87.877,NULL,Black Morass,Aeonus,1,https://tbc.wowhead.com/item=28192,NA,66,NULL,NULL,NULL,14,NULL,NULL,NULL,Yellow,Meta,NA,NA,NA,NA
NA,10,Grand Marshal's Plate Helm,Grand Marshal's Plate Helm,Rare,87.08,NULL,NA,PvP,0,https://tbc.wowhead.com/item=28701,NA,NULL,20,NULL,NULL,24,NULL,NULL,NULL,Meta,Yellow,NA,NA,NA,NA
NA,11,High Warlord's Plate Helm,High Warlord's Plate Helm,Rare,87.08,NULL,NA,PvP,0,https://tbc.wowhead.com/item=28853,NA,NULL,20,NULL,NULL,24,NULL,NULL,NULL,Meta,Yellow,NA,NA,NA,NA
NA,12,Savage Plate Helm,Savage Plate Helm,Rare,87.08,NULL,Thrallmar,Honored,1,https://tbc.wowhead.com/item=35409,NA,NULL,20,NULL,NULL,24,NULL,NULL,NULL,Meta,Yellow,NA,NA,NA,NA
NA,13,Savage Plate Helm,Savage Plate Helm,Rare,87.08,NULL,Honor Hold,Honored,1,https://tbc.wowhead.com/item=35478,NA,NULL,20,NULL,NULL,24,NULL,NULL,NULL,Meta,Yellow,NA,NA,NA,NA
NA,14,Exorcist's Plate Helm,Exorcist's Plate Helm,Rare,85,NULL,Spirit Shard,PvP,1,https://tbc.wowhead.com/item=28559,NA,NULL,25,NULL,NULL,25,NULL,NULL,NULL,Meta,NA,NA,NA,NA,NA
NA,15,Cowl of Defiance,Cowl of Defiance,Epic,84.788,75.788,Karazhan,Netherspite,1,https://tbc.wowhead.com/item=28732,NA,100,NULL,34,24,NULL,NULL,NULL,NULL,NA,NA,NA,NA,NA,NA
NA,NA,Neck,NA,NA,NULL,NULL,NA,NA,NULL,NA,NA,ap,str,agi,hit,crit,haste,arp,exp,socket,NA,NA,NA,NA,NA
NA,1,Braided Eternium Chain (GROUP BUFF),Braided Eternium Chain (GROUP BUFF),Rare,58.22,50.345,Jewelcrafting,Crafted,1,https://tbc.wowhead.com/item=24114,NA,40,NULL,NULL,21,28,NULL,NULL,NULL,NA,NA,NA,NA,NA,NA
NA,2,Choker of Vile Intent,Choker of Vile Intent,Epic,44.869,38.119,Badge of Justice,G'eras,1,https://tbc.wowhead.com/item=29381,NA,42,NULL,20,18,NULL,NULL,NULL,NULL,NA,NA,NA,NA,NA,NA
NA,3,Worgen Claw Necklace,Worgen Claw Necklace,Epic,44.189,37.814,Karazhan,Attumen the Huntsman,1,https://tbc.wowhead.com/item=28509,NA,42,NULL,20,17,NULL,NULL,NULL,NULL,NA,NA,NA,NA,NA,NA
NA,4,Natasha's Choker,Natasha's Choker,Rare,43.325,39.575,Blade's Edge Mountains,The Hound-Master,1,https://tbc.wowhead.com/item=31695,NA,50,NULL,NULL,10,15,NULL,NULL,NULL,NA,NA,NA,NA,NA,NA
NA,5,Adamantine Chain of the Unbroken,Adamantine Chain of the Unbroken,Epic,43.053,NULL,Slave Pens,Quagmirran,1,https://tbc.wowhead.com/item=29349,NA,34,NULL,NULL,NULL,30,NULL,NULL,NULL,NA,NA,NA,NA,NA,NA
NA,6,Haramad's Bargain,Haramad's Bargain,Epic,42.925,NULL,The Consortium,Exalted,1,https://tbc.wowhead.com/item=29119,NA,NULL,26,25,NULL,NULL,NULL,NULL,NULL,NA,NA,NA,NA,NA,NA
NA,7,Mithril Chain of Heroism,Mithril Chain of Heroism,Epic,42.894,NULL,Karazhan,Chess Event,1,https://tbc.wowhead.com/item=28745,NA,NULL,28,22,NULL,NULL,NULL,NULL,NULL,NA,NA,NA,NA,NA,NA
NA,8,Traitor's Noose,Traitor's Noose,Rare,41.991,37.491,Slave Pens,Mennu the Betrayer,1,https://tbc.wowhead.com/item=27546,NA,38,NULL,NULL,12,18,NULL,NULL,NULL,NA,NA,NA,NA,NA,NA
NA,9,Necklace of Trophies,Necklace of Trophies,Rare,41.675,36.425,NA,World Drop,1,https://tbc.wowhead.com/item=31275,NA,NULL,22,15,14,NULL,NULL,NULL,NULL,NA,NA,NA,NA,NA,NA
NA,10,Blood Guard's Necklace of Ferocity,Blood Guard's Necklace of Ferocity,Rare,40.183,NULL,Shattered Halls,Blood Guard Porung,1,https://tbc.wowhead.com/item=30710,NA,54,NULL,NULL,NULL,17,NULL,NULL,NULL,NA,NA,NA,NA,NA,NA
NA,11,Bone Chain Necklace,Bone Chain Necklace,Rare,38.065,33.19,Underbog,The Black Stalker,1,https://tbc.wowhead.com/item=27779,NA,36,NULL,19,13,NULL,NULL,NULL,NULL,NA,NA,NA,NA,NA,NA
NA,12,Stormrage's Talisman of Seething,Stormrage's Talisman of Seething,Epic,37.577,NULL,Naxxramas,Kel'Thuzad,1,https://tbc.wowhead.com/item=23053,NA,26,NULL,NULL,NULL,28,NULL,NULL,NULL,NA,NA,NA,NA,NA,NA
NA,13,Insignia of the Mag'hari Hero,Insignia of the Mag'hari Hero,Rare,36.955,31.705,Durotar,Hero of the Mag'har,0,https://tbc.wowhead.com/item=28168,NA,30,NULL,NULL,14,15,NULL,NULL,NULL,NA,NA,NA,NA,NA,NA
NA,14,Natasha's Pack Collar,Natasha's Pack Collar,Rare,35.155,NULL,Blade's Edge Mountains,The Hound-Master,1,https://tbc.wowhead.com/item=31694,NA,NULL,25,15,NULL,NULL,NULL,NULL,NULL,NA,NA,NA,NA,NA,NA
NA,15,Saberclaw Talisman,Saberclaw Talisman,Epic,35.124,NULL,Karazhan,Shade of Aran,1,https://tbc.wowhead.com/item=28674,NA,46,NULL,21,NULL,NULL,NULL,NULL,NULL,NA,NA,NA,NA,NA,NA
NA,NA,Shoulders,NA,NA,NULL,NULL,NA,NA,NULL,NA,NA,ap,str,agi,hit,crit,haste,arp,exp,socket,NA,NA,NA,NA,NA
NA,1,Ripfiend Shoulderplates,Ripfiend Shoulderplates,Epic,84.08,79.205,Hellfire Peninsula,Doom Lord Kazzak,1,https://tbc.wowhead.com/item=30740,NA,NULL,39,NULL,13,22,NULL,NULL,NULL,Yellow,Yellow,NA,NA,NA,NA
NA,2,Warbringer Shoulderplates,Warbringer Shoulderplates,Epic,71.734,66.859,NA,NA,1,https://tbc.wowhead.com/item=29023,NA,NULL,32,22,13,NULL,NULL,NULL,NULL,Yellow,Blue,NA,NA,NA,NA
NA,3,Bladed Shoulderpads of the Merciless,Bladed Shoulderpads of the Merciless,Epic,70.521,65.646,Karazhan,Chess Event,1,https://tbc.wowhead.com/item=28755,NA,58,NULL,NULL,13,21,NULL,NULL,NULL,Yellow,Yellow,NA,NA,NA,NA
NA,4,Ragesteel Shoulders,Ragesteel Shoulders,Rare,69.76,66.385,Blacksmithing,Crafted,1,https://tbc.wowhead.com/item=33173,NA,NULL,32,NULL,9,17,NULL,NULL,NULL,Yellow,Yellow,NA,NA,NA,NA
NA,5,Mantle of Perenolde,Mantle of Perenolde,Rare,61.89,53.265,Old Hillsbrad Foothills,Epoch Hunter,1,https://tbc.wowhead.com/item=27434,NA,20,NULL,NULL,23,23,NULL,NULL,NULL,Red,Red,NA,NA,NA,NA
NA,6,Wastewalker Shoulderpads,Wastewalker Shoulderpads,Rare,59.258,53.258,Auchenai Crypts,Avatar of the Martyred,1,https://tbc.wowhead.com/item=27797,NA,34,NULL,25,16,NULL,NULL,NULL,NULL,Red,Blue,NA,NA,NA,NA
NA,7,Gladiator's Plate Shoulders,Gladiator's Plate Shoulders,Epic,59.16,NULL,Season 1,PvP,1,https://tbc.wowhead.com/item=24546,NA,NULL,22,NULL,NULL,23,NULL,NULL,NULL,Red,Yellow,NA,NA,NA,NA
NA,8,Expedition Scout's Epaulets,Expedition Scout's Epaulets,Rare,55.97,46.97,NA,Fel Embers,1,https://tbc.wowhead.com/item=25790,NA,50,NULL,25,24,NULL,NULL,NULL,NULL,NA,NA,NA,NA,NA,NA
NA,9,Talbuk Hide Spaulders,Talbuk Hide Spaulders,Rare,55.555,49.93,Provisioner Nasela,NA,1,https://tbc.wowhead.com/item=29147,NA,70,NULL,20,15,NULL,NULL,NULL,NULL,NA,NA,NA,NA,NA,NA
NA,10,Blackened Leather Spaulders,Blackened Leather Spaulders,Rare,55.555,49.93,Trader Narasu,NA,1,https://tbc.wowhead.com/item=29148,NA,70,NULL,20,15,NULL,NULL,NULL,NULL,NA,NA,NA,NA,NA,NA
NA,11,Shalassi Sentry's Epaulets,Shalassi Sentry's Epaulets,Rare,55.444,49.819,NA,Rescue Deirom!,1,https://tbc.wowhead.com/item=25968,NA,42,NULL,15,15,NULL,NULL,NULL,NULL,Red,Yellow,NA,NA,NA,NA
NA,12,Spaulders of Slaughter,Spaulders of Slaughter,Rare,54.84,NULL,Shattered Halls,Blood Guard Porung,1,https://tbc.wowhead.com/item=30705,NA,NULL,30,NULL,NULL,27,NULL,NULL,NULL,NA,NA,NA,NA,NA,NA
NA,13,Doomplate Shoulderguards,Doomplate Shoulderguards,Rare,53.4,NULL,Underbog,The Black Stalker,1,https://tbc.wowhead.com/item=27771,NA,NULL,19,NULL,NULL,20,NULL,NULL,NULL,Red,Red,NA,NA,NA,NA
NA,14,Shoulderpads of Assassination,Shoulderpads of Assassination,Rare,52.014,NULL,Sethekk Halls,Talon King Ikiss,1,https://tbc.wowhead.com/item=27776,NA,42,NULL,25,NULL,NULL,NULL,NULL,NULL,Yellow,Yellow,NA,NA,NA,NA
NA,15,Mantle of the Unforgiven,Mantle of the Unforgiven,Rare,51.114,46.614,Mana-Tombs,Nexus-Prince Shaffar,1,https://tbc.wowhead.com/item=27831,NA,52,NULL,NULL,12,21,NULL,NULL,NULL,NA,NA,NA,NA,NA,NA
NA,NA,Back,NA,NA,NULL,NULL,NA,NA,NULL,NA,NA,ap,str,agi,hit,crit,haste,arp,exp,socket,NA,NA,NA,NA,NA
NA,1,Black-Iron Battlecloak,Black-Iron Battlecloak,Epic,54.87,NULL,Shadowmoon Valley,Doomwalker,1,https://tbc.wowhead.com/item=30729,NA,60,NULL,NULL,NULL,30,NULL,NULL,NULL,NA,NA,NA,NA,NA,NA
NA,2,Vengeance Wrap,Vengeance Wrap,Epic,52.794,NULL,Tailoring,Crafted,1,https://tbc.wowhead.com/item=24259,NA,52,NULL,NULL,NULL,23,NULL,NULL,NULL,Red,NA,NA,NA,NA,NA
NA,3,Cloak of the Pit Stalker,Cloak of the Pit Stalker,Epic,47.532,NULL,Magtheridon's Lair,Magtheridon,1,https://tbc.wowhead.com/item=28777,NA,56,NULL,NULL,NULL,24,NULL,NULL,NULL,NA,NA,NA,NA,NA,NA
NA,4,Drape of the Dark Reavers,Drape of the Dark Reavers,Epic,43.261,36.886,Karazhan,Shade of Aran,1,https://tbc.wowhead.com/item=28672,NA,34,NULL,24,17,NULL,NULL,NULL,NULL,NA,NA,NA,NA,NA,NA
NA,5,Cloak of the Inciter,Cloak of the Inciter,Rare,41.075,35.075,Shadow Labyrinth,Blackheart the Inciter,1,https://tbc.wowhead.com/item=27892,NA,30,NULL,NULL,16,18,NULL,NULL,NULL,NA,NA,NA,NA,NA,NA
NA,6,Netherfury Cape,Netherfury Cape,Rare,38.32,NULL,Botanica,Warp Splinter,1,https://tbc.wowhead.com/item=28371,NA,NULL,19,NULL,NULL,21,NULL,NULL,NULL,NA,NA,NA,NA,NA,NA
NA,7,Auchenai Death Shroud,Auchenai Death Shroud,Rare,38.077,31.702,Auchenai Crypts,Avatar of the Martyred,1,https://tbc.wowhead.com/item=27878,NA,36,NULL,15,17,NULL,NULL,NULL,NULL,NA,NA,NA,NA,NA,NA
NA,8,Blood Knight War Cloak,Blood Knight War Cloak,Epic,37.387,NULL,Badge of Justice,G'eras,1,https://tbc.wowhead.com/item=29382,NA,48,NULL,23,NULL,NULL,NULL,NULL,NULL,NA,NA,NA,NA,NA,NA
NA,9,Royal Cloak of Arathi Kings,Royal Cloak of Arathi Kings,Epic,36.88,30.88,Karazhan,Moroes,1,https://tbc.wowhead.com/item=28529,NA,NULL,26,NULL,16,NULL,NULL,NULL,NULL,NA,NA,NA,NA,NA,NA
NA,10,Terokk's Might,Terokk's Might,Epic,36.284,NULL,Terokkar Forest,Terokk,1,https://tbc.wowhead.com/item=32540,NA,56,NULL,16,NULL,NULL,NULL,NULL,NULL,NA,NA,NA,NA,NA,NA
NA,11,Shroud of Frenzy,Shroud of Frenzy,Rare,35.72,NULL,NA,World Drop,1,https://tbc.wowhead.com/item=31143,NA,NULL,21,NULL,NULL,16,NULL,NULL,NULL,NA,NA,NA,NA,NA,NA
NA,12,Cloak of the Craft,Cloak of the Craft,Rare,34.855,29.98,NA,World Drop,1,https://tbc.wowhead.com/item=31255,NA,20,NULL,25,13,NULL,NULL,NULL,NULL,NA,NA,NA,NA,NA,NA
NA,13,Sergeant's Heavy Cloak,Sergeant's Heavy Cloak,Epic,34.751,NULL,NA,PvP,1,https://tbc.wowhead.com/item=28377,NA,38,NULL,NULL,NULL,19,NULL,NULL,NULL,NA,NA,NA,NA,NA,NA
NA,14,Sergeant's Heavy Cloak,Sergeant's Heavy Cloak,Epic,34.751,NULL,NA,PvP,1,https://tbc.wowhead.com/item=28380,NA,38,NULL,NULL,NULL,19,NULL,NULL,NULL,NA,NA,NA,NA,NA,NA
NA,15,Capacitus' Cloak of Calibration,Capacitus' Cloak of Calibration,Rare,34.186,NULL,The Mechanar,NA,1,https://tbc.wowhead.com/item=28249,NA,NULL,22,18,NULL,NULL,NULL,NULL,NULL,NA,NA,NA,NA,NA,NA
NA,NA,Chest,NA,NA,NULL,NULL,NA,NA,NULL,NA,NA,ap,str,agi,hit,crit,haste,arp,exp,socket,NA,NA,NA,NA,NA
NA,1,Bulwark of Kings,Bulwark of Kings,Epic,108.68,100.055,Blacksmithing,Crafted,1,https://tbc.wowhead.com/item=28484,NA,NULL,35,NULL,23,37,NULL,NULL,NULL,Blue,Yellow,Yellow,NA,NA,NA
NA,2,Terrorweave Tunic,Terrorweave Tunic,Epic,104.912,97.037,Shadowmoon Valley,Doomwalker,1,https://tbc.wowhead.com/item=30730,NA,96,NULL,NULL,21,25,NULL,NULL,NULL,Red,Yellow,Yellow,NA,NA,NA
NA,3,Breastplate of Kings,Breastplate of Kings,Epic,97.12,89.62,Blacksmithing,Crafted,1,https://tbc.wowhead.com/item=28483,NA,NULL,31,NULL,20,31,NULL,NULL,NULL,Blue,Yellow,Yellow,NA,NA,NA
NA,4,Warbringer Breastplate,Warbringer Breastplate,Epic,91.92,NULL,Magtheridon's Lair,Magtheridon,1,https://tbc.wowhead.com/item=29019,NA,NULL,44,NULL,NULL,26,NULL,NULL,NULL,Yellow,Blue,Blue,NA,NA,NA
NA,5,Ebon Netherscale Breastplate,Ebon Netherscale Breastplate,Epic,88.88,NULL,Leatherworking,Crafted,1,https://tbc.wowhead.com/item=29515,NA,80,NULL,NULL,NULL,31,NULL,NULL,NULL,Blue,Yellow,Blue,NA,NA,NA
NA,6,Twisting Nether Chain Shirt,Twisting Nether Chain Shirt,Epic,85.266,NULL,Blacksmithing,Crafted,1,https://tbc.wowhead.com/item=23564,NA,68,NULL,NULL,NULL,33,NULL,NULL,NULL,Red,Yellow,Blue,NA,NA,NA
NA,7,Primalstrike Vest,Primalstrike Vest,Epic,82.972,78.472,Leatherworking,Crafted,1,https://tbc.wowhead.com/item=29525,NA,108,NULL,38,12,NULL,NULL,NULL,NULL,NA,NA,NA,NA,NA,NA
NA,8,Gladiator's Plate Chestpiece,Gladiator's Plate Chestpiece,Epic,82.76,78.26,Season 1,PvP,1,https://tbc.wowhead.com/item=24544,NA,NULL,23,NULL,12,30,NULL,NULL,NULL,Red,Red,Yellow,NA,NA,NA
NA,9,Chestguard of the Conniver,Chestguard of the Conniver,Epic,80.914,72.664,Karazhan,Nightbane,1,https://tbc.wowhead.com/item=28601,NA,90,NULL,37,22,NULL,NULL,NULL,NULL,NA,NA,NA,NA,NA,NA
NA,10,Chestguard of Exile,Chestguard of Exile,Epic,77.12,NULL,NA,World Drop,1,https://tbc.wowhead.com/item=31320,NA,NULL,44,NULL,NULL,36,NULL,NULL,NULL,NA,NA,NA,NA,NA,NA
NA,11,Ragesteel Breastplate,Ragesteel Breastplate,Rare,76.68,NULL,Blacksmithing,Crafted,1,https://tbc.wowhead.com/item=23522,NA,NULL,50,NULL,NULL,29,NULL,NULL,NULL,NA,NA,NA,NA,NA,NA
NA,12,Chestplate of A'dal,Chestplate of A'dal,Rare,72.96,64.71,Netherstorm,Special Delivery to Shattrath City,1,https://tbc.wowhead.com/item=30258,NA,NULL,35,NULL,22,25,NULL,NULL,NULL,NA,NA,NA,NA,NA,NA
NA,13,Doomplate Chestguard,Doomplate Chestguard,Rare,71.48,NULL,Arcatraz,Harbinger Skyriss,1,https://tbc.wowhead.com/item=28403,NA,NULL,30,NULL,NULL,19,NULL,NULL,NULL,Red,Red,Blue,NA,NA,NA
NA,14,Crimsonforge Breastplate,Crimsonforge Breastplate,Rare,70.8,64.8,Hellfire Ramparts,Omor the Unscarred,1,https://tbc.wowhead.com/item=27906,NA,NULL,36,NULL,16,26,NULL,NULL,NULL,NA,NA,NA,NA,NA,NA
NA,15,The Exarch's Protector,The Exarch's Protector,Rare,70.56,NULL,Terokkar Forest,Everything Will Be Alright,1,https://tbc.wowhead.com/item=29337,NA,NULL,30,NULL,NULL,18,NULL,NULL,NULL,Yellow,Yellow,Yellow,NA,NA,NA
NA,NA,Wrist,NA,NA,NULL,NULL,NA,NA,NULL,NA,NA,ap,str,agi,hit,crit,haste,arp,exp,socket,NA,NA,NA,NA,NA
NA,1,Bladespire Warbands,Bladespire Warbands,Epic,58.08,NULL,Gruul's Lair,High King Maulgar,1,https://tbc.wowhead.com/item=28795,NA,NULL,20,NULL,NULL,24,NULL,NULL,NULL,Blue,Red,NA,NA,NA,NA
NA,2,Black Felsteel Bracers,Black Felsteel Bracers,Epic,46.24,NULL,Blacksmithing,Crafted,1,https://tbc.wowhead.com/item=23537,NA,NULL,26,NULL,NULL,22,NULL,NULL,NULL,NA,NA,NA,NA,NA,NA
NA,3,Veteran's Linked Bracers,Veteran's Linked Bracers,Epic,44.64,NULL,Mail Armor,NA,1,https://tbc.wowhead.com/item=32816,NA,NULL,21,NULL,NULL,17,NULL,NULL,NULL,Yellow,NA,NA,NA,NA,NA
NA,4,Bracers of Maliciousness,Bracers of Maliciousness,Epic,42.965,NULL,Karazhan,Maiden of Virtue,1,https://tbc.wowhead.com/item=28514,NA,50,NULL,NULL,NULL,22,NULL,NULL,NULL,NA,NA,NA,NA,NA,NA
NA,5,Ebon Netherscale Bracers,Ebon Netherscale Bracers,Epic,40.911,NULL,Leatherworking,Crafted,1,https://tbc.wowhead.com/item=29517,NA,38,NULL,NULL,NULL,17,NULL,NULL,NULL,Yellow,NA,NA,NA,NA,NA
NA,6,General's Linked Bracers,General's Linked Bracers,Epic,40.8,NULL,NA,NA,1,https://tbc.wowhead.com/item=28605,NA,NULL,19,NULL,NULL,15,NULL,NULL,NULL,Yellow,NA,NA,NA,NA,NA
NA,7,Marshal's Linked Bracers,Marshal's Linked Bracers,Epic,40.8,NULL,NA,PvP,1,https://tbc.wowhead.com/item=28989,NA,NULL,19,NULL,NULL,15,NULL,NULL,NULL,Yellow,NA,NA,NA,NA,NA
NA,8,General's Scaled Bracers,General's Scaled Bracers,Epic,40.44,NULL,Season 1,PvP,1,https://tbc.wowhead.com/item=28646,NA,NULL,26,NULL,NULL,7,NULL,NULL,NULL,Yellow,NA,NA,NA,NA,NA
NA,9,Marshal's Scaled Bracers,Marshal's Scaled Bracers,Epic,40.44,NULL,NA,PvP,1,https://tbc.wowhead.com/item=28999,NA,NULL,26,NULL,NULL,7,NULL,NULL,NULL,Yellow,NA,NA,NA,NA,NA
NA,10,General's Plate Bracers,General's Plate Bracers,Epic,39.88,NULL,Season 1,PvP,1,https://tbc.wowhead.com/item=28381,NA,NULL,19,NULL,NULL,14,NULL,NULL,NULL,Yellow,NA,NA,NA,NA,NA
NA,11,Marshal's Plate Bracers,Marshal's Plate Bracers,Epic,39.88,NULL,NA,PvP,1,https://tbc.wowhead.com/item=28996,NA,NULL,19,NULL,NULL,14,NULL,NULL,NULL,Yellow,NA,NA,NA,NA,NA
NA,12,Primalstrike Bracers,Primalstrike Bracers,Epic,39.243,NULL,Leatherworking,Crafted,1,https://tbc.wowhead.com/item=29527,NA,64,NULL,15,NULL,NULL,NULL,NULL,NULL,NA,NA,NA,NA,NA,NA
NA,13,Windrager's Coils,Windrager's Coils,Rare,38.31,NULL,NA,NA,1,https://tbc.wowhead.com/item=32532,NA,60,NULL,NULL,NULL,12,NULL,NULL,NULL,NA,NA,NA,NA,NA,NA
NA,14,Felstalker Bracers,Felstalker Bracers,Rare,37.457,NULL,Leatherworking,Crafted,1,https://tbc.wowhead.com/item=25697,NA,38,NULL,18,NULL,NULL,NULL,NULL,NULL,Blue,NA,NA,NA,NA,NA
NA,15,Nightfall Wristguards,Nightfall Wristguards,Epic,37.155,NULL,Old Hillsbrad Foothills,Epoch Hunter,1,https://tbc.wowhead.com/item=29246,NA,46,NULL,24,NULL,NULL,NULL,NULL,NULL,NA,NA,NA,NA,NA,NA
NA,NA,Hands,NA,NA,NULL,NULL,NA,NA,NULL,NA,NA,ap,str,agi,hit,crit,haste,arp,exp,socket,NA,NA,NA,NA,NA
NA,1,Gauntlets of Martial Perfection,Gauntlets of Martial Perfection,Epic,73.16,NULL,Gruul's Lair,Gruul the Dragonkiller,1,https://tbc.wowhead.com/item=28824,NA,NULL,36,NULL,NULL,23,NULL,NULL,NULL,Blue,Yellow,NA,NA,NA,NA
NA,2,Liar's Tongue Gloves,Liar's Tongue Gloves,Epic,72.644,NULL,Magtheridon's Lair,Magtheridon,1,https://tbc.wowhead.com/item=28776,NA,72,NULL,NULL,NULL,26,NULL,NULL,NULL,Blue,Blue,NA,NA,NA,NA
NA,3,Fel Leather Gloves,Fel Leather Gloves,Rare,66.002,59.627,Leatherworking,Crafted,1,https://tbc.wowhead.com/item=25685,NA,36,NULL,NULL,17,24,NULL,NULL,NULL,Yellow,Red,NA,NA,NA,NA
NA,4,Grips of Deftness,Grips of Deftness,Epic,65.053,NULL,Karazhan,Trash,1,https://tbc.wowhead.com/item=30644,NA,60,NULL,29,NULL,NULL,NULL,NULL,15,NA,NA,NA,NA,NA,NA
NA,5,Warbringer Gauntlets,Warbringer Gauntlets,Epic,61.811,55.061,Karazhan,The Curator,1,https://tbc.wowhead.com/item=29020,NA,NULL,34,23,18,NULL,NULL,NULL,NULL,NA,NA,NA,NA,NA,NA
NA,6,Ragesteel Gloves,Ragesteel Gloves,Rare,59.84,NULL,Blacksmithing,Crafted,1,https://tbc.wowhead.com/item=23520,NA,NULL,35,NULL,NULL,27,NULL,NULL,NULL,NA,NA,NA,NA,NA,NA
NA,7,Windslayer Wraps,Windslayer Wraps,Epic,59.746,53.371,Leatherworking,Crafted,1,https://tbc.wowhead.com/item=29507,NA,NULL,36,18,17,NULL,NULL,NULL,NULL,NA,NA,NA,NA,NA,NA
NA,8,Windstrike Gloves,Windstrike Gloves,Epic,59.746,53.371,Leatherworking,Crafted,1,https://tbc.wowhead.com/item=29509,NA,NULL,36,18,17,NULL,NULL,NULL,NULL,NA,NA,NA,NA,NA,NA
NA,9,Cobrascale Gloves,Cobrascale Gloves,Epic,59.325,51.825,Leatherworking,Crafted,1,https://tbc.wowhead.com/item=29503,NA,50,NULL,NULL,20,25,NULL,NULL,NULL,NA,NA,NA,NA,NA,NA
NA,10,Felfury Gauntlets,Felfury Gauntlets,Epic,59.02,NULL,Blacksmithing,Crafted,1,https://tbc.wowhead.com/item=23531,NA,40,NULL,NULL,NULL,27,NULL,NULL,NULL,Red,Blue,NA,NA,NA,NA
NA,11,Gloves of Dexterous Manipulation,Gloves of Dexterous Manipulation,Epic,58.784,NULL,Karazhan,Attumen the Huntsman,1,https://tbc.wowhead.com/item=28506,NA,42,NULL,35,NULL,NULL,NULL,NULL,NULL,Red,Blue,NA,NA,NA,NA
NA,12,Rapscallion's Touch,Rapscallion's Touch,Rare,55.675,50.05,NA,Rescue Deirom!,1,https://tbc.wowhead.com/item=25969,NA,NULL,NULL,15,15,21,NULL,NULL,NULL,Red,Yellow,NA,NA,NA,NA
NA,13,Gloves of Quickening,Gloves of Quickening,Epic,55.274,NULL,Karazhan,Maiden of Virtue,1,https://tbc.wowhead.com/item=28519,NA,52,NULL,NULL,NULL,17,NULL,NULL,NULL,Blue,Red,NA,NA,NA,NA
NA,14,Doomplate Gauntlets,Doomplate Gauntlets,Rare,55,NULL,Blood Furnace,Keli'dan the Breaker,1,https://tbc.wowhead.com/item=27497,NA,NULL,31,NULL,NULL,NULL,NULL,NULL,NULL,Yellow,Yellow,Blue,NA,NA,NA
NA,15,Gauntlets of Annihilation,Gauntlets of Annihilation,Epic,54.68,50.93,Classic,NA,0,https://tbc.wowhead.com/item=21581,NA,NULL,35,NULL,10,14,NULL,NULL,NULL,NA,NA,NA,NA,NA,NA
NA,NA,Waist,NA,NA,NULL,NULL,NA,NA,NULL,NA,NA,ap,str,agi,hit,crit,haste,arp,exp,socket,NA,NA,NA,NA,NA
NA,1,Girdle of the Endless Pit,Girdle of the Endless Pit,Epic,75.76,NULL,Magtheridon's Lair,Magtheridon,1,https://tbc.wowhead.com/item=28779,NA,NULL,34,NULL,NULL,28,NULL,NULL,NULL,Red,Blue,NA,NA,NA,NA
NA,2,Gronn-Stitched Girdle,Gronn-Stitched Girdle,Epic,71.724,NULL,Gruul's Lair,Gruul the Dragonkiller,1,https://tbc.wowhead.com/item=28828,NA,72,NULL,NULL,NULL,25,NULL,NULL,NULL,Blue,Yellow,NA,NA,NA,NA
NA,3,Ebon Netherscale Belt,Ebon Netherscale Belt,Epic,58.056,NULL,Leatherworking,Crafted,1,https://tbc.wowhead.com/item=29516,NA,48,NULL,NULL,NULL,22,NULL,NULL,NULL,Blue,Yellow,NA,NA,NA,NA
NA,4,Girdle of the Deathdealer,Girdle of the Deathdealer,Epic,58.008,50.508,Black Morass,Aeonus,1,https://tbc.wowhead.com/item=29247,NA,56,NULL,28,20,NULL,NULL,NULL,NULL,NA,NA,NA,NA,NA,NA
NA,5,Deathforge Girdle,Deathforge Girdle,Rare,56.4,NULL,Sethekk Halls,Talon King Ikiss,1,https://tbc.wowhead.com/item=27985,NA,NULL,22,NULL,NULL,20,NULL,NULL,NULL,Red,Blue,NA,NA,NA,NA
NA,6,Rune-Engraved Belt,Rune-Engraved Belt,Rare,55.97,46.97,NA,Fel Embers,1,https://tbc.wowhead.com/item=25789,NA,50,NULL,25,24,NULL,NULL,NULL,NULL,NA,NA,NA,NA,NA,NA
NA,7,Terror Pit Girdle,Terror Pit Girdle,Epic,55.318,NULL,Magtheridon's Lair,Magtheridon,1,https://tbc.wowhead.com/item=28778,NA,44,NULL,NULL,NULL,21,NULL,NULL,NULL,Blue,Red,NA,NA,NA,NA
NA,8,Girdle of Treachery,Girdle of Treachery,Epic,54.547,NULL,Karazhan,Chess Event,1,https://tbc.wowhead.com/item=28750,NA,58,NULL,18,NULL,NULL,NULL,NULL,NULL,Red,Red,NA,NA,NA,NA
NA,9,Girdle of the Mentor,Girdle of the Mentor,Epic,54.22,50.47,Naxxramas,Instructor Razuvious,1,https://tbc.wowhead.com/item=23219,NA,NULL,21,20,10,14,NULL,NULL,NULL,NA,NA,NA,NA,NA,NA
NA,10,Dunewind Sash,Dunewind Sash,Rare,52.942,NULL,Underbog,Ghaz'an,1,https://tbc.wowhead.com/item=27760,NA,50,NULL,21,NULL,NULL,NULL,NULL,NULL,Red,Blue,NA,NA,NA,NA
NA,11,Belt of the Raven Lord,Belt of the Raven Lord,Rare,52.509,NULL,Sethekk Halls,Anzu,1,https://tbc.wowhead.com/item=32769,NA,NULL,25,17,NULL,NULL,NULL,NULL,NULL,Red,Blue,NA,NA,NA,NA
NA,12,Girdle of Gallantry,Girdle of Gallantry,Rare,52.478,NULL,Underbog,Ghaz'an,1,https://tbc.wowhead.com/item=27755,NA,NULL,27,14,NULL,NULL,NULL,NULL,NULL,Red,Yellow,NA,NA,NA,NA
NA,13,Shattrath's Champion Belt,Shattrath's Champion Belt,Rare,52.245,46.62,NA,How to Break Into the Arcatraz,1,https://tbc.wowhead.com/item=31462,NA,50,NULL,NULL,15,21,NULL,NULL,NULL,NA,NA,NA,NA,NA,NA
NA,14,General's Plate Belt,General's Plate Belt,Epic,51.84,NULL,Season 1,PvP,1,https://tbc.wowhead.com/item=28385,NA,NULL,27,NULL,NULL,27,NULL,NULL,NULL,NA,NA,NA,NA,NA,NA
NA,15,General's Linked Girdle,General's Linked Girdle,Epic,51.84,NULL,NA,NA,1,https://tbc.wowhead.com/item=28629,NA,NULL,27,NULL,NULL,27,NULL,NULL,NULL,NA,NA,NA,NA,NA,NA
NA,NA,Ring,NA,NA,NULL,NULL,NA,NA,NULL,NA,NA,ap,str,agi,hit,crit,haste,arp,exp,socket,NA,NA,NA,NA,NA
NA,1,Ring of Reciprocity,Ring of Reciprocity,Epic,55.859,50.234,Hellfire Peninsula,Doom Lord Kazzak,1,https://tbc.wowhead.com/item=30738,NA,62,NULL,NULL,15,19,NULL,NULL,NULL,NA,NA,NA,NA,NA,NA
NA,2,Ring of a Thousand Marks,Ring of a Thousand Marks,Epic,54.078,46.953,Karazhan,Prince Malchezaar,1,https://tbc.wowhead.com/item=28757,NA,44,NULL,NULL,19,23,NULL,NULL,NULL,NA,NA,NA,NA,NA,NA
NA,3,Shaffar's Band of Brutality,Shaffar's Band of Brutality,Epic,49.5,42.375,Mana-Tombs,Yor,1,https://tbc.wowhead.com/item=31920,NA,40,NULL,NULL,19,20,NULL,NULL,NULL,NA,NA,NA,NA,NA,NA
NA,4,Mithril Band of the Unscarred,Mithril Band of the Unscarred,Epic,46.24,NULL,Karazhan,Netherspite,1,https://tbc.wowhead.com/item=28730,NA,NULL,26,NULL,NULL,22,NULL,NULL,NULL,NA,NA,NA,NA,NA,NA
NA,5,Garona's Signet Ring,Garona's Signet Ring,Epic,43.96,37.21,Karazhan,The Curator,1,https://tbc.wowhead.com/item=28649,NA,40,NULL,20,18,NULL,NULL,NULL,NULL,NA,NA,NA,NA,NA,NA
NA,6,Violet Signet of the Master Assassin,Violet Signet of the Master Assassin,Epic,42.452,33.077,Deadwind Pass,Eminence Among the Violet Eye,1,https://tbc.wowhead.com/item=29283,NA,56,NULL,NULL,25,NULL,NULL,NULL,NULL,NA,NA,NA,NA,NA,NA
NA,7,Overseer's Signet,Overseer's Signet,Rare,41.955,38.205,Netherstorm,Shutting Down Manaforge Ara,1,https://tbc.wowhead.com/item=30365,NA,NULL,25,15,10,NULL,NULL,NULL,NULL,NA,NA,NA,NA,NA,NA
NA,8,Shapeshifter's Signet,Shapeshifter's Signet,Epic,41.125,NULL,Lower City,Exalted,1,https://tbc.wowhead.com/item=30834,NA,NULL,NULL,25,NULL,NULL,NULL,NULL,20,NA,NA,NA,NA,NA,NA
NA,9,Ring of the Recalcitrant,Ring of the Recalcitrant,Epic,40.791,NULL,Magtheridon's Lair,The Fall of Magtheridon,1,https://tbc.wowhead.com/item=28791,NA,54,NULL,24,NULL,NULL,NULL,NULL,NULL,NA,NA,NA,NA,NA,NA
NA,10,Violet Signet,Violet Signet,Epic,39.954,30.954,Deadwind Pass,Distinguished Service,1,https://tbc.wowhead.com/item=29282,NA,52,NULL,NULL,24,NULL,NULL,NULL,NULL,NA,NA,NA,NA,NA,NA
NA,11,A'dal's Command,A'dal's Command,Epic,39.832,NULL,The Sha'tar,Exalted,1,https://tbc.wowhead.com/item=29177,NA,NULL,29,16,NULL,NULL,NULL,NULL,NULL,NA,NA,NA,NA,NA,NA
NA,12,Kaylaan's Signet,Kaylaan's Signet,Rare,39.68,35.93,Terokkar Forest,Deathblow to the Legion,1,https://tbc.wowhead.com/item=30860,NA,50,NULL,15,10,NULL,NULL,NULL,NULL,NA,NA,NA,NA,NA,NA
NA,13,Slayer's Mark of the Redemption,Slayer's Mark of the Redemption,Rare,39.68,35.93,Shadowmoon Valley,Dissension Amongst the Ranks...,1,https://tbc.wowhead.com/item=31077,NA,50,NULL,15,10,NULL,NULL,NULL,NULL,NA,NA,NA,NA,NA,NA
NA,14,Reavers' Ring,Reavers' Ring,Rare,39.56,NULL,Hellfire Ramparts,NA,1,https://tbc.wowhead.com/item=27460,NA,NULL,23,NULL,NULL,18,NULL,NULL,NULL,NA,NA,NA,NA,NA,NA
NA,15,Weathered Band of the Swamplord,Weathered Band of the Swamplord,Rare,39.32,NULL,Underbog,Swamplord Musel'ek,1,https://tbc.wowhead.com/item=27762,NA,NULL,20,NULL,NULL,21,NULL,NULL,NULL,NA,NA,NA,NA,NA,NA
NA,NA,Legs,NA,NA,NULL,NULL,NA,NA,NULL,NA,NA,ap,str,agi,hit,crit,haste,arp,exp,socket,NA,NA,NA,NA,NA
NA,1,Scaled Greaves of the Marksman,Scaled Greaves of the Marksman,Epic,94.471,88.471,Hellfire Peninsula,Doom Lord Kazzak,1,https://tbc.wowhead.com/item=30739,NA,76,NULL,37,16,NULL,NULL,NULL,NULL,Red,Red,Red,NA,NA,NA
NA,2,Skulker's Greaves,Skulker's Greaves,Epic,93.792,83.292,Karazhan,Netherspite,1,https://tbc.wowhead.com/item=28741,NA,64,NULL,32,28,NULL,NULL,NULL,NULL,Red,Red,Blue,NA,NA,NA
NA,3,Midnight Legguards,Midnight Legguards,Epic,89.488,83.113,Slave Pens,Quagmirran,1,https://tbc.wowhead.com/item=30538,NA,64,NULL,NULL,17,27,NULL,NULL,NULL,Red,Red,Blue,NA,NA,NA
NA,4,Fel Leather Leggings,Fel Leather Leggings,Rare,87.634,78.259,Leatherworking,Crafted,1,https://tbc.wowhead.com/item=25687,NA,52,NULL,NULL,25,25,NULL,NULL,NULL,Red,Yellow,Yellow,NA,NA,NA
NA,5,Warbringer Greaves,Warbringer Greaves,Epic,85.04,NULL,Gruul's Lair,Gruul the Dragonkiller,1,https://tbc.wowhead.com/item=29022,NA,NULL,51,NULL,NULL,37,NULL,NULL,NULL,NA,NA,NA,NA,NA,NA
NA,6,Clefthoof Hide Leggings,Clefthoof Hide Leggings,Rare,83.65,77.275,Blade's Edge Mountains,Showdown,1,https://tbc.wowhead.com/item=31544,NA,NULL,30,30,17,NULL,NULL,NULL,18,NA,NA,NA,NA,NA,NA
NA,7,Gladiator's Plate Legguards,Gladiator's Plate Legguards,Epic,81.28,76.78,Season 1,PvP,1,https://tbc.wowhead.com/item=24547,NA,NULL,40,NULL,12,36,NULL,NULL,NULL,NA,NA,NA,NA,NA,NA
NA,8,Vanquisher's Legplates,Vanquisher's Legplates,Epic,81.16,NULL,Mechanar,Pathaleon the Calculator,1,https://tbc.wowhead.com/item=30533,NA,NULL,36,NULL,NULL,23,NULL,NULL,NULL,Red,Red,Blue,NA,NA,NA
NA,9,Shattrath Leggings,Shattrath Leggings,Rare,78.545,NULL,Netherstorm,Special Delivery to Shattrath City,1,https://tbc.wowhead.com/item=30257,NA,NULL,35,25,NULL,NULL,NULL,NULL,22,NA,NA,NA,NA,NA,NA
NA,10,Wyrmscale Greaves,Wyrmscale Greaves,Epic,77.008,NULL,Old Hillsbrad Foothills,Epoch Hunter,1,https://tbc.wowhead.com/item=30534,NA,64,NULL,NULL,NULL,26,NULL,NULL,NULL,Blue,Blue,Yellow,NA,NA,NA
NA,11,Legguards of the Shattered Hand,Legguards of the Shattered Hand,Rare,76.984,67.984,NA,NA,1,https://tbc.wowhead.com/item=31298,NA,NULL,39,32,24,NULL,NULL,NULL,NULL,NA,NA,NA,NA,NA,NA
NA,12,Rip-Flayer Leggings,Rip-Flayer Leggings,Epic,75.212,NULL,Karazhan,Netherspite,1,https://tbc.wowhead.com/item=28740,NA,56,NULL,NULL,NULL,28,NULL,NULL,NULL,Red,Yellow,Blue,NA,NA,NA
NA,13,Forestwalker Kilt,Forestwalker Kilt,Epic,74.602,NULL,Mana-Tombs,Nexus-Prince Shaffar,1,https://tbc.wowhead.com/item=30535,NA,NULL,33,26,NULL,NULL,NULL,NULL,NULL,Red,Blue,Blue,NA,NA,NA
NA,14,Mennu's Scaled Leggings,Mennu's Scaled Leggings,Rare,74.347,NULL,Slave Pens,Mennu the Betrayer,1,https://tbc.wowhead.com/item=27545,NA,46,NULL,NULL,NULL,32,NULL,NULL,NULL,Red,Red,Blue,NA,NA,NA
NA,15,Doomplate Legguards,Doomplate Legguards,Rare,72.4,66.025,Auchenai Crypts,Exarch Maladaar,1,https://tbc.wowhead.com/item=27870,NA,NULL,36,NULL,17,27,NULL,NULL,NULL,NA,NA,NA,NA,NA,NA
NA,NA,Feet,NA,NA,NULL,NULL,NA,NA,NULL,NA,NA,ap,str,agi,hit,crit,haste,arp,exp,socket,NA,NA,NA,NA,NA
NA,1,Fel Leather Boots,Fel Leather Boots,Rare,65.002,55.627,Leatherworking,Crafted,1,https://tbc.wowhead.com/item=25686,NA,36,NULL,NULL,25,17,NULL,NULL,NULL,Yellow,Red,NA,NA,NA,NA
NA,2,Edgewalker Longboots,Edgewalker Longboots,Epic,64.471,59.596,Karazhan,Moroes,1,https://tbc.wowhead.com/item=28545,NA,44,NULL,29,13,NULL,NULL,NULL,NULL,Red,Yellow,NA,NA,NA,NA
NA,3,Ironstriders of Urgency,Ironstriders of Urgency,Epic,62.54,NULL,Karazhan,Nightbane,1,https://tbc.wowhead.com/item=28608,NA,NULL,33,20,NULL,NULL,NULL,NULL,NULL,Red,Yellow,NA,NA,NA,NA
NA,4,Fiend Slayer Boots,Fiend Slayer Boots,Epic,60.615,54.24,Karazhan,Chess Event,1,https://tbc.wowhead.com/item=28746,NA,34,NULL,26,17,NULL,NULL,NULL,NULL,Red,Blue,NA,NA,NA,NA
NA,5,Rapscallion Boots,Rapscallion Boots,Epic,59.349,NULL,Karazhan,Shade of Aran,1,https://tbc.wowhead.com/item=28669,NA,82,NULL,NULL,NULL,24,NULL,NULL,NULL,NA,NA,NA,NA,NA,NA
NA,6,Ferocious Swift-Kickers,Ferocious Swift-Kickers,Epic,57.081,NULL,Karazhan,Nightbane,1,https://tbc.wowhead.com/item=28610,NA,58,NULL,NULL,NULL,16,NULL,NULL,NULL,Yellow,Blue,NA,NA,NA,NA
NA,7,Boots of the Unjust,Boots of the Unjust,Rare,55.408,50.533,Auchenai Crypts,Exarch Maladaar,1,https://tbc.wowhead.com/item=27867,NA,64,NULL,NULL,13,19,NULL,NULL,NULL,NA,NA,NA,NA,NA,NA
NA,8,Sha'tari Wrought Greaves,Sha'tari Wrought Greaves,Rare,54.217,NULL,Shadow Labyrinth,Into the Heart of the Labyrinth,1,https://tbc.wowhead.com/item=28176,NA,NULL,24,21,NULL,NULL,NULL,NULL,NULL,Red,Blue,NA,NA,NA,NA
NA,9,Zierhut's Lost Treads,Zierhut's Lost Treads,Epic,52.956,NULL,Karazhan,Trash,1,https://tbc.wowhead.com/item=30674,NA,NULL,34,28,NULL,NULL,NULL,NULL,NULL,NA,NA,NA,NA,NA,NA
NA,10,General's Plate Greaves,General's Plate Greaves,Epic,51.84,NULL,Season 1,PvP,1,https://tbc.wowhead.com/item=28383,NA,NULL,27,NULL,NULL,27,NULL,NULL,NULL,NA,NA,NA,NA,NA,NA
NA,11,Marshal's Plate Greaves,Marshal's Plate Greaves,Epic,51.84,NULL,NA,PvP,1,https://tbc.wowhead.com/item=28997,NA,NULL,27,NULL,NULL,27,NULL,NULL,NULL,NA,NA,NA,NA,NA,NA
NA,12,Boots of the Shifting Sands,Boots of the Shifting Sands,Rare,51.66,NULL,Botanica,Laj,1,https://tbc.wowhead.com/item=28339,NA,40,NULL,NULL,NULL,19,NULL,NULL,NULL,Red,Yellow,NA,NA,NA,NA
NA,13,Farahlite Studded Boots,Farahlite Studded Boots,Uncommon,51.004,NULL,NA,A Fate Worse Than Death,0,https://tbc.wowhead.com/item=30401,NA,56,NULL,16,NULL,16,NULL,NULL,NULL,NA,NA,NA,NA,NA,NA
NA,14,General's Scaled Greaves,General's Scaled Greaves,Epic,50.72,NULL,Season 1,PvP,1,https://tbc.wowhead.com/item=28645,NA,NULL,36,NULL,NULL,16,NULL,NULL,NULL,NA,NA,NA,NA,NA,NA
NA,15,Marshal's Scaled Greaves,Marshal's Scaled Greaves,Epic,50.72,NULL,NA,PvP,1,https://tbc.wowhead.com/item=29000,NA,NULL,36,NULL,NULL,16,NULL,NULL,NULL,NA,NA,NA,NA,NA,NA
NA,NA,Trinket,NA,NA,NULL,NULL,NA,NA,NULL,NA,NA,ap,str,agi,hit,crit,haste,arp,exp,socket,NA,NA,NA,NA,NA
NA,1,Dragonspine Trophy,Dragonspine Trophy,Epic,88.38,NULL,Gruul's Lair,Gruul the Dragonkiller,1,https://tbc.wowhead.com/item=28830,NA,40,NULL,NULL,NULL,NULL,130,NULL,NULL,NA,NA,NA,NA,NA,NA
NA,2,Mark of the Champion (undead/demon),Mark of the Champion (undead/demon),Epic,68.175,NULL,NA,The Fall of Kel'Thuzad,1,https://tbc.wowhead.com/item=23206,NA,150,NULL,NULL,NULL,NULL,NULL,NULL,NULL,NA,NA,NA,NA,NA,NA
NA,3,Bloodlust Brooch,Bloodlust Brooch,Epic,53.631,NULL,Badge of Justice,G'eras,1,https://tbc.wowhead.com/item=29383,NA,118,NULL,NULL,NULL,NULL,NULL,NULL,NULL,NA,NA,NA,NA,NA,NA
NA,4,Hourglass of the Unraveller,Hourglass of the Unraveller,Rare,52.165,NULL,Black Morass,Temporus,1,https://tbc.wowhead.com/item=28034,NA,50,NULL,NULL,NULL,32,NULL,NULL,NULL,NA,NA,NA,NA,NA,NA
NA,5,Slayer's Crest,Slayer's Crest,Epic,48.6315,NULL,Naxxramas,Sapphiron,0,https://tbc.wowhead.com/item=23041,NA,107,NULL,NULL,NULL,NULL,NULL,NULL,NULL,NA,NA,NA,NA,NA,NA
NA,6,Abacus of Violent Odds,Abacus of Violent Odds,Rare,40.779,NULL,Mechanar,Pathaleon the Calculator,1,https://tbc.wowhead.com/item=28288,NA,64,NULL,NULL,NULL,NULL,21.65,NULL,NULL,NA,NA,NA,NA,NA,NA
NA,7,Drake Fang Talisman,Drake Fang Talisman,Epic,39.052,31.552,Blackwing Lair,Ebonroc,0,https://tbc.wowhead.com/item=19406,NA,56,NULL,NULL,20,NULL,NULL,NULL,NULL,NA,NA,NA,NA,NA,NA
NA,8,Bladefist's Breadth,Bladefist's Breadth,Rare,38.9185,NULL,Hellfire Peninsula,Overlord,1,https://tbc.wowhead.com/item=28041,NA,33,NULL,NULL,NULL,26,NULL,NULL,NULL,NA,NA,NA,NA,NA,NA
NA,9,Core of Ar'kelos,Core of Ar'kelos,Uncommon,38.6325,NULL,Archmage Vargoth,Ar'kelos the Guardian,1,https://tbc.wowhead.com/item=29776,NA,85,NULL,NULL,NULL,NULL,NULL,NULL,NULL,NA,NA,NA,NA,NA,NA
NA,10,Icon of Unyielding Courage,Icon of Unyielding Courage,Rare,35.4,24.15,Blood Furnace,Keli'dan the Breaker,1,https://tbc.wowhead.com/item=28121,NA,NULL,NULL,NULL,30,NULL,NULL,100,NULL,NA,NA,NA,NA,NA,NA
NA,11,Ancient Draenei War Talisman,Ancient Draenei War Talisman,Uncommon,34.468485,NULL,NA,The Vengeful Harbinger,0,https://tbc.wowhead.com/item=31617,NA,33.33,NULL,NULL,NULL,21,NULL,NULL,NULL,NA,NA,NA,NA,NA,NA
NA,12,Kiss of the Spider,Kiss of the Spider,Epic,33.18,29.43,Classic,NA,0,https://tbc.wowhead.com/item=22954,NA,NULL,NULL,NULL,10,14,25,NULL,NULL,NA,NA,NA,NA,NA,NA
NA,13,Figurine - Felsteel Boar,Figurine - Felsteel Boar,Rare,30.906,NULL,Jewelcrafting,Crafted,1,https://tbc.wowhead.com/item=24124,NA,68,NULL,NULL,NULL,NULL,NULL,NULL,NULL,NA,NA,NA,NA,NA,NA
NA,14,Badge of the Swarmguard,Badge of the Swarmguard,Epic,28.5,NULL,Ahn'Qiraj,Battleguard Sartura,0,https://tbc.wowhead.com/item=21670,NA,NULL,NULL,NULL,NULL,NULL,NULL,190,NULL,NA,NA,NA,NA,NA,NA
NA,15,Jom Gabbar,Jom Gabbar,Epic,27.27,NULL,Classic,NA,0,https://tbc.wowhead.com/item=23570,NA,60,NULL,NULL,NULL,NULL,NULL,NULL,NULL,NA,NA,NA,NA,NA,NA
NA,NA,Ranged,NA,NA,NULL,NULL,NA,NA,NULL,NA,NA,ap,str,agi,hit,crit,haste,arp,exp,socket,NA,NA,NA,NA,NA
NA,NA,Sunfury Bow of the Phoenix,Sunfury Bow of the Phoenix,Epic,28.316,NULL,Karazhan,Prince Malchezaar,1,https://tbc.wowhead.com/item=28772,NA,34,NULL,19,NULL,NULL,NULL,NULL,NULL,NA,NA,NA,NA,NA,NA
NA,NA,Mama's Insurance,Mama's Insurance,Uncommon,26.834,NULL,NA,Declawing Doomclaw,1,https://tbc.wowhead.com/item=30279,NA,32,NULL,10,NULL,6,NULL,NULL,NULL,NA,NA,NA,NA,NA,NA
NA,NA,Barrel-Blade Longrifle,Barrel-Blade Longrifle,Epic,26.832,NULL,Shadowmoon Valley,Doomwalker,1,https://tbc.wowhead.com/item=30724,NA,NULL,NULL,16,NULL,NULL,NULL,NULL,NULL,Red,Red,NA,NA,NA,NA
NA,NA,Xavian Stiletto,Xavian Stiletto,Epic,26.56,22.06,Karazhan,Terestian Illhoof,1,https://tbc.wowhead.com/item=28659,NA,NULL,NULL,NULL,12,20,NULL,NULL,NULL,NA,NA,NA,NA,NA,NA
NA,NA,Veteran's Musket,Veteran's Musket,Epic,25.603,21.478,Honor Hold,Exalted,1,https://tbc.wowhead.com/item=29151,NA,22,NULL,12,11,NULL,NULL,NULL,NULL,NA,NA,NA,NA,NA,NA
NA,NA,Marksman's Bow,Marksman's Bow,Epic,25.603,21.478,Thrallmar,Exalted,1,https://tbc.wowhead.com/item=29152,NA,22,NULL,12,11,NULL,NULL,NULL,NULL,NA,NA,NA,NA,NA,NA
NA,NA,Felsteel Whisper Knives,Felsteel Whisper Knives,Rare,25.09,21.34,Blacksmithing,Crafted,1,https://tbc.wowhead.com/item=29204,NA,20,NULL,NULL,10,10,NULL,NULL,NULL,NA,NA,NA,NA,NA,NA
NA,NA,Wolfslayer Sniper Rifle,Wolfslayer Sniper Rifle,Epic,24.699,NULL,Karazhan,The Big Bad Wolf,1,https://tbc.wowhead.com/item=28581,NA,32,NULL,15,NULL,NULL,NULL,NULL,NULL,NA,NA,NA,NA,NA,NA
NA,NA,Steelhawk Crossbow,Steelhawk Crossbow,Epic,24.515,18.515,Karazhan,Attumen the Huntsman,1,https://tbc.wowhead.com/item=28504,NA,30,NULL,NULL,16,NULL,NULL,NULL,NULL,NA,NA,NA,NA,NA,NA
NA,NA,Nerubian Slavemaker,Nerubian Slavemaker,Epic,23.788,NULL,Naxxramas,Kel'Thuzad,1,https://tbc.wowhead.com/item=22812,NA,24,NULL,NULL,NULL,14,NULL,NULL,NULL,NA,NA,NA,NA,NA,NA
NA,NA,Spinesever,Spinesever,Epic,23.337,19.587,Strong Junkbox,World Drop,1,https://tbc.wowhead.com/item=34622,NA,20,NULL,11,10,NULL,NULL,NULL,NULL,NA,NA,NA,NA,NA,NA
NA,NA,Emberhawk Crossbow,Emberhawk Crossbow,Rare,22.923,NULL,Arcatraz,Wrath-Scryer Soccothrates,1,https://tbc.wowhead.com/item=28397,NA,14,NULL,NULL,NULL,18,NULL,NULL,NULL,NA,NA,NA,NA,NA,NA
NA,NA,Wrathfire Hand-Cannon,Wrathfire Hand-Cannon,Rare,22.835,NULL,Shadow Labyrinth,Grandmaster Vorpil,1,https://tbc.wowhead.com/item=27898,NA,30,NULL,NULL,NULL,10,NULL,NULL,NULL,NA,NA,NA,NA,NA,NA
NA,NA,Wrathtide Longbow,Wrathtide Longbow,Epic,22.204,NULL,Steamvault,Warlord Kalithresh,1,https://tbc.wowhead.com/item=29351,NA,28,NULL,14,NULL,NULL,NULL,NULL,NULL,NA,NA,NA,NA,NA,NA
NA,NA,Hemet's Elekk Gun,Hemet's Elekk Gun,Rare,21.948,NULL,Nagrand,The Ultimate Bloodsport,1,https://tbc.wowhead.com/item=25639,NA,24,NULL,NULL,NULL,12,NULL,NULL,NULL,NA,NA,NA,NA,NA,NA
NA,NA,Two Hand,NA,NA,NULL,NULL,NA,NA,NULL,NA,NA,type,dps,spd,ap,str,agi,hit,crit,haste,arp,exp,socket,NA,NA
NA,1,Lionheart Champion,Lionheart Champion,Epic,1057.588,NULL,Blacksmithing,Crafted,1,https://tbc.wowhead.com/item=28429,NA,Sword,118.6,3.6,NULL,79,44,NULL,NULL,NA,NA,NA,NA,NA,NA
NA,2,Mooncleaver,Mooncleaver,Epic,1044.817,NULL,Blacksmithing,Crafted,1,https://tbc.wowhead.com/item=28435,NA,Axe,118.6,3.7,106,NULL,NULL,NULL,52,NA,NA,NA,NA,NA,NA
NA,3,Gorehowl,Gorehowl,Epic,1037.311,NULL,Karazhan,Prince Malchezaar,1,https://tbc.wowhead.com/item=28773,NA,Axe,119.9,3.6,NULL,49,43,NULL,NULL,NA,NA,NA,NA,NA,NA
NA,4,Ethereum Nexus-Reaver,Ethereum Nexus-Reaver,Epic,1036.8,NULL,Shadowmoon Valley,Doomwalker,1,https://tbc.wowhead.com/item=30722,NA,Axe,116.9,3.7,NULL,50,NULL,NULL,30,NA,NA,NA,Red,Yellow,Yellow
NA,5,Hammer of the Naaru,Hammer of the Naaru,Epic,1027.2,NULL,Gruul's Lair,High King Maulgar,1,https://tbc.wowhead.com/item=28800,NA,Mace,119.9,3.6,NULL,44,NULL,NULL,NULL,NA,NA,NA,Red,Red,Blue
NA,6,Gladiator's Greatsword,Gladiator's Greatsword,Epic,1026.6,1019.1,Season 1,PvP,1,https://tbc.wowhead.com/item=24550,NA,Sword,118.6,3.6,NULL,32,NULL,20,35,NA,NA,NA,NA,NA,NA
NA,7,Gladiator's Bonegrinder,Gladiator's Bonegrinder,Epic,1026.6,1019.1,Season 1,PvP,1,https://tbc.wowhead.com/item=28299,NA,Mace,118.6,3.6,NULL,32,NULL,20,35,NA,NA,NA,NA,NA,NA
NA,8,Gladiator's Decapitator,Gladiator's Decapitator,Epic,1023.688,1016.188,Season 1,PvP,1,https://tbc.wowhead.com/item=28298,NA,Axe,118.6,3.6,64,NULL,NULL,20,35,NA,NA,NA,NA,NA,NA
NA,9,Axe of the Gronn Lords,Axe of the Gronn Lords,Epic,1015.558,NULL,Gruul's Lair,Gruul the Dragonkiller,1,https://tbc.wowhead.com/item=28794,NA,Axe,119.9,3.6,124,NULL,NULL,NULL,NULL,NA,NA,NA,NA,NA,NA
NA,10,Gladiator's Painsaw,Gladiator's Painsaw,Epic,1011.215,NULL,Season 1,PvP,1,https://tbc.wowhead.com/item=28300,NA,Polearm,118.4,2.2,70,NULL,NULL,NULL,35,NA,NA,NA,NA,NA,NA
NA,11,Deep Thunder,Deep Thunder,Epic,1010.849,NULL,Blacksmithing,Crafted,1,https://tbc.wowhead.com/item=28441,NA,Mace,118.6,3.8,NULL,37,37,NULL,NULL,NA,NA,NA,NA,NA,NA
NA,12,Glaive of the Pit,Glaive of the Pit,Epic,981.6,NULL,Magtheridon's Lair,Magtheridon,1,https://tbc.wowhead.com/item=28774,NA,Polearm,119.7,3.7,NULL,NULL,NULL,NULL,NULL,NA,NA,NA,Red,Red,Red
NA,13,Legacy,Legacy,Epic,975.44,NULL,Karazhan,The Crone,1,https://tbc.wowhead.com/item=28587,NA,Axe,114,3.5,80,NULL,40,NULL,NULL,NA,NA,NA,NA,NA,NA
NA,14,Despair,Despair,Epic,964,NULL,Karazhan,Julianne,1,https://tbc.wowhead.com/item=28573,NA,Sword,114,3.5,NULL,52,NULL,NULL,NULL,NA,NA,NA,NA,NA,NA
NA,15,Lunar Crescent,Lunar Crescent,Epic,963.672,NULL,Blacksmithing,Crafted,1,https://tbc.wowhead.com/item=28434,NA,Axe,109.6,3.7,96,NULL,NULL,NULL,47,NA,NA,NA,NA,NA,NA
NA,16,Lionheart Blade,Lionheart Blade,Epic,952.234,NULL,Blacksmithing,Crafted,1,https://tbc.wowhead.com/item=28428,NA,Sword,109.6,3.6,NULL,47,42,NULL,NULL,NA,NA,NA,NA,NA,NA
NA,17,Felsteel Reaper,Felsteel Reaper,Epic,946.504,NULL,Blacksmithing,Crafted,1,https://tbc.wowhead.com/item=23543,NA,Axe,108.5,3.4,112,NULL,NULL,NULL,30,NA,NA,NA,NA,NA,NA
NA,18,Khorium Champion,Khorium Champion,Epic,943.16,929.285,Blacksmithing,Crafted,1,https://tbc.wowhead.com/item=23541,NA,Sword,108.5,3.3,NULL,50,NULL,37,NULL,NA,NA,NA,NA,NA,NA
NA,19,Quantum Blade,Quantum Blade,Epic,942.759,NULL,Black Morass,Aeonus,1,https://tbc.wowhead.com/item=29356,NA,Sword,108.6,3.5,102,NULL,NULL,NULL,30,NA,NA,NA,NA,NA,NA
NA,20,Thunder,Thunder,Epic,938.849,NULL,Blacksmithing,Crafted,1,https://tbc.wowhead.com/item=28440,NA,Mace,109.6,3.8,NULL,37,37,NULL,NULL,NA,NA,NA,NA,NA,NA
NA,21,Fel Hardened Maul,Fel Hardened Maul,Epic,937.32,NULL,Blacksmithing,Crafted,1,https://tbc.wowhead.com/item=23546,NA,Mace,108.5,3.3,NULL,50,NULL,NULL,21,NA,NA,NA,NA,NA,NA
NA,22,Trident of the Outcast Tribe,Trident of the Outcast Tribe,Epic,906.28,892.78,Lower City,Exalted,1,https://tbc.wowhead.com/item=30830,NA,Polearm,105.6,3.2,NULL,37,NULL,36,NULL,NA,NA,NA,NA,NA,NA
NA,23,The Hammer of Destiny,The Hammer of Destiny,Epic,877.6,NULL,NA,World Drop,1,https://tbc.wowhead.com/item=31322,NA,Mace,105.7,3.6,NULL,32,NULL,NULL,NULL,NA,NA,NA,NA,NA,NA
NA,24,Illidari-Bane Claymore (Demon),Illidari-Bane Claymore (Demon),Rare,847.815,NULL,Shadowmoon Valley,Quenching the Blade,1,https://tbc.wowhead.com/item=30789,NA,Sword,93.2,3.7,150,NULL,NULL,NULL,37,NA,NA,NA,NA,NA,NA
NA,25,Hellforged Halberd,Hellforged Halberd,Rare,818.736,811.611,Honor Hold,Revered,1,https://tbc.wowhead.com/item=29166,NA,Polearm,93.3,3.5,92,NULL,26,19,NULL,NA,NA,NA,NA,NA,NA
NA,26,Blackened Spear,Blackened Spear,Rare,818.736,811.611,Thrallmar,Revered,1,https://tbc.wowhead.com/item=29167,NA,Polearm,93.3,3.5,92,NULL,26,19,NULL,NA,NA,NA,NA,NA,NA
NA,27,Endbringer,Endbringer,Rare,816,NULL,Underbog,The Black Stalker,1,https://tbc.wowhead.com/item=27769,NA,Sword,93.2,3.4,NULL,29,NULL,NULL,45,NA,NA,NA,NA,NA,NA
NA,28,Sonic Spear,Sonic Spear,Rare,814.594,805.594,Shadow Labyrinth,Murmur,1,https://tbc.wowhead.com/item=27903,NA,Polearm,93.3,3.5,62,NULL,35,24,NULL,NA,NA,NA,NA,NA,NA
NA,29,Hellscream's Will,Hellscream's Will,Rare,813.138,797.388,The Mag'har,Exalted,1,https://tbc.wowhead.com/item=29137,NA,Axe,93.3,3.5,84,NULL,NULL,42,NULL,NA,NA,NA,NA,NA,NA
NA,30,Arechron's Gift,Arechron's Gift,Rare,813.138,797.388,Kurenai,Exalted,1,https://tbc.wowhead.com/item=29138,NA,Mace,93.3,3.5,84,NULL,NULL,42,NULL,NA,NA,NA,NA,NA,NA
NA,31,Plasma Rat's Hyper-Scythe,Plasma Rat's Hyper-Scythe,Rare,812.32,NULL,Mechanar,Mechano-Lord Capacitus,1,https://tbc.wowhead.com/item=28253,NA,Polearm,93.3,3.5,NULL,42,NULL,NULL,26,NA,NA,NA,NA,NA,NA
NA,32,High Warlord's Claymore,High Warlord's Claymore,Rare,811.6,804.85,NA,PvP,1,https://tbc.wowhead.com/item=28293,NA,Sword,93.2,3.6,NULL,28,NULL,18,28,NA,NA,NA,NA,NA,NA
NA,33,High Warlord's Bonegrinder,High Warlord's Bonegrinder,Rare,811.6,804.85,NA,PvP,1,https://tbc.wowhead.com/item=28917,NA,Mace,93.2,3.6,NULL,28,NULL,18,28,NA,NA,NA,NA,NA,NA
NA,34,Grand Marshal's Bonegrinder,Grand Marshal's Bonegrinder,Rare,811.6,804.85,NA,PvP,1,https://tbc.wowhead.com/item=28942,NA,Mace,93.2,3.6,NULL,28,NULL,18,28,NA,NA,NA,NA,NA,NA
NA,35,Grand Marshal's Warblade,Grand Marshal's Warblade,Rare,811.6,804.85,NA,PvP,1,https://tbc.wowhead.com/item=28943,NA,Sword,93.2,3.6,NULL,28,NULL,18,28,NA,NA,NA,NA,NA,NA
NA,36,Axe of the Nexus-Kings,Axe of the Nexus-Kings,Rare,810.524,NULL,Mana-Tombs,Nexus-Prince Shaffar,1,https://tbc.wowhead.com/item=27829,NA,Axe,93.2,3.4,72,NULL,NULL,NULL,35,NA,NA,NA,NA,NA,NA
NA,37,Warmaul of Infused Light,Warmaul of Infused Light,Rare,809.72,NULL,Arcatraz,Wrath-Scryer Soccothrates,1,https://tbc.wowhead.com/item=28393,NA,Mace,93.3,3.5,NULL,20,NULL,NULL,21,NA,NA,NA,Red,Yellow,Blue
NA,38,Crow Wing Reaper,Crow Wing Reaper,Rare,809.109,NULL,Sethekk Halls,Talon King Ikiss,1,https://tbc.wowhead.com/item=27986,NA,Axe,93.2,3.4,NULL,28,17,NULL,NULL,NA,NA,NA,Red,Red,Red
NA,39,High Warlord's Decapitator,High Warlord's Decapitator,Rare,809.052,802.302,NA,PvP,1,https://tbc.wowhead.com/item=28918,NA,Axe,93.2,3.6,56,NULL,NULL,18,28,NA,NA,NA,NA,NA,NA
NA,40,High Warlord's Painsaw,High Warlord's Painsaw,Rare,809.052,802.302,NA,PvP,0,https://tbc.wowhead.com/item=28923,NA,Polearm,93.2,2.2,56,NULL,NULL,18,28,NA,NA,NA,NA,NA,NA
NA,41,Grand Marshal's Decapitator,Grand Marshal's Decapitator,Rare,809.052,802.302,NA,PvP,1,https://tbc.wowhead.com/item=28945,NA,Axe,93.2,3.6,56,NULL,NULL,18,28,NA,NA,NA,NA,NA,NA
NA,42,Grand Marshal's Painsaw,Grand Marshal's Painsaw,Rare,809.052,802.302,NA,PvP,0,https://tbc.wowhead.com/item=28949,NA,Polearm,93.2,2.2,56,NULL,NULL,18,28,NA,NA,NA,NA,NA,NA
NA,43,Might of Menethil,Might of Menethil,Epic,808.16,NULL,Naxxramas,Kel'Thuzad,0,https://tbc.wowhead.com/item=22798,NA,Mace,95.3,3.8,NULL,20,NULL,NULL,28,NA,NA,NA,NA,NA,NA
NA,44,Scepter of Sha'tar,Scepter of Sha'tar,Rare,805,NULL,Mana-Tombs,Nexus-Prince Shaffar,1,https://tbc.wowhead.com/item=27840,NA,Mace,93.3,3.5,NULL,31,NULL,NULL,30,NA,NA,NA,NA,NA,NA
NA,45,The Oathkeeper,The Oathkeeper,Rare,799.08,789.33,NA,World Drop,1,https://tbc.wowhead.com/item=31299,NA,Mace,93.3,3.6,NULL,35,NULL,26,NULL,NA,NA,NA,NA,NA,NA
