1,2,3,4,5,6,7,8,9,10,11,12,13,14,15,16,17,18,19,20,21,22,23,24,25,26,27,28,29,30,31,32,33,34,35,36,37,38,39,40,41,42,43,44,45,46,47,48,49,50,51,52,53,54,55,56,57,58,59,60,61,62,63,64,65,66,67,68,69,70,71,72,73,74,75,76,77,78,79,80,81,82,83,84,85,86,87,88,89,90
entry,InventoryType,class,subclass,name,ilvl,reqlvl,Quality,Web,Class,PROT1,ARMS1,FURY1,ROGUE1,HOLY1,SHAD1,BM1,SV1,TREE1,OWL1,CAT1,BEAR1,ARC1,FIRE1,AFFL1,DEST1,TANK1,RET1,HEAL,ELE1,ENH1,RES1,STA,INT,AGI,STR,SPI,AP,ARP,SP,HEA,CRIT,SCRI,HAST,SHAS,HIT,SHIT,EXP,MP5,RES,DOD,PAR,DEF,SBLOCK,BRATING,SOC1,SOC2,SOC3,ARMOR,DPS,dmg_min,dmg_max,delay,Location,A,Phase,KEEPTHIS,ROG2,PROT2,ARMS2,FURY2,ROGUE2,HOLY2,SHAD2,BM2,SV2,TREE2,OWL2,CAT2,BEAR2,ARC2,FIRE2,AFFL2,DEST2,TANK2,RET2,HEAL,ELE2,ENH2,RES2
19378,Back,Armor,Cloth,Cloak of the Brood Lord,83,60,Epic,https://tbc.wowhead.com/item=19378,NA,22.376,0,0,0,28.32,28.868,0,0,4.2,33.32,0,65.3506,24.08,41.3,29.54,31.08,33.6,3.3376,7,30.66,14.322,6.72,10,14,NULL,NULL,NULL,NULL,NULL,28,NULL,NULL,NULL,NULL,NULL,NULL,NULL,NULL,NULL,NULL,NULL,NA,NULL,NULL,NULL,NA,NA,NA,72,NA,NA,NA,NA,Classic,NA,0,NA,NA,NULL,NULL,NULL,NULL,NULL,NULL,NULL,NULL,NULL,NULL,NULL,NULL,NULL,NULL,NULL,NULL,NULL,NULL,NULL,NULL,NULL,NULL
21583,Back,Armor,Cloth,Cloak of Clarity,88,60,Epic,https://tbc.wowhead.com/item=21583,NA,14.508,0,0,0,112.791,1.514,0,0,49.7,11.58,0,55.6202,10.195,6.36,3.78,5.57,10.4,0,52,2.28,1.497,57.76,6,12,NULL,NULL,7,NULL,NULL,NULL,40,NULL,NULL,NULL,NULL,NULL,NULL,NULL,8,NULL,NULL,NA,NULL,NULL,NULL,NA,NA,NA,76,NA,NA,NA,NA,Classic,NA,0,NA,NA,NULL,NULL,NULL,NULL,NULL,NULL,NULL,NULL,NULL,NULL,NULL,NULL,NULL,NULL,NULL,NULL,NULL,NULL,NULL,NULL,NULL,NULL
21710,Back,Armor,Cloth,Cloak of the Fallen God,88,60,Epic,https://tbc.wowhead.com/item=21710,NA,63.52,28.602,23.66,69.04,3,0,53.3,135.46,0,0,106.566,204.7127,0,0,0,0,25.364,23.2759,0,0,61.796,0,15,NULL,26,11,NULL,NULL,NULL,NULL,NULL,NULL,NULL,NULL,NULL,NULL,NULL,NULL,NULL,NULL,NULL,NA,NULL,NULL,NULL,NA,NA,NA,76,NA,NA,NA,NA,Classic,Uylaru,0,NA,NA,NULL,NULL,NULL,NULL,NULL,NULL,NULL,NULL,NULL,NULL,NULL,NULL,NULL,NULL,NULL,NULL,NULL,NULL,NULL,NULL,NULL,NULL
22731,Back,Armor,Cloth,Cloak of the Devoured,88,60,Epic,https://tbc.wowhead.com/item=22731,NA,24.508,0,0,0,21,36.7736,0,0,3,43.4,0,70.2847,24.722,53.6,42.7,44.52,35.7,3.576,5,35.9,22.494,4.8,11,10,NULL,NULL,NULL,NULL,NULL,30,NULL,NULL,NULL,NULL,NULL,NULL,8,NULL,NULL,NULL,NULL,NA,NULL,NULL,NULL,NA,NA,NA,76,NA,NA,NA,NA,Classic,NA,0,NA,NA,24.508,0,0,0,21,30.62,0,0,3,33.8,0,70.2847,22.77,41.6,31.1,32.2,35.7,3.576,5,31.9,14.87,4.8
22938,Back,Armor,Cloth,Cryptfiend Silk Cloak,83,60,Epic,https://tbc.wowhead.com/item=22938,NA,44.812,0,0,0,2.8,0,0,0,0,0,0,160.755,0,0,0,0,30.4,0,0,0,0,0,14,NULL,NULL,NULL,NULL,NULL,NULL,NULL,NULL,NULL,NULL,NULL,NULL,NULL,NULL,NULL,NULL,NULL,12,NA,NULL,NULL,NULL,NA,NA,NA,212,NA,NA,NA,NA,Naxxramas,Anub'Rekhan,1,NA,NA,NULL,NULL,NULL,NULL,NULL,NULL,NULL,NULL,NULL,NULL,NULL,NULL,NULL,NULL,NULL,NULL,NULL,NULL,NULL,NULL,NULL,NULL
22960,Back,Armor,Cloth,Cloak of Suturing,83,60,Epic,https://tbc.wowhead.com/item=22960,NA,2.376,0,0,0,117.743,2.064,0,0,57.7,11.54,0,36.0216,11.028,6.36,3.62,5.31,4.8,0,57.75,2.28,1.752,61.26,NULL,12,NULL,NULL,12,NULL,NULL,NULL,48,NULL,NULL,NULL,NULL,NULL,NULL,NULL,5,NULL,NULL,NA,NULL,NULL,NULL,NA,NA,NA,72,NA,NA,NA,NA,Naxxramas,Patchwerk,1,NA,NA,NULL,NULL,NULL,NULL,NULL,NULL,NULL,NULL,NULL,NULL,NULL,NULL,NULL,NULL,NULL,NULL,NULL,NULL,NULL,NULL,NULL,NULL
23017,Back,Armor,Cloth,Veil of Eclipse,83,60,Epic,https://tbc.wowhead.com/item=23017,NA,22.376,0,0,0,20.8,28.62,0,0,3,31.8,0,65.3506,21.656,39.18,29.1,30.2,33.2,3.3376,5,29.9,13.942,4.8,10,10,NULL,NULL,NULL,NULL,NULL,28,NULL,NULL,NULL,NULL,NULL,NULL,NULL,NULL,NULL,NULL,NULL,NA,NULL,NULL,NULL,NA,NA,NA,72,NA,NA,NA,NA,Naxxramas,Instructor Razuvious,1,NA,NA,NULL,NULL,NULL,NULL,NULL,NULL,NULL,NULL,NULL,NULL,NULL,NULL,NULL,NULL,NULL,NULL,NULL,NULL,NULL,NULL,NULL,NULL
23030,Back,Armor,Cloth,Cloak of the Scourge,83,60,Epic,https://tbc.wowhead.com/item=23030,NA,68.596,20.435,16.15,54.2,4.6,0,45,45,0,0,60.1,163.2303,0,0,0,0,27.1,24.22,0,0,46.84,0,23,NULL,NULL,NULL,NULL,30,NULL,NULL,NULL,NULL,NULL,NULL,NULL,10,NULL,NULL,NULL,NULL,NULL,NA,NULL,NULL,NULL,NA,NA,NA,72,NA,NA,NA,NA,Naxxramas,Noth the Plaguebringer,1,NA,NA,61.796,7.175,10.65,30,4.6,0,30,30,0,0,45.1,133.4783,0,0,0,0,26.1,9.159,0,0,30,0
23045,Back,Armor,Cloth,Shroud of Dominion,90,60,Epic,https://tbc.wowhead.com/item=23045,NA,36.141,22.725,17.75,50,2.2,0,50,50,0,0,50,120.785,0,0,0,0,16.75,15.265,0,0,50,0,11,NULL,NULL,NULL,NULL,50,NULL,NULL,NULL,NULL,NULL,NULL,NULL,NULL,NULL,NULL,NULL,NULL,NULL,NA,NULL,NULL,NULL,NA,NA,NA,77,NA,NA,NA,NA,Naxxramas,Sapphiron,1,NA,NA,NULL,NULL,NULL,NULL,NULL,NULL,NULL,NULL,NULL,NULL,NULL,NULL,NULL,NULL,NULL,NULL,NULL,NULL,NULL,NULL,NULL,NULL
31201,Back,Armor,Cloth,Illidari Cloak of Wrath,103,66,Rare,https://tbc.wowhead.com/item=31201,NA,0,0,0,0,0,47,0,0,0,47,0,0,26.179,56.87,47,47,32.9,5.6024,0,47,21.808,0,NULL,NULL,NULL,NULL,NULL,NULL,NULL,47,NULL,NULL,NULL,NULL,NULL,NULL,NULL,NULL,NULL,NULL,NULL,NA,NULL,NULL,NULL,NA,NA,NA,NULL,NA,NA,NA,NA,NA,World Drop,1,NA,NA,NULL,NULL,NULL,NULL,NULL,NULL,NULL,NULL,NULL,NULL,NULL,NULL,NULL,NULL,NULL,NULL,NULL,NULL,NULL,NULL,NULL,NULL
25041,Back,Armor,Cloth,Ambusher's Cloak of Wrath,114,68,Uncommon,https://tbc.wowhead.com/item=25041,NA,0,0,0,0,0,42,0,0,0,42,0,0,23.394,50.82,42,42,29.4,5.0064,0,42,19.488,0,NULL,NULL,NULL,NULL,NULL,NULL,NULL,42,NULL,NULL,NULL,NULL,NULL,NULL,NULL,NULL,NULL,NULL,NULL,NA,NULL,NULL,NULL,NA,NA,NA,NULL,NA,NA,NA,NA,NA,World Drop,1,NA,NA,NULL,NULL,NULL,NULL,NULL,NULL,NULL,NULL,NULL,NULL,NULL,NULL,NULL,NULL,NULL,NULL,NULL,NULL,NULL,NULL,NULL,NULL
29400,Back,Armor,Cloth,Abyssal Shroud,93,0,Uncommon,https://tbc.wowhead.com/item=29400,NA,32.166,0,0,0,3,0,0,0,0,0,0,73.0109,0,0,0,0,17.31,0,0,0,0,0,15,NULL,NULL,NULL,NULL,NULL,NULL,NULL,NULL,NULL,NULL,NULL,NULL,NULL,NULL,NULL,NULL,7,NULL,NA,NULL,NULL,NULL,NA,NA,NA,58,NA,NA,NA,NA,NA,From the Abyss,0,NA,NA,NULL,NULL,NULL,NULL,NULL,NULL,NULL,NULL,NULL,NULL,NULL,NULL,NULL,NULL,NULL,NULL,NULL,NULL,NULL,NULL,NULL,NULL
29777,Back,Armor,Cloth,Cloak of the Valiant Defender,108,0,Uncommon,https://tbc.wowhead.com/item=29777,NA,56.976,0,0,0,4.2,0,0,0,0,0,0,203.5745,0,0,0,0,38,0,0,0,0,0,21,NULL,NULL,NULL,NULL,NULL,NULL,NULL,NULL,NULL,NULL,NULL,NULL,NULL,NULL,NULL,NULL,NULL,NULL,NA,15,NULL,NULL,NA,NA,NA,262,NA,NA,NA,NA,NA,Ar'kelos the Guardian,0,NA,NA,NULL,NULL,NULL,NULL,NULL,NULL,NULL,NULL,NULL,NULL,NULL,NULL,NULL,NULL,NULL,NULL,NULL,NULL,NULL,NULL,NULL,NULL
29792,Back,Armor,Cloth,Dawnstrike's Cloak,111,0,Uncommon,https://tbc.wowhead.com/item=29792,NA,35.283,33.333,26.82,90.06,0,0,80.1,118.02,0,0,106.77,148.4223,0,0,0,0,10.47,33.3699,0,0,74.508,0,NULL,NULL,12,NULL,NULL,42,NULL,NULL,NULL,NULL,NULL,NULL,NULL,9,NULL,NULL,NULL,NULL,NULL,NA,NULL,NULL,NULL,NA,NA,NA,69,NA,NA,NA,NA,NA,Down With Daellis,0,NA,NA,29.163,21.399,21.87,68.28,0,0,66.6,104.52,0,0,93.27,121.6455,0,0,0,0,9.57,19.815,0,0,59.352,0
30338,Back,Armor,Cloth,Diviner's Cloak,114,0,Uncommon,https://tbc.wowhead.com/item=30338,NA,28.31,0,0,0,86.955,0.93,0,0,42,8.6,0,73.1487,9.81,7.95,2.75,4.65,16.7,0,46.25,2.85,1.425,49.7,13,15,NULL,NULL,NULL,NULL,NULL,NULL,35,NULL,NULL,NULL,NULL,NULL,NULL,NULL,5,NULL,NULL,NA,NULL,NULL,NULL,NA,NA,NA,70,NA,NA,NA,NA,NA,The Horrors of Pollution,0,NA,NA,NULL,NULL,NULL,NULL,NULL,NULL,NULL,NULL,NULL,NULL,NULL,NULL,NULL,NULL,NULL,NULL,NULL,NULL,NULL,NULL,NULL,NULL
30971,Back,Armor,Cloth,Torn-heart Cloak,114,0,Uncommon,https://tbc.wowhead.com/item=30971,NA,28.31,0,0,0,25.16,27.744,0,0,3.6,31.56,0,73.1487,22.311,39.03,28.32,29.64,35.3,3.2184,6,29.28,13.668,5.76,13,12,NULL,NULL,NULL,NULL,NULL,27,NULL,NULL,NULL,NULL,NULL,NULL,NULL,NULL,NULL,NULL,NULL,NA,NULL,NULL,NULL,NA,NA,NA,70,NA,NA,NA,NA,NA,NA,0,NA,NA,NULL,NULL,NULL,NULL,NULL,NULL,NULL,NULL,NULL,NULL,NULL,NULL,NULL,NULL,NULL,NULL,NULL,NULL,NULL,NULL,NULL,NULL
31341,Back,Armor,Cloth,Wyrmcultist's Cloak,108,0,Uncommon,https://tbc.wowhead.com/item=31341,NA,30.211,0,0,0,2.8,0,0,0,0,0,0,74.5807,0,0,0,0,15.95,0,0,0,0,0,14,NULL,NULL,NULL,NULL,NULL,NULL,NULL,NULL,NULL,NULL,NULL,NULL,NULL,NULL,NULL,NULL,NULL,NULL,NA,NULL,NULL,NULL,NA,NA,NA,67,NA,NA,NA,NA,NA,Wyrmcult Provisioner,0,NA,NA,NULL,NULL,NULL,NULL,NULL,NULL,NULL,NULL,NULL,NULL,NULL,NULL,NULL,NULL,NULL,NULL,NULL,NULL,NULL,NULL,NULL,NULL
31768,Back,Armor,Cloth,Deep Mire Cloak,90,0,Uncommon,https://tbc.wowhead.com/item=31768,NA,1.848,0,0,0,26.412,16.898,0,0,3.6,25.76,0,28.0168,19.642,34.652,20.24,25.16,13.8,1.6688,12.36,24.56,10.444,13.68,NULL,12,NULL,NULL,NULL,NULL,NULL,14,NULL,NULL,12,NULL,NULL,NULL,NULL,NULL,NULL,NULL,NULL,NA,NULL,NULL,NULL,NA,NA,NA,56,NA,NA,NA,NA,NA,Jyoba's Report,0,NA,NA,NULL,NULL,NULL,NULL,NULL,NULL,NULL,NULL,NULL,NULL,NULL,NULL,NULL,NULL,NULL,NULL,NULL,NULL,NULL,NULL,NULL,NULL
31792,Back,Armor,Cloth,Evergrove Ranger's Cloak,108,0,Uncommon,https://tbc.wowhead.com/item=31792,NA,19.571,19.941,16.19,52.28,43.715,0.744,50.6,88.52,6.1,7.46,63.68,104.6449,7.992,6.36,2.42,3.99,9.71,14.9302,9.75,2.28,44.492,13.26,NULL,12,12,NULL,NULL,26,NULL,NULL,NULL,NULL,NULL,NULL,NULL,NULL,NULL,NULL,5,NULL,NULL,NA,NULL,NULL,NULL,NA,NA,NA,67,NA,NA,NA,NA,NA,You're Fired!,0,NA,NA,NULL,NULL,NULL,NULL,NULL,NULL,NULL,NULL,NULL,NULL,NULL,NULL,NULL,NULL,NULL,NULL,NULL,NULL,NULL,NULL,NULL,NULL
23050,Back,Armor,Cloth,Cloak of the Necropolis,90,60,Epic,https://tbc.wowhead.com/item=23050,NA,26.541,0,0,0,27.574,35.3486,0,0,3.3,48.18,0,73.7179,28.434,62.534,44.55,50.68,33.95,3.0992,12.92,41.75,24.009,14.52,12,11,NULL,NULL,NULL,NULL,NULL,26,NULL,NULL,14,NULL,NULL,NULL,8,NULL,NULL,NULL,NULL,NA,NULL,NULL,NULL,NA,NA,NA,77,NA,NA,NA,NA,Naxxramas,Sapphiron,1,NA,NA,26.541,0,0,0,27.574,29.195,0,0,3.3,38.58,0,73.7179,26.482,50.534,32.95,38.36,33.95,3.0992,12.92,37.75,16.385,14.52
24150,Back,Armor,Cloth,Mok'Nathal Wildercloak,85,60,Rare,https://tbc.wowhead.com/item=24150,NA,43.947,0,0,0,4.2,0,0,0,0,0,0,91.1086,0,0,0,0,21.85,0,0,0,0,0,21,NULL,NULL,NULL,NULL,NULL,NULL,NULL,NULL,NULL,NULL,NULL,NULL,NULL,NULL,NULL,NULL,NULL,NULL,NA,NULL,NULL,NULL,NA,NA,NA,59,NA,NA,NA,NA,Hellfire Ramparts,Vazruden and Nazan,1,NA,NA,NULL,NULL,NULL,NULL,NULL,NULL,NULL,NULL,NULL,NULL,NULL,NULL,NULL,NULL,NULL,NULL,NULL,NULL,NULL,NULL,NULL,NULL
24252,Back,Armor,Cloth,Cloak of the Black Void,112,69,Rare,https://tbc.wowhead.com/item=24252,NA,2.508,0,0,0,20.68,35.682,0,0,3.3,39.18,0,38.0228,26.161,48.18,36.21,37.42,29.4,4.172,5.5,37.09,17.285,5.28,NULL,11,NULL,NULL,NULL,NULL,NULL,35,NULL,NULL,NULL,NULL,NULL,NULL,NULL,NULL,NULL,NULL,NULL,NA,NULL,NULL,NULL,NA,NA,NA,76,NA,NA,NA,NA,Tailoring,Crafted,1,NA,NA,NULL,NULL,NULL,NULL,NULL,NULL,NULL,NULL,NULL,NULL,NULL,NULL,NULL,NULL,NULL,NULL,NULL,NULL,NULL,NULL,NULL,NULL
24253,Back,Armor,Cloth,Cloak of Eternity,112,69,Rare,https://tbc.wowhead.com/item=24253,NA,84.214,0,0,0,7.2,0,0,0,0,0,0,160.3282,0,0,0,0,45.4,0,0,0,0,0,36,NULL,NULL,NULL,NULL,NULL,NULL,NULL,NULL,NULL,NULL,NULL,NULL,NULL,NULL,NULL,NULL,NULL,NULL,NA,23,NULL,NULL,NA,NA,NA,76,NA,NA,NA,NA,Tailoring,Crafted,1,NA,NA,NULL,NULL,NULL,NULL,NULL,NULL,NULL,NULL,NULL,NULL,NULL,NULL,NULL,NULL,NULL,NULL,NULL,NULL,NULL,NULL,NULL,NULL
24254,Back,Armor,Cloth,White Remedy Cape,112,69,Rare,https://tbc.wowhead.com/item=24254,NA,2.508,0,0,0,88.617,0,0,0,62.5,4.06,0,38.0228,1.008,0,1.54,1.89,3.8,0,64.25,0,0,69.5,NULL,NULL,NULL,NULL,NULL,NULL,NULL,NULL,59,NULL,NULL,NULL,NULL,NULL,NULL,NULL,7,NULL,NULL,NA,NULL,NULL,NULL,NA,NA,NA,76,NA,NA,NA,NA,Tailoring,Crafted,1,NA,NA,NULL,NULL,NULL,NULL,NULL,NULL,NULL,NULL,NULL,NULL,NULL,NULL,NULL,NULL,NULL,NULL,NULL,NULL,NULL,NULL,NULL,NULL
24258,Back,Armor,Cloth,Resolute Cape,105,70,Epic,https://tbc.wowhead.com/item=24258,NA,71.517,0,0,0,6,0,0,0,0,0,0,262.5917,0,0,0,0,44.45,0,0,0,0,0,30,NULL,NULL,NULL,NULL,NULL,NULL,NULL,NULL,NULL,NULL,NULL,NULL,NULL,NULL,NULL,NULL,NULL,NULL,NA,NULL,NULL,NULL,NA,NA,NA,349,NA,NA,NA,NA,Tailoring,Crafted,1,NA,NA,NULL,NULL,NULL,NULL,NULL,NULL,NULL,NULL,NULL,NULL,NULL,NULL,NULL,NULL,NULL,NULL,NULL,NULL,NULL,NULL,NULL,NULL
24259,Back,Armor,Cloth,Vengeance Wrap,105,70,Epic,https://tbc.wowhead.com/item=24259,NA,49.65,52.794,44.53,110.92,18,9,102.7,123.8,18,9,123.12,170.1997,5.013,10.89,9,11.16,19.12,37.671,18,9,103.847,18,NULL,NULL,NULL,NULL,NULL,52,NULL,NULL,NULL,23,NULL,NULL,NULL,NULL,NULL,NULL,NULL,NULL,NULL,NA,NULL,NULL,NULL,Red,NA,NA,89,NA,NA,NA,NA,Tailoring,Crafted,1,NA,NA,NULL,NULL,NULL,NULL,NULL,NULL,NULL,NULL,NULL,NULL,NULL,NULL,NULL,NULL,NULL,NULL,NULL,NULL,NULL,NULL,NULL,NULL
24260,Back,Armor,Cloth,Manaweave Cloak,105,70,Epic,https://tbc.wowhead.com/item=24260,NA,2.937,0,0,0,116.997,3.55,0,0,16.3,19.38,0,44.5267,18.585,10.6,6.06,8.87,6.45,0,16,3.8,2.971,21.6,NULL,20,NULL,NULL,21,NULL,NULL,NULL,NULL,NULL,NULL,NULL,NULL,NULL,NULL,NULL,8,NULL,NULL,NA,NULL,NULL,NULL,NA,NA,NA,89,NA,NA,NA,NA,Tailoring,Crafted,1,NA,NA,NULL,NULL,NULL,NULL,NULL,NULL,NULL,NULL,NULL,NULL,NULL,NULL,NULL,NULL,NULL,NULL,NULL,NULL,NULL,NULL,NULL,NULL
24362,Back,Armor,Cloth,Spore-Soaked Vaneer,91,62,Rare,https://tbc.wowhead.com/item=24362,NA,32.079,0,0,0,34.731,21.9045,0,0,4.5,31.3,0,75.5124,23.864,41.346,25.16,30.11,31.45,2.2648,13.33,29.44,12.815,14.46,15,15,NULL,NULL,NULL,NULL,NULL,19,NULL,NULL,11,NULL,NULL,NULL,NULL,NULL,NULL,NULL,NULL,NA,NULL,NULL,NULL,NA,NA,NA,63,NA,NA,NA,NA,Slave Pens,Quagmirran,1,NA,NA,NULL,NULL,NULL,NULL,NULL,NULL,NULL,NULL,NULL,NULL,NULL,NULL,NULL,NULL,NULL,NULL,NULL,NULL,NULL,NULL,NULL,NULL
24379,Back,Armor,Cloth,Bogstrok Scale Cloak,91,62,Rare,https://tbc.wowhead.com/item=24379,NA,59.695,0,0,0,4.4,0,0,0,0,0,0,211.7371,0,0,0,0,39.75,0,0,0,0,0,22,NULL,NULL,NULL,NULL,NULL,NULL,NULL,NULL,NULL,NULL,NULL,NULL,NULL,NULL,NULL,NULL,NULL,NULL,NA,16,NULL,NULL,NA,NA,NA,271,NA,NA,NA,NA,Slave Pens,Rokmar the Crackler,1,NA,NA,NULL,NULL,NULL,NULL,NULL,NULL,NULL,NULL,NULL,NULL,NULL,NULL,NULL,NULL,NULL,NULL,NULL,NULL,NULL,NULL,NULL,NULL
24454,Back,Armor,Cloth,Cloak of Enduring Swiftness,94,63,Rare,https://tbc.wowhead.com/item=24454,NA,58.254,8.124,6.96,26.28,2.6,0,24.6,62.52,0,0,37.68,141.3974,0,0,0,0,32.3,6.9924,0,0,17.352,0,13,NULL,12,NULL,NULL,NULL,NULL,NULL,NULL,NULL,NULL,NULL,NULL,NULL,NULL,NULL,NULL,NULL,23,NA,NULL,NULL,NULL,NA,NA,NA,64,NA,NA,NA,NA,Underbog,Swamplord Musel'ek,1,NA,NA,NULL,NULL,NULL,NULL,NULL,NULL,NULL,NULL,NULL,NULL,NULL,NULL,NULL,NULL,NULL,NULL,NULL,NULL,NULL,NULL,NULL,NULL
24459,Back,Armor,Cloth,Cloak of Healing Rays,94,63,Rare,https://tbc.wowhead.com/item=24459,NA,26.112,0,0,0,92.375,2.456,0,0,41.4,10.04,0,67.214,11.673,6.89,2.93,4.51,15.3,0,39.5,2.47,2,39.24,12,13,NULL,NULL,15,NULL,NULL,NULL,33,NULL,NULL,NULL,NULL,NULL,NULL,NULL,NULL,NULL,NULL,NA,NULL,NULL,NULL,NA,NA,NA,64,NA,NA,NA,NA,Underbog,Ghaz'an,1,NA,NA,NULL,NULL,NULL,NULL,NULL,NULL,NULL,NULL,NULL,NULL,NULL,NULL,NULL,NULL,NULL,NULL,NULL,NULL,NULL,NULL,NULL,NULL
25540,Back,Armor,Cloth,Dark Cloak of the Marsh,94,0,Rare,https://tbc.wowhead.com/item=25540,NA,72.176,24.467,19.93,65.04,4.8,0,62.8,113.36,0,0,80.24,192.5752,0,0,0,0,31.4,18.4822,0,0,53.136,0,24,NULL,16,NULL,NULL,30,NULL,NULL,NULL,NULL,NULL,NULL,NULL,NULL,NULL,NULL,NULL,NULL,NULL,NA,NULL,NULL,NULL,NA,NA,NA,64,NA,NA,NA,NA,Zangarmarsh,Lost in Action,1,NA,NA,NULL,NULL,NULL,NULL,NULL,NULL,NULL,NULL,NULL,NULL,NULL,NULL,NULL,NULL,NULL,NULL,NULL,NULL,NULL,NULL,NULL,NULL
25712,Back,Armor,Cloth,Perfectly Balanced Cape,88,0,Rare,https://tbc.wowhead.com/item=25712,NA,67.133,23.79,19.35,62.85,4.4,0,60.75,108.15,0,0,77.1,181.4481,0,0,0,0,29.15,17.8995,0,0,51.69,0,22,NULL,15,NULL,NULL,30,NULL,NULL,NULL,NULL,NULL,NULL,NULL,NULL,NULL,NULL,NULL,NULL,NULL,NA,NULL,NULL,NULL,NA,NA,NA,61,NA,NA,NA,NA,Hellfire Peninsula,Heart of Rage,1,NA,NA,NULL,NULL,NULL,NULL,NULL,NULL,NULL,NULL,NULL,NULL,NULL,NULL,NULL,NULL,NULL,NULL,NULL,NULL,NULL,NULL,NULL,NULL
25777,Back,Armor,Cloth,Ogre Slayer's Cover,100,0,Rare,https://tbc.wowhead.com/item=25777,NA,2.244,0,0,0,62.835,25.198,0,0,8.7,40.18,0,34.0204,30.927,48.876,29.64,36.53,19.2,2.384,17.48,34.46,15.295,19.2,NULL,18,NULL,NULL,11,NULL,NULL,20,NULL,NULL,16,NULL,NULL,NULL,NULL,NULL,NULL,NULL,NULL,NA,NULL,NULL,NULL,NA,NA,NA,68,NA,NA,NA,NA,Nagrand,Cho'war the Pillager,1,NA,NA,NULL,NULL,NULL,NULL,NULL,NULL,NULL,NULL,NULL,NULL,NULL,NULL,NULL,NULL,NULL,NULL,NULL,NULL,NULL,NULL,NULL,NULL
25805,Back,Armor,Cloth,Mantle of Vivification,109,0,Rare,https://tbc.wowhead.com/item=25805,NA,2.442,0,0,0,103.457,1.116,0,0,48.9,10.9,0,37.0222,11.916,9.54,3.52,5.85,5.5,0,54.25,3.42,1.71,59.14,NULL,18,NULL,NULL,NULL,NULL,NULL,NULL,40,NULL,NULL,NULL,NULL,NULL,NULL,NULL,7,NULL,NULL,NA,NULL,NULL,NULL,NA,NA,NA,74,NA,NA,NA,NA,Hellfire Peninsula,Turning the Tide,1,NA,NA,NULL,NULL,NULL,NULL,NULL,NULL,NULL,NULL,NULL,NULL,NULL,NULL,NULL,NULL,NULL,NULL,NULL,NULL,NULL,NULL,NULL,NULL
25810,Back,Armor,Cloth,Vicar's Cloak,109,0,Rare,https://tbc.wowhead.com/item=25810,NA,2.442,0,0,0,103.457,1.116,0,0,48.9,10.9,0,37.0222,11.916,9.54,3.52,5.85,5.5,0,54.25,3.42,1.71,59.14,NULL,18,NULL,NULL,NULL,NULL,NULL,NULL,40,NULL,NULL,NULL,NULL,NULL,NULL,NULL,7,NULL,NULL,NA,NULL,NULL,NULL,NA,NA,NA,74,NA,NA,NA,NA,Hellfire Peninsula,The Will of the Warchief,1,NA,NA,NULL,NULL,NULL,NULL,NULL,NULL,NULL,NULL,NULL,NULL,NULL,NULL,NULL,NULL,NULL,NULL,NULL,NULL,NULL,NULL,NULL,NULL
25827,Back,Armor,Cloth,Muck-Covered Drape,97,64,Rare,https://tbc.wowhead.com/item=25827,NA,62.178,0,0,0,6,0,0,0,0,0,0,121.0068,0,0,0,0,30.3,0,0,0,0,0,30,NULL,NULL,NULL,NULL,NULL,NULL,NULL,NULL,NULL,NULL,NULL,NULL,NULL,NULL,NULL,NULL,NULL,NULL,NA,NULL,NULL,NULL,NA,NA,NA,66,NA,NA,NA,NA,Sporeggar,Honored,1,NA,NA,NULL,NULL,NULL,NULL,NULL,NULL,NULL,NULL,NULL,NULL,NULL,NULL,NULL,NULL,NULL,NULL,NULL,NULL,NULL,NULL,NULL,NULL
25945,Back,Armor,Cloth,Cloak of Revival,97,64,Rare,https://tbc.wowhead.com/item=25945,NA,32.178,0,0,0,85.004,0.992,0,0,41.8,8.4,0,77.0133,10.272,8.48,2.64,4.6,18.4,0,46,3.04,1.52,48.68,15,16,NULL,NULL,NULL,NULL,NULL,NULL,35,NULL,NULL,NULL,NULL,NULL,NULL,NULL,4,NULL,NULL,NA,NULL,NULL,NULL,NA,NA,NA,66,NA,NA,NA,NA,Mana-Tombs,Tavarok,1,NA,NA,NULL,NULL,NULL,NULL,NULL,NULL,NULL,NULL,NULL,NULL,NULL,NULL,NULL,NULL,NULL,NULL,NULL,NULL,NULL,NULL,NULL,NULL
27423,Back,Armor,Cloth,Cloak of Impulsiveness,103,66,Rare,https://tbc.wowhead.com/item=27423,NA,66.582,30.366,24.64,79.42,3.8,0,76.9,133.78,0,0,96.52,198.4333,0,0,0,0,28.4,22.7006,0,0,66.028,0,19,NULL,18,NULL,NULL,40,NULL,NULL,NULL,NULL,NULL,NULL,NULL,NULL,NULL,NULL,NULL,NULL,NULL,NA,NULL,NULL,NULL,NA,NA,NA,70,NA,NA,NA,NA,Old Hillsbrad Foothills,Lieutenant Drake,1,NA,NA,NULL,NULL,NULL,NULL,NULL,NULL,NULL,NULL,NULL,NULL,NULL,NULL,NULL,NULL,NULL,NULL,NULL,NULL,NULL,NULL,NULL,NULL
27448,Back,Armor,Cloth,Cloak of the Everliving,115,70,Rare,https://tbc.wowhead.com/item=27448,NA,2.574,0,0,0,91.079,0,0,0,57.5,5.22,0,39.0234,1.296,0,1.98,2.43,3.9,0,59.75,0,0,66.5,NULL,NULL,NULL,NULL,NULL,NULL,NULL,NULL,53,NULL,NULL,NULL,NULL,NULL,NULL,NULL,9,NULL,NULL,NA,NULL,NULL,NULL,NA,NA,NA,78,NA,NA,NA,NA,Hellfire Ramparts,Watchkeeper Gargolmar,1,NA,NA,NULL,NULL,NULL,NULL,NULL,NULL,NULL,NULL,NULL,NULL,NULL,NULL,NULL,NULL,NULL,NULL,NULL,NULL,NULL,NULL,NULL,NULL
27485,Back,Armor,Cloth,Embroidered Cape of Mysteries,115,70,Rare,https://tbc.wowhead.com/item=27485,NA,38.574,0,0,0,41.2,26.24,0,0,6,32.6,0,91.8156,26.045,40.85,27.2,29.4,39.6,2.98,10,28.8,13.5,9.6,18,20,NULL,NULL,NULL,NULL,NULL,25,NULL,NULL,NULL,NULL,NULL,NULL,NULL,NULL,NULL,NULL,NULL,NA,NULL,NULL,NULL,NA,NA,NA,78,NA,NA,NA,NA,Blood Furnace,The Maker,1,NA,NA,NULL,NULL,NULL,NULL,NULL,NULL,NULL,NULL,NULL,NULL,NULL,NULL,NULL,NULL,NULL,NULL,NULL,NULL,NULL,NULL,NULL,NULL
27519,Back,Armor,Cloth,Cloak of Malice,112,68,Rare,https://tbc.wowhead.com/item=27519,NA,67.148,31.488,25.67,83.99,3.6,0,81.05,147.41,0,0,103.94,207.7834,0,0,0,0,28.58,23.8381,0,0,68.366,0,18,NULL,21,NULL,NULL,38,NULL,NULL,NULL,NULL,NULL,NULL,NULL,NULL,NULL,NULL,NULL,NULL,NULL,NA,NULL,NULL,NULL,NA,NA,NA,76,NA,NA,NA,NA,Shattered Halls,Grand Warlock Nethekurse,1,NA,NA,NULL,NULL,NULL,NULL,NULL,NULL,NULL,NULL,NULL,NULL,NULL,NULL,NULL,NULL,NULL,NULL,NULL,NULL,NULL,NULL,NULL,NULL
27550,Back,Armor,Cloth,Ironscale War Cloak,115,70,Rare,https://tbc.wowhead.com/item=27550,NA,65.608,0,0,0,5.2,0,0,0,0,0,0,115.2788,0,0,0,0,47.97,0,0,0,0,0,26,NULL,NULL,NULL,NULL,NULL,NULL,NULL,NULL,NULL,NULL,NULL,NULL,NULL,NULL,NULL,NULL,NULL,NULL,NA,NULL,29,19,NA,NA,NA,78,NA,NA,NA,NA,Slave Pens,Rokmar the Crackler,1,NA,NA,NULL,NULL,NULL,NULL,NULL,NULL,NULL,NULL,NULL,NULL,NULL,NULL,NULL,NULL,NULL,NULL,NULL,NULL,NULL,NULL,NULL,NULL
27789,Back,Armor,Cloth,Cloak of Whispering Shells,112,68,Rare,https://tbc.wowhead.com/item=27789,NA,32.508,0,0,0,90.004,0.992,0,0,46.8,8.4,0,82.0163,10.272,8.48,2.64,4.6,18.9,0,51,3.04,1.52,53.68,15,16,NULL,NULL,NULL,NULL,NULL,NULL,40,NULL,NULL,NULL,NULL,NULL,NULL,NULL,4,NULL,NULL,NA,NULL,NULL,NULL,NA,NA,NA,76,NA,NA,NA,NA,Steamvault,Hydromancer Thespia,1,NA,NA,NULL,NULL,NULL,NULL,NULL,NULL,NULL,NULL,NULL,NULL,NULL,NULL,NULL,NULL,NULL,NULL,NULL,NULL,NULL,NULL,NULL,NULL
27804,Back,Armor,Cloth,Devilshark Cape,115,70,Rare,https://tbc.wowhead.com/item=27804,NA,80.468,0,0,0,4.4,0,0,0,0,0,0,138.5334,0,0,0,0,51.2,0,0,0,0,0,22,NULL,NULL,NULL,NULL,NULL,NULL,NULL,NULL,NULL,NULL,NULL,NULL,NULL,NULL,NULL,NULL,NULL,18,NA,20,29,NULL,NA,NA,NA,78,NA,NA,NA,NA,Steamvault,Warlord Kalithresh,1,NA,NA,NULL,NULL,NULL,NULL,NULL,NULL,NULL,NULL,NULL,NULL,NULL,NULL,NULL,NULL,NULL,NULL,NULL,NULL,NULL,NULL,NULL,NULL
27878,Back,Armor,Cloth,Auchenai Death Shroud,115,70,Rare,https://tbc.wowhead.com/item=27878,NA,77.628,38.077,30.83,109.99,3,0,92.25,139.65,0,0,134.27,226.0013,0,0,0,0,25.76,45.335,0,0,86.318,0,15,NULL,15,NULL,NULL,36,NULL,NULL,NULL,NULL,NULL,NULL,NULL,17,NULL,NULL,NULL,NULL,NULL,NA,NULL,NULL,NULL,NA,NA,NA,78,NA,NA,NA,NA,Auchenai Crypts,Avatar of the Martyred,1,NA,NA,66.068,15.535,21.48,68.85,3,0,66.75,114.15,0,0,108.77,175.4229,0,0,0,0,24.06,19.7313,0,0,57.69,0
27892,Back,Armor,Cloth,Cloak of the Inciter,112,68,Rare,https://tbc.wowhead.com/item=27892,NA,69.018,41.075,33.67,99.68,3,0,81.9,83.7,0,0,114.16,193.7331,0,0,0,0,23.4,44.053,0,0,83.746,0,15,NULL,NULL,NULL,NULL,30,NULL,NULL,NULL,18,NULL,NULL,NULL,16,NULL,NULL,NULL,NULL,NULL,NA,NULL,NULL,NULL,NA,NA,NA,76,NA,NA,NA,NA,Shadow Labyrinth,Blackheart the Inciter,1,NA,NA,58.138,19.859,24.87,60.96,3,0,57.9,59.7,0,0,90.16,146.1299,0,0,0,0,21.8,19.9554,0,0,56.802,0
27946,Back,Armor,Cloth,Avian Cloak of Feathers,115,68,Rare,https://tbc.wowhead.com/item=27946,NA,2.574,0,0,0,123.023,2.436,0,0,53.5,13.82,0,39.0234,14.664,9.54,4.28,6.63,5.7,0,54.75,3.42,2.322,58.14,NULL,18,NULL,NULL,12,NULL,NULL,NULL,42,NULL,NULL,NULL,NULL,NULL,NULL,NULL,5,NULL,NULL,NA,NULL,NULL,NULL,NA,NA,NA,78,NA,NA,NA,NA,Sethekk Halls,Talon King Ikiss,1,NA,NA,NULL,NULL,NULL,NULL,NULL,NULL,NULL,NULL,NULL,NULL,NULL,NULL,NULL,NULL,NULL,NULL,NULL,NULL,NULL,NULL,NULL,NULL
27981,Back,Armor,Cloth,Sethekk Oracle Cloak,115,68,Rare,https://tbc.wowhead.com/item=27981,NA,38.574,0,0,0,37.44,32.3464,0,0,5.4,43.24,0,91.8156,26.09,54.16,41.38,44.44,37.3,2.6224,9,31.42,23.354,8.64,18,18,NULL,NULL,NULL,NULL,NULL,22,NULL,NULL,NULL,NULL,NULL,NULL,12,NULL,NULL,NULL,NULL,NA,NULL,NULL,NULL,NA,NA,NA,78,NA,NA,NA,NA,Sethekk Halls,Talon King Ikiss,1,NA,NA,38.574,0,0,0,37.44,23.116,0,0,5.4,28.84,0,91.8156,23.162,36.16,23.98,25.96,37.3,2.6224,9,25.42,11.918,8.64
27988,Back,Armor,Cloth,Burnoose of Shifting Ages,112,68,Rare,https://tbc.wowhead.com/item=27988,NA,58.83,0,0,0,3,0,0,0,0,0,0,170.9603,0,0,0,0,43.4,0,0,0,0,0,15,NULL,NULL,NULL,NULL,NULL,NULL,NULL,NULL,NULL,NULL,NULL,NULL,NULL,NULL,NULL,NULL,NULL,NULL,NA,26,29,NULL,NA,NA,NA,216,NA,NA,NA,NA,Black Morass,Chrono Lord Deja,1,NA,NA,NULL,NULL,NULL,NULL,NULL,NULL,NULL,NULL,NULL,NULL,NULL,NULL,NULL,NULL,NULL,NULL,NULL,NULL,NULL,NULL,NULL,NULL
28030,Back,Armor,Cloth,Spell-slinger's Protector,97,0,Rare,https://tbc.wowhead.com/item=28030,NA,32.178,0,0,0,53.014,20.1915,0,0,6.9,32.18,0,77.0133,24.626,39.078,23.77,29.3,29.4,1.9072,13.89,27.63,12.255,15.3,15,14,NULL,NULL,9,NULL,NULL,16,NULL,NULL,13,NULL,NULL,NULL,NULL,NULL,NULL,NULL,NULL,NA,NULL,NULL,NULL,NA,NA,NA,66,NA,NA,NA,NA,Nagrand,Bring Me The Egg!,1,NA,NA,NULL,NULL,NULL,NULL,NULL,NULL,NULL,NULL,NULL,NULL,NULL,NULL,NULL,NULL,NULL,NULL,NULL,NULL,NULL,NULL,NULL,NULL
28031,Back,Armor,Cloth,Nomad's Woven Cloak,97,0,Rare,https://tbc.wowhead.com/item=28031,NA,82.864,32.318,26.19,77.52,4.2,0,48.2,92.44,0,0,114.814,217.6579,0,0,0,0,28.036,38.0789,0,0,72.936,0,21,NULL,14,14,NULL,NULL,NULL,NULL,NULL,NULL,NULL,NULL,NULL,13,NULL,NULL,NULL,NULL,NULL,NA,NULL,NULL,NULL,NA,NA,NA,66,NA,NA,NA,NA,Nagrand,Bring Me The Egg!,1,NA,NA,74.024,15.08,19.04,46.06,4.2,0,28.7,72.94,0,0,95.314,178.9803,0,0,0,0,26.736,18.4996,0,0,51.044,0
28032,Back,Armor,Cloth,Delicate Green Poncho,97,0,Rare,https://tbc.wowhead.com/item=28032,NA,78.454,31.724,25.76,92.54,3.8,0,77.7,121.94,0,0,114.1,211.0433,0,0,0,0,27.68,37.7916,0,0,71.82,0,19,NULL,14,NULL,NULL,28,NULL,NULL,NULL,NULL,NULL,NULL,NULL,14,NULL,NULL,NULL,NULL,NULL,NA,NULL,NULL,NULL,NA,NA,NA,66,NA,NA,NA,NA,Nagrand,Bring Me The Egg!,1,NA,NA,68.934,13.16,18.06,58.66,3.8,0,56.7,100.94,0,0,93.1,169.3905,0,0,0,0,26.28,16.7062,0,0,48.244,0
28249,Back,Armor,Cloth,Capacitus' Cloak of Calibration,115,70,Rare,https://tbc.wowhead.com/item=28249,NA,70.502,34.186,27.6,63.62,3.8,0,36.9,93.78,0,0,106.372,212.2877,0,0,0,0,26.928,26.74,0,0,74.428,0,19,NULL,18,22,NULL,NULL,NULL,NULL,NULL,NULL,NULL,NULL,NULL,NULL,NULL,NULL,NULL,NULL,NULL,NA,NULL,NULL,NULL,NA,NA,NA,78,NA,NA,NA,NA,The Mechanar,NA,1,NA,NA,NULL,NULL,NULL,NULL,NULL,NULL,NULL,NULL,NULL,NULL,NULL,NULL,NULL,NULL,NULL,NULL,NULL,NULL,NULL,NULL,NULL,NULL
28256,Back,Armor,Cloth,Thoriumweave Cloak,115,70,Rare,https://tbc.wowhead.com/item=28256,NA,82.87,0,0,0,7,0,0,0,0,0,0,297.7685,0,0,0,0,51,0,0,0,0,0,35,NULL,NULL,NULL,NULL,NULL,NULL,NULL,NULL,NULL,NULL,NULL,NULL,NULL,NULL,NULL,NULL,NULL,NULL,NA,NULL,NULL,NULL,NA,NA,NA,390,NA,NA,NA,NA,Mechanar,Mechano-Lord Capacitus,1,NA,NA,NULL,NULL,NULL,NULL,NULL,NULL,NULL,NULL,NULL,NULL,NULL,NULL,NULL,NULL,NULL,NULL,NULL,NULL,NULL,NULL,NULL,NULL
28269,Back,Armor,Cloth,Baba's Cloak of Arcanistry,115,70,Rare,https://tbc.wowhead.com/item=28269,NA,32.574,0,0,0,35.694,25.443,0,0,4.5,36.1,0,83.0169,26.678,47.814,29.39,35.24,34.3,2.6224,14.92,34.51,14.909,16.44,15,15,NULL,NULL,NULL,NULL,NULL,22,NULL,NULL,14,NULL,NULL,NULL,NULL,NULL,NULL,NULL,NULL,NA,NULL,NULL,NULL,NA,NA,NA,78,NA,NA,NA,NA,Mechanar,Pathaleon the Calculator,1,NA,NA,NULL,NULL,NULL,NULL,NULL,NULL,NULL,NULL,NULL,NULL,NULL,NULL,NULL,NULL,NULL,NULL,NULL,NULL,NULL,NULL,NULL,NULL
28301,Back,Armor,Cloth,Syrannis' Mystic Sheen,115,70,Rare,https://tbc.wowhead.com/item=28301,NA,7.722,0,0,0,0,0,0,0,0,0,0,117.0702,0,0,0,0,11.7,0,0,0,0,0,NULL,NULL,NULL,NULL,NULL,NULL,NULL,NULL,NULL,NULL,NULL,NULL,NULL,NULL,NULL,NULL,NULL,NULL,NULL,NA,NULL,NULL,NULL,NA,NA,NA,234,NA,NA,NA,NA,Botanica,Commander Sarannis,1,NA,NA,NULL,NULL,NULL,NULL,NULL,NULL,NULL,NULL,NULL,NULL,NULL,NULL,NULL,NULL,NULL,NULL,NULL,NULL,NULL,NULL,NULL,NULL
28328,Back,Armor,Cloth,Mithril-Bark Cloak,115,70,Rare,https://tbc.wowhead.com/item=28328,NA,66.574,0,0,0,6.4,0,0,0,0,0,0,132.8762,0,0,0,0,32.7,0,0,0,0,0,32,NULL,NULL,NULL,NULL,NULL,NULL,NULL,NULL,NULL,NULL,NULL,NULL,NULL,NULL,NULL,NULL,NULL,NULL,NA,NULL,NULL,NULL,NA,NA,NA,78,NA,NA,NA,NA,Botanica,Laj,1,NA,NA,NULL,NULL,NULL,NULL,NULL,NULL,NULL,NULL,NULL,NULL,NULL,NULL,NULL,NULL,NULL,NULL,NULL,NULL,NULL,NULL,NULL,NULL
28371,Back,Armor,Cloth,Netherfury Cape,115,70,Rare,https://tbc.wowhead.com/item=28371,NA,61.469,38.32,31.41,57.02,3.8,0,32.55,34.65,0,0,85.054,177.6017,0,0,0,0,24.606,26.6311,0,0,73.069,0,19,NULL,NULL,19,NULL,NULL,NULL,NULL,NULL,21,NULL,NULL,NULL,NULL,NULL,NULL,NULL,NULL,NULL,NA,NULL,NULL,NULL,NA,NA,NA,78,NA,NA,NA,NA,Botanica,Warp Splinter,1,NA,NA,NULL,NULL,NULL,NULL,NULL,NULL,NULL,NULL,NULL,NULL,NULL,NULL,NULL,NULL,NULL,NULL,NULL,NULL,NULL,NULL,NULL,NULL
28373,Back,Armor,Cloth,Cloak of Scintillating Auras,115,70,Rare,https://tbc.wowhead.com/item=28373,NA,26.574,0,0,0,113.522,2.972,0,0,52.2,12.2,0,74.2182,14.25,8.48,3.56,5.5,16.3,0,50,3.04,2.438,49.68,12,16,NULL,NULL,18,NULL,NULL,NULL,42,NULL,NULL,NULL,NULL,NULL,NULL,NULL,NULL,NULL,NULL,NA,NULL,NULL,NULL,NA,NA,NA,78,NA,NA,NA,NA,Arcatraz,Zereketh the Unbound,1,NA,NA,NULL,NULL,NULL,NULL,NULL,NULL,NULL,NULL,NULL,NULL,NULL,NULL,NULL,NULL,NULL,NULL,NULL,NULL,NULL,NULL,NULL,NULL
28377,Back,Armor,Cloth,Sergeant's Heavy Cloak,123,70,Epic,https://tbc.wowhead.com/item=28377,NA,75.045,34.751,28.5,70.68,5.4,0,67.45,69.35,0,0,76,205.2283,0,0,0,0,34.63,22.9976,0,0,66.291,0,27,NULL,NULL,NULL,NULL,38,NULL,NULL,NULL,19,NULL,NULL,NULL,NULL,NULL,NULL,NULL,NULL,NULL,NA,NULL,NULL,NULL,NA,NA,NA,104,NA,NA,NA,NA,NA,PvP,1,NA,NA,NULL,NULL,NULL,NULL,NULL,NULL,NULL,NULL,NULL,NULL,NULL,NULL,NULL,NULL,NULL,NULL,NULL,NULL,NULL,NULL,NULL,NULL
28378,Back,Armor,Cloth,Sergeant's Heavy Cape,123,70,Epic,https://tbc.wowhead.com/item=28378,NA,69.432,0,0,0,29.16,26.744,0,0,3.6,30.56,0,148.8169,21.754,37.82,27.32,28.64,54.3,3.0992,6,28.28,13.204,5.76,33,12,NULL,NULL,NULL,NULL,NULL,26,NULL,NULL,NULL,NULL,NULL,NULL,NULL,NULL,NULL,NULL,NULL,NA,NULL,NULL,NULL,NA,NA,NA,104,NA,NA,NA,NA,NA,PvP,1,NA,NA,NULL,NULL,NULL,NULL,NULL,NULL,NULL,NULL,NULL,NULL,NULL,NULL,NULL,NULL,NULL,NULL,NULL,NULL,NULL,NULL,NULL,NULL
28379,Back,Armor,Cloth,Sergeant's Heavy Cape,123,70,Epic,https://tbc.wowhead.com/item=28379,NA,69.432,0,0,0,29.16,26.744,0,0,3.6,30.56,0,148.8169,21.754,37.82,27.32,28.64,54.3,3.0992,6,28.28,13.204,5.76,33,12,NULL,NULL,NULL,NULL,NULL,26,NULL,NULL,NULL,NULL,NULL,NULL,NULL,NULL,NULL,NULL,NULL,NA,NULL,NULL,NULL,NA,NA,NA,104,NA,NA,NA,NA,NA,PvP,1,NA,NA,NULL,NULL,NULL,NULL,NULL,NULL,NULL,NULL,NULL,NULL,NULL,NULL,NULL,NULL,NULL,NULL,NULL,NULL,NULL,NULL,NULL,NULL
28380,Back,Armor,Cloth,Sergeant's Heavy Cloak,123,70,Epic,https://tbc.wowhead.com/item=28380,NA,75.045,34.751,28.5,70.68,5.4,0,67.45,69.35,0,0,76,205.2283,0,0,0,0,34.63,22.9976,0,0,66.291,0,27,NULL,NULL,NULL,NULL,38,NULL,NULL,NULL,19,NULL,NULL,NULL,NULL,NULL,NULL,NULL,NULL,NULL,NA,NULL,NULL,NULL,NA,NA,NA,104,NA,NA,NA,NA,NA,PvP,1,NA,NA,NULL,NULL,NULL,NULL,NULL,NULL,NULL,NULL,NULL,NULL,NULL,NULL,NULL,NULL,NULL,NULL,NULL,NULL,NULL,NULL,NULL,NULL
28529,Back,Armor,Cloth,Royal Cloak of Arathi Kings,115,70,Epic,https://tbc.wowhead.com/item=28529,NA,101.705,36.88,29.08,67.32,6.2,0,24,24,0,0,107.076,245.9682,0,0,0,0,34.974,43.3038,0,0,84.144,0,31,NULL,NULL,26,NULL,NULL,NULL,NULL,NULL,NULL,NULL,NULL,NULL,16,NULL,NULL,NULL,NULL,NULL,NA,NULL,NULL,NULL,NA,NA,NA,97,NA,NA,NA,NA,Karazhan,Moroes,1,NA,NA,90.825,15.664,20.28,28.6,6.2,0,0,0,0,0,83.076,198.365,0,0,0,0,33.374,19.2062,0,0,57.2,0
28570,Back,Armor,Cloth,Shadow-Cloak of Dalaran,115,70,Epic,https://tbc.wowhead.com/item=28570,NA,41.201,0,0,0,37.64,37.116,0,0,5.4,42.84,0,104.2542,30.96,53.1,37.98,39.96,48.95,4.2912,9,39.42,18.414,8.64,19,18,NULL,NULL,NULL,NULL,NULL,36,NULL,NULL,NULL,NULL,NULL,NULL,NULL,NULL,NULL,NULL,NULL,NA,NULL,NULL,NULL,NA,NA,NA,97,NA,NA,NA,NA,Karazhan,Moroes,1,NA,NA,NULL,NULL,NULL,NULL,NULL,NULL,NULL,NULL,NULL,NULL,NULL,NULL,NULL,NULL,NULL,NULL,NULL,NULL,NULL,NULL,NULL,NULL
28582,Back,Armor,Cloth,Red Riding Hood's Cloak,115,70,Epic,https://tbc.wowhead.com/item=28582,NA,35.201,0,0,0,122.177,1.364,0,0,58.1,12.42,0,95.4555,14.34,11.66,3.96,6.73,21.45,0,64.25,4.18,2.09,69.06,16,22,NULL,NULL,NULL,NULL,NULL,NULL,48,NULL,NULL,NULL,NULL,NULL,NULL,NULL,7,NULL,NULL,NA,NULL,NULL,NULL,NA,NA,NA,97,NA,NA,NA,NA,Karazhan,The Big Bad Wolf,1,NA,NA,NULL,NULL,NULL,NULL,NULL,NULL,NULL,NULL,NULL,NULL,NULL,NULL,NULL,NULL,NULL,NULL,NULL,NULL,NULL,NULL,NULL,NULL
28653,Back,Armor,Cloth,Shadowvine Cloak of Infusion,115,70,Epic,https://tbc.wowhead.com/item=28653,NA,3.201,0,0,0,125.277,3.722,0,0,17.4,20.68,0,48.5291,19.588,11.13,6.49,9.47,6.95,0,17.25,3.99,3.117,23.58,NULL,21,NULL,NULL,22,NULL,NULL,NULL,NULL,NULL,NULL,NULL,NULL,NULL,NULL,NULL,9,NULL,NULL,NA,NULL,NULL,NULL,NA,NA,NA,97,NA,NA,NA,NA,Karazhan,Terestian Illhoof,1,NA,NA,NULL,NULL,NULL,NULL,NULL,NULL,NULL,NULL,NULL,NULL,NULL,NULL,NULL,NULL,NULL,NULL,NULL,NULL,NULL,NULL,NULL,NULL
28660,Back,Armor,Cloth,Gilded Thorium Cloak,115,70,Epic,https://tbc.wowhead.com/item=28660,NA,82.833,0,0,0,6,0,0,0,0,0,0,298.0505,0,0,0,0,55.85,0,0,0,0,0,30,NULL,NULL,NULL,NULL,NULL,NULL,NULL,NULL,NULL,NULL,NULL,NULL,NULL,NULL,NULL,NULL,NULL,NULL,NA,24,NULL,NULL,NA,NA,NA,385,NA,NA,NA,NA,Karazhan,Terestian Illhoof,1,NA,NA,NULL,NULL,NULL,NULL,NULL,NULL,NULL,NULL,NULL,NULL,NULL,NULL,NULL,NULL,NULL,NULL,NULL,NULL,NULL,NULL,NULL,NULL
28672,Back,Armor,Cloth,Drape of the Dark Reavers,115,70,Epic,https://tbc.wowhead.com/item=28672,NA,98.287,43.261,35.34,127.7,4.2,0,108.7,184.54,0,0,160.53,284.948,0,0,0,0,34.69,49.9687,0,0,97.332,0,21,NULL,24,NULL,NULL,34,NULL,NULL,NULL,NULL,NULL,NULL,NULL,17,NULL,NULL,NULL,NULL,NULL,NA,NULL,NULL,NULL,NA,NA,NA,97,NA,NA,NA,NA,Karazhan,Shade of Aran,1,NA,NA,86.727,20.719,25.99,86.56,4.2,0,83.2,159.04,0,0,135.03,234.3696,0,0,0,0,32.99,24.365,0,0,68.704,0
28764,Back,Armor,Cloth,Farstrider Wildercloak,125,70,Epic,https://tbc.wowhead.com/item=28764,NA,91.705,31.815,24.85,70,7.2,0,70,70,0,0,70,228.1159,0,0,0,0,41.85,21.371,0,0,70,0,36,NULL,NULL,NULL,NULL,70,NULL,NULL,NULL,NULL,NULL,NULL,NULL,NULL,NULL,NULL,NULL,NULL,NULL,NA,NULL,NULL,NULL,NA,NA,NA,105,NA,NA,NA,NA,Karazhan,Prince Malchezaar,1,NA,NA,NULL,NULL,NULL,NULL,NULL,NULL,NULL,NULL,NULL,NULL,NULL,NULL,NULL,NULL,NULL,NULL,NULL,NULL,NULL,NULL,NULL,NULL
28765,Back,Armor,Cloth,Stainless Cloak of the Pure Hearted,125,70,Epic,https://tbc.wowhead.com/item=28765,NA,47.465,0,0,0,130.257,1.426,0,0,63.4,12.8,0,117.0553,14.946,12.19,4.07,6.95,27.35,0,69.75,4.37,2.185,74.54,22,23,NULL,NULL,NULL,NULL,NULL,NULL,53,NULL,NULL,NULL,NULL,NULL,NULL,NULL,7,NULL,NULL,NA,NULL,NULL,NULL,NA,NA,NA,105,NA,NA,NA,NA,Karazhan,Prince Malchezaar,1,NA,NA,NULL,NULL,NULL,NULL,NULL,NULL,NULL,NULL,NULL,NULL,NULL,NULL,NULL,NULL,NULL,NULL,NULL,NULL,NULL,NULL,NULL,NULL
28766,Back,Armor,Cloth,Ruby Drape of the Mysticant,125,70,Epic,https://tbc.wowhead.com/item=28766,NA,47.465,0,0,0,43.88,45.1476,0,0,6.3,59.58,0,117.0553,33.828,74.43,58.41,62.34,48.15,3.576,10.5,42.99,33.069,10.08,22,21,NULL,NULL,NULL,NULL,NULL,30,NULL,NULL,NULL,NULL,NULL,NULL,18,NULL,NULL,NULL,NULL,NA,NULL,NULL,NULL,NA,NA,NA,105,NA,NA,NA,NA,Karazhan,Prince Malchezaar,1,NA,NA,47.465,0,0,0,43.88,31.302,0,0,6.3,37.98,0,117.0553,29.436,47.43,32.31,34.62,48.15,3.576,10.5,33.99,15.915,10.08
28777,Back,Armor,Cloth,Cloak of the Pit Stalker,125,70,Epic,https://tbc.wowhead.com/item=28777,NA,83.569,47.532,38.84,97.28,5.6,0,93.2,95.6,0,0,104,236.1375,0,0,0,0,37.41,31.492,0,0,91.736,0,28,NULL,NULL,NULL,NULL,56,NULL,NULL,NULL,24,NULL,NULL,NULL,NULL,NULL,NULL,NULL,NULL,NULL,NA,NULL,NULL,NULL,NA,NA,NA,105,NA,NA,NA,NA,Magtheridon's Lair,Magtheridon,1,NA,NA,NULL,NULL,NULL,NULL,NULL,NULL,NULL,NULL,NULL,NULL,NULL,NULL,NULL,NULL,NULL,NULL,NULL,NULL,NULL,NULL,NULL,NULL
28797,Back,Armor,Cloth,Brute Cloak of the Ogre-Magi,125,70,Epic,https://tbc.wowhead.com/item=28797,NA,39.465,0,0,0,48.583,33.3685,0,0,6,49.4,0,105.3237,36.479,66.238,39.63,48.73,43.05,3.3376,22.19,47.67,20.274,24.78,18,20,NULL,NULL,NULL,NULL,NULL,28,NULL,NULL,23,NULL,NULL,NULL,NULL,NULL,NULL,NULL,NULL,NA,NULL,NULL,NULL,NA,NA,NA,105,NA,NA,NA,NA,Gruul's Lair,High King Maulgar,1,NA,NA,NULL,NULL,NULL,NULL,NULL,NULL,NULL,NULL,NULL,NULL,NULL,NULL,NULL,NULL,NULL,NULL,NULL,NULL,NULL,NULL,NULL,NULL
29139,Back,Armor,Cloth,Ceremonial Cover,115,70,Rare,https://tbc.wowhead.com/item=29139,NA,32.574,0,0,0,77.266,1.612,0,0,10.8,13.36,0,83.0169,16.62,13.78,4.18,7.34,20,0,17.5,4.94,2.47,21.48,15,26,NULL,NULL,NULL,NULL,NULL,NULL,NULL,NULL,NULL,NULL,NULL,NULL,NULL,NULL,6,NULL,NULL,NA,NULL,NULL,NULL,NA,NA,NA,78,NA,NA,NA,NA,The Mag'har,Exalted,1,NA,NA,NULL,NULL,NULL,NULL,NULL,NULL,NULL,NULL,NULL,NULL,NULL,NULL,NULL,NULL,NULL,NULL,NULL,NULL,NULL,NULL,NULL,NULL
29140,Back,Armor,Cloth,Cloak of the Ancient Spirits,115,70,Rare,https://tbc.wowhead.com/item=29140,NA,32.574,0,0,0,77.266,1.612,0,0,10.8,13.36,0,83.0169,16.62,13.78,4.18,7.34,20,0,17.5,4.94,2.47,21.48,15,26,NULL,NULL,NULL,NULL,NULL,NULL,NULL,NULL,NULL,NULL,NULL,NULL,NULL,NULL,6,NULL,NULL,NA,NULL,NULL,NULL,NA,NA,NA,78,NA,NA,NA,NA,Kurenai,Exalted,1,NA,NA,NULL,NULL,NULL,NULL,NULL,NULL,NULL,NULL,NULL,NULL,NULL,NULL,NULL,NULL,NULL,NULL,NULL,NULL,NULL,NULL,NULL,NULL
29354,Back,Armor,Cloth,Light-Touched Stole of Altruism,110,70,Epic,https://tbc.wowhead.com/item=29354,NA,47.069,0,0,0,98.88,1.302,0,0,61.3,7.98,0,111.0517,12.726,11.13,2.31,4.62,26.55,0,65.5,3.99,1.995,65.08,22,21,NULL,NULL,NULL,NULL,NULL,NULL,55,NULL,NULL,NULL,NULL,NULL,NULL,NULL,NULL,NULL,NULL,NA,NULL,NULL,NULL,NA,NA,NA,93,NA,NA,NA,NA,Auchenai Crypts,Exarch Maladaar,1,NA,NA,NULL,NULL,NULL,NULL,NULL,NULL,NULL,NULL,NULL,NULL,NULL,NULL,NULL,NULL,NULL,NULL,NULL,NULL,NULL,NULL,NULL,NULL
29369,Back,Armor,Cloth,Shawl of Shifting Probabilities,110,70,Epic,https://tbc.wowhead.com/item=29369,NA,39.069,0,0,0,40.742,25.941,0,0,4.8,40.28,0,99.3201,29.775,54.702,31.78,40.14,37.15,2.5032,19.66,39.22,16.412,22.2,18,16,NULL,NULL,NULL,NULL,NULL,21,NULL,NULL,22,NULL,NULL,NULL,NULL,NULL,NULL,NULL,NULL,NA,NULL,NULL,NULL,NA,NA,NA,93,NA,NA,NA,NA,Badge of Justice,G'eras,1,NA,NA,NULL,NULL,NULL,NULL,NULL,NULL,NULL,NULL,NULL,NULL,NULL,NULL,NULL,NULL,NULL,NULL,NULL,NULL,NULL,NULL,NULL,NULL
29375,Back,Armor,Cloth,Bishop's Cloak,110,70,Epic,https://tbc.wowhead.com/item=29375,NA,35.069,0,0,0,115.008,1.054,0,0,55.1,11.1,0,93.4543,11.454,9.01,3.63,5.9,20.75,0,60.5,3.23,1.615,66.16,16,17,NULL,NULL,NULL,NULL,NULL,NULL,46,NULL,NULL,NULL,NULL,NULL,NULL,NULL,8,NULL,NULL,NA,NULL,NULL,NULL,NA,NA,NA,93,NA,NA,NA,NA,Badge of Justice,G'eras,3,NA,NA,NULL,NULL,NULL,NULL,NULL,NULL,NULL,NULL,NULL,NULL,NULL,NULL,NULL,NULL,NULL,NULL,NULL,NULL,NULL,NULL,NULL,NULL
29382,Back,Armor,Cloth,Blood Knight War Cloak,110,70,Epic,https://tbc.wowhead.com/item=29382,NA,79.917,37.387,30.38,98.37,4.4,0,95.15,167.83,0,0,120.22,245.5409,0,0,0,0,34.23,28.0565,0,0,81.258,0,22,NULL,23,NULL,NULL,48,NULL,NULL,NULL,NULL,NULL,NULL,NULL,NULL,NULL,NULL,NULL,NULL,NULL,NA,NULL,NULL,NULL,NA,NA,NA,93,NA,NA,NA,NA,Badge of Justice,G'eras,1,NA,NA,NULL,NULL,NULL,NULL,NULL,NULL,NULL,NULL,NULL,NULL,NULL,NULL,NULL,NULL,NULL,NULL,NULL,NULL,NULL,NULL,NULL,NULL
29385,Back,Armor,Cloth,Farstrider Defender's Cloak,110,70,Epic,https://tbc.wowhead.com/item=29385,NA,82.871,0,0,0,6,0,0,0,0,0,0,221.5671,0,0,0,0,51.75,0,0,0,0,0,30,NULL,NULL,NULL,NULL,NULL,NULL,NULL,NULL,NULL,NULL,NULL,NULL,NULL,NULL,NULL,NULL,NULL,NULL,NA,NULL,38,NULL,NA,NA,NA,267,NA,NA,NA,NA,Badge of Justice,G'eras,1,NA,NA,NULL,NULL,NULL,NULL,NULL,NULL,NULL,NULL,NULL,NULL,NULL,NULL,NULL,NULL,NULL,NULL,NULL,NULL,NULL,NULL,NULL,NULL
29813,Back,Armor,Cloth,Cloak of Woven Energy,106,0,Rare,https://tbc.wowhead.com/item=29813,NA,14.376,0,0,0,34.073,31.213,0,0,4.8,38.56,0,53.619,27.076,47.656,33.19,36.45,30.6,3.4568,9.68,35.61,16.248,10.2,6,13,NULL,NULL,3,NULL,NULL,29,NULL,NULL,6,NULL,NULL,NULL,NULL,NULL,NULL,NULL,NULL,NA,NULL,NULL,NULL,NA,NA,NA,72,NA,NA,NA,NA,Netherstorm,Hitting the Motherlode,1,NA,NA,NULL,NULL,NULL,NULL,NULL,NULL,NULL,NULL,NULL,NULL,NULL,NULL,NULL,NULL,NULL,NULL,NULL,NULL,NULL,NULL,NULL,NULL
29925,Back,Armor,Cloth,Phoenix-Wing Cloak,128,70,Epic,https://tbc.wowhead.com/item=29925,NA,108.934,0,0,0,7.4,0,0,0,0,0,0,209.213,0,0,0,0,63.7,0,0,0,0,0,37,NULL,NULL,NULL,NULL,NULL,NULL,NULL,NULL,NULL,NULL,NULL,NULL,NULL,NULL,NULL,NULL,NULL,27,NA,22,NULL,NULL,NA,NA,NA,108,NA,NA,NA,NA,Tempest Keep,Al'ar,2,NA,NA,NULL,NULL,NULL,NULL,NULL,NULL,NULL,NULL,NULL,NULL,NULL,NULL,NULL,NULL,NULL,NULL,NULL,NULL,NULL,NULL,NULL,NULL
29989,Back,Armor,Cloth,Sunshower Light Cloak,138,70,Epic,https://tbc.wowhead.com/item=29989,NA,39.828,0,0,0,169.1,3.688,0,0,90.2,15.92,0,110.827,19.604,12.72,4.64,7.48,24.4,0,89,4.56,3.3,88.52,18,24,NULL,NULL,20,NULL,NULL,NULL,77,NULL,NULL,NULL,NULL,NULL,NULL,NULL,NULL,NULL,NULL,NA,NULL,NULL,NULL,NA,NA,NA,116,NA,NA,NA,NA,Tempest Keep,Kael'thas Sunstrider,2,NA,NA,NULL,NULL,NULL,NULL,NULL,NULL,NULL,NULL,NULL,NULL,NULL,NULL,NULL,NULL,NULL,NULL,NULL,NULL,NULL,NULL,NULL,NULL
29992,Back,Armor,Cloth,Royal Cloak of the Sunstriders,138,70,Epic,https://tbc.wowhead.com/item=29992,NA,57.828,0,0,0,46.76,45.364,0,0,6.6,52.36,0,137.2231,37.84,64.9,46.42,48.84,63.1,5.2448,11,48.18,22.506,10.56,27,22,NULL,NULL,NULL,NULL,NULL,44,NULL,NULL,NULL,NULL,NULL,NULL,NULL,NULL,NULL,NULL,NULL,NA,NULL,NULL,NULL,NA,NA,NA,116,NA,NA,NA,NA,Tempest Keep,Kael'thas Sunstrider,2,NA,NA,NULL,NULL,NULL,NULL,NULL,NULL,NULL,NULL,NULL,NULL,NULL,NULL,NULL,NULL,NULL,NULL,NULL,NULL,NULL,NULL,NULL,NULL
29994,Back,Armor,Cloth,Thalassian Wildercloak,138,70,Epic,https://tbc.wowhead.com/item=29994,NA,102.036,49.862,40.38,129.32,5.6,0,125.4,213.88,0,0,155.92,313.4472,0,0,0,0,43.48,37.076,0,0,108.488,0,28,NULL,28,NULL,NULL,68,NULL,NULL,NULL,NULL,NULL,NULL,NULL,NULL,NULL,NULL,NULL,NULL,NULL,NA,NULL,NULL,NULL,NA,NA,NA,116,NA,NA,NA,NA,Tempest Keep,Kael'thas Sunstrider,2,NA,NA,NULL,NULL,NULL,NULL,NULL,NULL,NULL,NULL,NULL,NULL,NULL,NULL,NULL,NULL,NULL,NULL,NULL,NULL,NULL,NULL,NULL,NULL
30098,Back,Armor,Cloth,Razor-Scale Battlecloak,128,70,Epic,https://tbc.wowhead.com/item=30098,NA,88.68,48.571,39.08,86.67,4.4,0,47.15,119.83,0,0,146.998,279.8234,0,0,0,0,32.892,37.7792,0,0,105.858,0,22,NULL,23,33,NULL,NULL,NULL,NULL,NULL,NULL,NULL,NULL,NULL,NULL,NULL,NULL,NULL,NULL,NULL,NA,NULL,NULL,NULL,NA,NA,NA,108,NA,NA,NA,NA,Serpentshrine Cavern,Morogrim Tidewalker,2,NA,NA,NULL,NULL,NULL,NULL,NULL,NULL,NULL,NULL,NULL,NULL,NULL,NULL,NULL,NULL,NULL,NULL,NULL,NULL,NULL,NULL,NULL,NULL
30642,Back,Armor,Cloth,Drape of the Righteous,115,70,Epic,https://tbc.wowhead.com/item=30642,NA,3.201,0,0,0,54.057,0.806,0,0,7.4,9,0,48.5291,8.886,6.89,2.97,4.75,6.15,0,11.75,2.47,1.235,16.74,NULL,13,NULL,NULL,NULL,NULL,NULL,NULL,NULL,NULL,NULL,NULL,NULL,NULL,NULL,NULL,7,NULL,NULL,NA,NULL,NULL,NULL,NA,NA,NA,97,NA,NA,NA,NA,Karazhan,Trash,1,NA,NA,NULL,NULL,NULL,NULL,NULL,NULL,NULL,NULL,NULL,NULL,NULL,NULL,NULL,NULL,NULL,NULL,NULL,NULL,NULL,NULL,NULL,NULL
30729,Back,Armor,Cloth,Black-Iron Battlecloak,120,70,Epic,https://tbc.wowhead.com/item=30729,NA,31.143,54.87,45,111.6,0,0,106.5,109.5,0,0,120,167.3863,0,0,0,0,13.15,36.312,0,0,104.67,0,NULL,NULL,NULL,NULL,NULL,60,NULL,NULL,NULL,30,NULL,NULL,NULL,NULL,NULL,NULL,NULL,NULL,NULL,NA,NULL,NULL,NULL,NA,NA,NA,101,NA,NA,NA,NA,Shadowmoon Valley,Doomwalker,1,NA,NA,NULL,NULL,NULL,NULL,NULL,NULL,NULL,NULL,NULL,NULL,NULL,NULL,NULL,NULL,NULL,NULL,NULL,NULL,NULL,NULL,NULL,NULL
30735,Back,Armor,Cloth,Ancient Spellcloak of the Highborne,120,70,Epic,https://tbc.wowhead.com/item=30735,NA,3.333,0,0,0,34.299,40.3405,0,0,4.5,53.1,0,50.5303,36.381,69.484,45.44,52.79,31.75,4.2912,17.57,51.96,22.575,19.74,NULL,15,NULL,NULL,NULL,NULL,NULL,36,NULL,NULL,19,NULL,NULL,NULL,NULL,NULL,NULL,NULL,NULL,NA,NULL,NULL,NULL,NA,NA,NA,101,NA,NA,NA,NA,Hellfire Peninsula,Doom Lord Kazzak,1,NA,NA,NULL,NULL,NULL,NULL,NULL,NULL,NULL,NULL,NULL,NULL,NULL,NULL,NULL,NULL,NULL,NULL,NULL,NULL,NULL,NULL,NULL,NULL
30831,Back,Armor,Cloth,Cloak of Arcane Evasion,112,69,Rare,https://tbc.wowhead.com/item=30831,NA,26.508,0,0,0,2.4,0,0,0,0,0,0,73.2176,0,0,0,0,14.6,0,0,0,0,0,12,NULL,NULL,NULL,NULL,NULL,NULL,NULL,NULL,NULL,NULL,NULL,NULL,NULL,NULL,NULL,NULL,NULL,NULL,NA,NULL,NULL,NULL,NA,NA,NA,76,NA,NA,NA,NA,Tailoring,Crafted,1,NA,NA,NULL,NULL,NULL,NULL,NULL,NULL,NULL,NULL,NULL,NULL,NULL,NULL,NULL,NULL,NULL,NULL,NULL,NULL,NULL,NULL,NULL,NULL
31140,Back,Armor,Cloth,Cloak of Entropy,88,61,Rare,https://tbc.wowhead.com/item=31140,NA,2.013,0,0,0,20.68,33.374,0,0,3.3,41.18,0,30.5183,23.031,51.08,40.71,42.82,21.65,2.98,5.5,32.09,22.175,5.28,NULL,11,NULL,NULL,NULL,NULL,NULL,25,NULL,NULL,NULL,NULL,NULL,NULL,10,NULL,NULL,NULL,NULL,NA,NULL,NULL,NULL,NA,NA,NA,61,NA,NA,NA,NA,NA,World Drop,1,NA,NA,2.013,0,0,0,20.68,25.682,0,0,3.3,29.18,0,30.5183,20.591,36.08,26.21,27.42,21.65,2.98,5.5,27.09,12.645,5.28
31143,Back,Armor,Cloth,Shroud of Frenzy,91,62,Rare,https://tbc.wowhead.com/item=31143,NA,21.835,35.72,29.02,50.62,0,0,24.8,26.4,0,0,79.586,109.4281,0,0,0,0,6.054,25.1095,0,0,70.024,0,NULL,NULL,NULL,21,NULL,NULL,NULL,NULL,NULL,16,NULL,NULL,NULL,NULL,NULL,NULL,NULL,NULL,NULL,NA,NULL,NULL,NULL,NA,NA,NA,63,NA,NA,NA,NA,NA,World Drop,1,NA,NA,NULL,NULL,NULL,NULL,NULL,NULL,NULL,NULL,NULL,NULL,NULL,NULL,NULL,NULL,NULL,NULL,NULL,NULL,NULL,NULL,NULL,NULL
31201,Back,Armor,Cloth,Illidari Cloak,103,66,Rare,https://tbc.wowhead.com/item=31201,NA,2.31,0,0,0,0,0,0,0,0,0,0,35.021,0,0,0,0,3.5,0,0,0,0,0,NULL,NULL,NULL,NULL,NULL,NULL,NULL,NULL,NULL,NULL,NULL,NULL,NULL,NULL,NULL,NULL,NULL,NULL,NULL,NA,NULL,NULL,NULL,NA,NA,NA,70,NA,NA,NA,NA,Netherstorm,Chief Engineer Lorthander,1,NA,NA,NULL,NULL,NULL,NULL,NULL,NULL,NULL,NULL,NULL,NULL,NULL,NULL,NULL,NULL,NULL,NULL,NULL,NULL,NULL,NULL,NULL,NULL
31254,Back,Armor,Cloth,Striderhide Cloak,97,64,Rare,https://tbc.wowhead.com/item=31254,NA,2.178,0,0,0,0,0,0,0,0,0,0,33.0198,0,0,0,0,3.3,0,0,0,0,0,NULL,NULL,NULL,NULL,NULL,NULL,NULL,NULL,NULL,NULL,NULL,NULL,NULL,NULL,NULL,NULL,NULL,NULL,NULL,NA,NULL,NULL,NULL,NA,NA,NA,66,NA,NA,NA,NA,Zangarmarsh,Marticar (Rare),1,NA,NA,NULL,NULL,NULL,NULL,NULL,NULL,NULL,NULL,NULL,NULL,NULL,NULL,NULL,NULL,NULL,NULL,NULL,NULL,NULL,NULL,NULL,NULL
31255,Back,Armor,Cloth,Cloak of the Craft,103,66,Rare,https://tbc.wowhead.com/item=31255,NA,47.788,34.855,28.75,106.21,0,0,90.75,169.75,0,0,137.63,187.7086,0,0,0,0,13.5,40.2528,0,0,78.042,0,NULL,NULL,25,NULL,NULL,20,NULL,NULL,NULL,NULL,NULL,NULL,NULL,13,NULL,NULL,NULL,NULL,NULL,NA,NULL,NULL,NULL,NA,NA,NA,70,NA,NA,NA,NA,NA,World Drop,1,NA,NA,38.948,17.617,21.6,74.75,0,0,71.25,150.25,0,0,118.13,149.031,0,0,0,0,12.2,20.6735,0,0,56.15,0
31329,Back,Armor,Cloth,Lifegiving Cloak,100,70,Epic,https://tbc.wowhead.com/item=31329,NA,2.805,0,0,0,109.595,0.806,0,0,70.4,7.84,0,42.5255,8.598,6.89,2.53,4.21,5.55,0,74.25,2.47,1.235,77.74,NULL,13,NULL,NULL,NULL,NULL,NULL,NULL,64,NULL,NULL,NULL,NULL,NULL,NULL,NULL,5,NULL,NULL,NA,NULL,NULL,NULL,NA,NA,NA,85,NA,NA,NA,NA,NA,World Drop,1,NA,NA,NULL,NULL,NULL,NULL,NULL,NULL,NULL,NULL,NULL,NULL,NULL,NULL,NULL,NULL,NULL,NULL,NULL,NULL,NULL,NULL,NULL,NULL
31465,Back,Armor,Cloth,Sha'tari Anchorite's Cloak,115,0,Rare,https://tbc.wowhead.com/item=31465,NA,2.574,0,0,0,87.76,1.674,0,0,45.1,10.26,0,39.0234,16.362,14.31,2.97,5.94,6.6,0,50.5,5.13,2.565,49.96,NULL,27,NULL,NULL,NULL,NULL,NULL,NULL,37,NULL,NULL,NULL,NULL,NULL,NULL,NULL,NULL,NULL,NULL,NA,NULL,NULL,NULL,NA,NA,NA,78,NA,NA,NA,NA,Terokkar Forest,How to Break Into the Arcatraz,1,NA,NA,NULL,NULL,NULL,NULL,NULL,NULL,NULL,NULL,NULL,NULL,NULL,NULL,NULL,NULL,NULL,NULL,NULL,NULL,NULL,NULL,NULL,NULL
31935,Back,Armor,Cloth,Frigid Cloak,109,70,Rare,https://tbc.wowhead.com/item=31935,NA,56.442,0,0,0,5.4,0,0,0,0,0,0,116.2105,0,0,0,0,28,0,0,0,0,0,27,NULL,NULL,NULL,NULL,NULL,NULL,NULL,NULL,NULL,NULL,NULL,NULL,NULL,NULL,NULL,NULL,NULL,NULL,NA,NULL,NULL,NULL,NA,NA,NA,74,NA,NA,NA,NA,NA,NA,1,NA,NA,NULL,NULL,NULL,NULL,NULL,NULL,NULL,NULL,NULL,NULL,NULL,NULL,NULL,NULL,NULL,NULL,NULL,NULL,NULL,NULL,NULL,NULL
31936,Back,Armor,Cloth,Fiery Cloak,109,70,Rare,https://tbc.wowhead.com/item=31936,NA,56.442,0,0,0,5.4,0,0,0,0,0,0,116.2105,0,0,0,0,28,0,0,0,0,0,27,NULL,NULL,NULL,NULL,NULL,NULL,NULL,NULL,NULL,NULL,NULL,NULL,NULL,NULL,NULL,NULL,NULL,NULL,NA,NULL,NULL,NULL,NA,NA,NA,74,NA,NA,NA,NA,NA,NA,3,NA,NA,NULL,NULL,NULL,NULL,NULL,NULL,NULL,NULL,NULL,NULL,NULL,NULL,NULL,NULL,NULL,NULL,NULL,NULL,NULL,NULL,NULL,NULL
31937,Back,Armor,Cloth,Living Cloak,109,70,Rare,https://tbc.wowhead.com/item=31937,NA,56.442,0,0,0,5.4,0,0,0,0,0,0,116.2105,0,0,0,0,28,0,0,0,0,0,27,NULL,NULL,NULL,NULL,NULL,NULL,NULL,NULL,NULL,NULL,NULL,NULL,NULL,NULL,NULL,NULL,NULL,NULL,NA,NULL,NULL,NULL,NA,NA,NA,74,NA,NA,NA,NA,NA,NA,1,NA,NA,NULL,NULL,NULL,NULL,NULL,NULL,NULL,NULL,NULL,NULL,NULL,NULL,NULL,NULL,NULL,NULL,NULL,NULL,NULL,NULL,NULL,NULL
31938,Back,Armor,Cloth,Enigmatic Cloak,109,70,Rare,https://tbc.wowhead.com/item=31938,NA,56.442,0,0,0,5.4,0,0,0,0,0,0,116.2105,0,0,0,0,28,0,0,0,0,0,27,NULL,NULL,NULL,NULL,NULL,NULL,NULL,NULL,NULL,NULL,NULL,NULL,NULL,NULL,NULL,NULL,NULL,NULL,NA,NULL,NULL,NULL,NA,NA,NA,74,NA,NA,NA,NA,NA,NA,1,NA,NA,NULL,NULL,NULL,NULL,NULL,NULL,NULL,NULL,NULL,NULL,NULL,NULL,NULL,NULL,NULL,NULL,NULL,NULL,NULL,NULL,NULL,NULL
31939,Back,Armor,Cloth,Dark Cloak,109,70,Rare,https://tbc.wowhead.com/item=31939,NA,56.442,0,0,0,5.4,0,0,0,0,0,0,116.2105,0,0,0,0,28,0,0,0,0,0,27,NULL,NULL,NULL,NULL,NULL,NULL,NULL,NULL,NULL,NULL,NULL,NULL,NULL,NULL,NULL,NULL,NULL,NULL,NA,NULL,NULL,NULL,NA,NA,NA,74,NA,NA,NA,NA,NA,NA,3,NA,NA,NULL,NULL,NULL,NULL,NULL,NULL,NULL,NULL,NULL,NULL,NULL,NULL,NULL,NULL,NULL,NULL,NULL,NULL,NULL,NULL,NULL,NULL
31942,Back,Armor,Cloth,Deathwing Brood Cloak,115,70,Rare,https://tbc.wowhead.com/item=31942,NA,2.574,0,0,0,0,0,0,0,0,0,0,39.0234,0,0,0,0,3.9,0,0,0,0,0,NULL,NULL,NULL,NULL,NULL,NULL,NULL,NULL,NULL,NULL,NULL,NULL,NULL,NULL,NULL,NULL,NULL,NULL,NULL,NA,NULL,NULL,NULL,NA,NA,NA,78,NA,NA,NA,NA,Tailoring,Crafted,3,NA,NA,NULL,NULL,NULL,NULL,NULL,NULL,NULL,NULL,NULL,NULL,NULL,NULL,NULL,NULL,NULL,NULL,NULL,NULL,NULL,NULL,NULL,NULL
32323,Back,Armor,Cloth,Shadowmoon Destroyer's Drape,141,70,Epic,https://tbc.wowhead.com/item=32323,NA,102.252,66.364,53.87,154.42,4.8,0,134.7,137.1,0,0,171.17,297.4882,0,0,0,0,37.12,61.9805,0,0,136.364,0,24,NULL,NULL,NULL,NULL,72,NULL,NULL,NULL,24,NULL,NULL,NULL,17,NULL,NULL,NULL,NULL,NULL,NA,NULL,NULL,NULL,NA,NA,NA,118,NA,NA,NA,NA,Black Temple,Teron Gorefiend,3,NA,NA,90.692,43.822,44.52,113.28,4.8,0,109.2,111.6,0,0,145.67,246.9098,0,0,0,0,35.42,36.3768,0,0,107.736,0
32331,Back,Armor,Cloth,Cloak of the Illidari Council,141,70,Epic,https://tbc.wowhead.com/item=32331,NA,51.894,0,0,0,42.905,47.4795,0,0,4.8,63.08,0,129.425,42.615,82.95,54.01,63.27,58.5,5.0064,21.25,62.29,26.858,24.18,24,16,NULL,NULL,NULL,NULL,NULL,42,NULL,NULL,25,NULL,NULL,NULL,NULL,NULL,NULL,NULL,NULL,NA,NULL,NULL,NULL,NA,NA,NA,118,NA,NA,NA,NA,Black Temple,High Nethermancer Zerevor,3,NA,NA,NULL,NULL,NULL,NULL,NULL,NULL,NULL,NULL,NULL,NULL,NULL,NULL,NULL,NULL,NULL,NULL,NULL,NULL,NULL,NULL,NULL,NULL
32337,Back,Armor,Cloth,Shroud of Forgiveness,141,70,Epic,https://tbc.wowhead.com/item=32337,NA,57.894,0,0,0,163.5,3.378,0,0,90.7,14.02,0,138.2237,16.574,10.07,4.09,6.38,32.1,0,88.5,3.61,2.825,88.12,27,19,NULL,NULL,20,NULL,NULL,NULL,79,NULL,NULL,NULL,NULL,NULL,NULL,NULL,NULL,NULL,NULL,NA,NULL,NULL,NULL,NA,NA,NA,118,NA,NA,NA,NA,Black Temple,Gurtogg Bloodboil,3,NA,NA,NULL,NULL,NULL,NULL,NULL,NULL,NULL,NULL,NULL,NULL,NULL,NULL,NULL,NULL,NULL,NULL,NULL,NULL,NULL,NULL,NULL,NULL
32420,Back,Armor,Cloth,Night's End,130,70,Epic,https://tbc.wowhead.com/item=32420,NA,63.597,0,0,0,6,0,0,0,0,0,0,142.5197,0,0,0,0,32.45,0,0,0,0,0,30,NULL,NULL,NULL,NULL,NULL,NULL,NULL,NULL,NULL,NULL,NULL,NULL,NULL,NULL,NULL,NULL,NULL,NULL,NA,NULL,NULL,NULL,NA,NA,NA,109,NA,NA,NA,NA,Tailoring,Crafted,3,NA,NA,NULL,NULL,NULL,NULL,NULL,NULL,NULL,NULL,NULL,NULL,NULL,NULL,NULL,NULL,NULL,NULL,NULL,NULL,NULL,NULL,NULL,NULL
32524,Back,Armor,Cloth,Shroud of the Highborne,151,70,Epic,https://tbc.wowhead.com/item=32524,NA,52.158,0,0,0,175.88,56.426,0,0,74.9,57.34,0,133.4274,59.453,76.18,60.41,63.9,46.3,2.7416,130.7,68.97,12.857,141.76,24,23,NULL,NULL,NULL,NULL,NULL,23,68,NULL,NULL,NULL,32,NULL,NULL,NULL,NULL,NULL,NULL,NA,NULL,NULL,NULL,NA,NA,NA,126,NA,NA,NA,NA,Black Temple,Illidan Stormrage,3,NA,NA,NULL,NULL,NULL,NULL,NULL,NULL,NULL,NULL,NULL,NULL,NULL,NULL,NULL,NULL,NULL,NULL,NULL,NULL,NULL,NULL,NULL,NULL
32538,Back,Armor,Cloth,Skywitch's Drape,115,70,Rare,https://tbc.wowhead.com/item=32538,NA,2.574,0,0,0,28.2,30.93,0,0,4.5,35.7,0,39.0234,25.8,44.25,31.65,33.3,26.4,3.576,7.5,32.85,15.345,7.2,NULL,15,NULL,NULL,NULL,NULL,NULL,30,NULL,NULL,NULL,NULL,NULL,NULL,NULL,NULL,NULL,NULL,NULL,NA,NULL,NULL,NULL,NA,NA,NA,78,NA,NA,NA,NA,Sha'tari Skyguard,Revered,3,NA,NA,NULL,NULL,NULL,NULL,NULL,NULL,NULL,NULL,NULL,NULL,NULL,NULL,NULL,NULL,NULL,NULL,NULL,NULL,NULL,NULL,NULL,NULL
32539,Back,Armor,Cloth,Skyguard's Drape,115,70,Rare,https://tbc.wowhead.com/item=32539,NA,28.798,33.789,27.16,84.85,0,0,82.75,130.15,0,0,99.1,147.4294,0,0,0,0,11.52,24.6161,0,0,73.69,0,NULL,NULL,15,NULL,NULL,52,NULL,NULL,NULL,NULL,NULL,NULL,NULL,NULL,NULL,NULL,NULL,NULL,NULL,NA,NULL,NULL,NULL,NA,NA,NA,78,NA,NA,NA,NA,Sha'tari Skyguard,Revered,3,NA,NA,NULL,NULL,NULL,NULL,NULL,NULL,NULL,NULL,NULL,NULL,NULL,NULL,NULL,NULL,NULL,NULL,NULL,NULL,NULL,NULL,NULL,NULL
32540,Back,Armor,Cloth,Terokk's Might,105,70,Epic,https://tbc.wowhead.com/item=32540,NA,67.033,36.284,29.16,91.04,3.6,0,88.8,139.36,0,0,106.24,213.4853,0,0,0,0,28.81,26.42,0,0,79.136,0,18,NULL,16,NULL,NULL,56,NULL,NULL,NULL,NULL,NULL,NULL,NULL,NULL,NULL,NULL,NULL,NULL,NULL,NA,NULL,NULL,NULL,NA,NA,NA,89,NA,NA,NA,NA,Terokkar Forest,Terokk,1,NA,NA,NULL,NULL,NULL,NULL,NULL,NULL,NULL,NULL,NULL,NULL,NULL,NULL,NULL,NULL,NULL,NULL,NULL,NULL,NULL,NULL,NULL,NULL
32541,Back,Armor,Cloth,Terokk's Wisdom,105,70,Epic,https://tbc.wowhead.com/item=32541,NA,38.937,0,0,0,33.68,33.992,0,0,4.8,39.08,0,97.3189,28.077,48.41,34.76,36.52,45.35,3.9336,8,36.04,16.832,7.68,18,16,NULL,NULL,NULL,NULL,NULL,33,NULL,NULL,NULL,NULL,NULL,NULL,NULL,NULL,NULL,NULL,NULL,NA,NULL,NULL,NULL,NA,NA,NA,89,NA,NA,NA,NA,Terokkar Forest,Terokk,1,NA,NA,NULL,NULL,NULL,NULL,NULL,NULL,NULL,NULL,NULL,NULL,NULL,NULL,NULL,NULL,NULL,NULL,NULL,NULL,NULL,NULL,NULL,NULL
32590,Back,Armor,Cloth,Nethervoid Cloak (Shadow),141,70,Epic,https://tbc.wowhead.com/item=32590,"Priest, Warlock",57.894,0,0,0,39.24,67.9616,0,0,5.4,81.44,0,138.2237,44.821,100.67,81.08,84.68,69.1,6.3176,9,65.42,43.456,8.64,27,18,NULL,NULL,NULL,NULL,NULL,53,NULL,NULL,NULL,NULL,NULL,NULL,18,NULL,NULL,NULL,NULL,NA,NULL,NULL,NULL,NA,NA,NA,118,NA,NA,NA,NA,Hyjal Summit,Trash,3,NA,NA,57.894,0,0,0,39.24,54.116,0,0,5.4,59.84,0,138.2237,40.429,73.67,54.98,56.96,69.1,6.3176,9,56.42,26.302,8.64
32653,Back,Armor,Cloth,Apexis Cloak,115,70,Rare,https://tbc.wowhead.com/item=32653,NA,32.574,0,0,0,88.2,0.93,0,0,61.5,5.7,0,83.0169,9.09,7.95,1.65,3.3,18.9,0,64.5,2.85,1.425,64.2,15,15,NULL,NULL,NULL,NULL,NULL,NULL,57,NULL,NULL,NULL,NULL,NULL,NULL,NULL,NULL,NULL,NULL,NA,NULL,NULL,NULL,NA,NA,NA,78,NA,NA,NA,NA,Ogri'la,Revered,3,NA,NA,NULL,NULL,NULL,NULL,NULL,NULL,NULL,NULL,NULL,NULL,NULL,NULL,NULL,NULL,NULL,NULL,NULL,NULL,NULL,NULL,NULL,NULL
32665,Back,Armor,Cloth,Crystalweave Cape,115,70,Rare,https://tbc.wowhead.com/item=32665,NA,47.384,24.195,30.02,88.23,3,0,73,130.8,0,0,78.56,179.8529,0,0,0,0,27.1,28.9451,0,0,69.634,0,15,NULL,15,NULL,NULL,NULL,NULL,NULL,NULL,NULL,NULL,26,NULL,NULL,NULL,NULL,NULL,NULL,NULL,NA,NULL,NULL,NULL,NA,NA,NA,78,NA,NA,NA,NA,Tailoring,Crafted,3,NA,NA,NULL,NULL,NULL,NULL,NULL,NULL,NULL,NULL,NULL,NULL,NULL,NULL,NULL,NULL,NULL,NULL,NULL,NULL,NULL,NULL,NULL,NULL
33122,Back,Armor,Cloth,Cloak of Darkness (melee),120,70,Epic,https://tbc.wowhead.com/item=33122,NA,101.969,53.08,44.8,85.94,22.676,9,52.25,51.43,18,9,125.238,256.6509,5.013,10.89,9,9,39.802,36.6653,18,5,97.336,14,25,NULL,NULL,23,NULL,NULL,NULL,NULL,NULL,24,NULL,NULL,NULL,NULL,NULL,NULL,NULL,NULL,NULL,NA,NULL,NULL,NULL,Blue,NA,NA,101,NA,NA,NA,NA,Tailoring,Crafted,3,NA,NA,NULL,NULL,NULL,NULL,NULL,NULL,NULL,NULL,NULL,NULL,NULL,NULL,NULL,NULL,NULL,NULL,NULL,NULL,NULL,NULL,NULL,NULL
33304,Back,Armor,Cloth,Cloak of Subjugated Power,136,70,Epic,https://tbc.wowhead.com/item=33304,NA,71.762,0,0,0,40.136,30.802,0,0,4.5,42.3,0,156.7528,30.225,55.756,35.21,41.66,56.7,3.2184,15.98,40.89,17.697,17.76,34,15,NULL,NULL,NULL,NULL,NULL,27,NULL,NULL,16,NULL,NULL,NULL,NULL,NULL,NULL,NULL,NULL,NA,NULL,NULL,NULL,NA,NA,NA,114,NA,NA,NA,NA,Badge of Justice,G'eras,4,NA,NA,NULL,NULL,NULL,NULL,NULL,NULL,NULL,NULL,NULL,NULL,NULL,NULL,NULL,NULL,NULL,NULL,NULL,NULL,NULL,NULL,NULL,NULL
33333,Back,Armor,Cloth,Kharmaa's Shroud of Hope,136,70,Epic,https://tbc.wowhead.com/item=33333,NA,71.762,0,0,0,111.386,0.93,0,0,58.5,9.18,0,156.7528,9.954,7.95,2.97,4.92,37.8,0,63,2.85,1.425,67.2,34,15,NULL,NULL,NULL,NULL,NULL,NULL,51,NULL,NULL,NULL,NULL,NULL,NULL,NULL,6,NULL,NULL,NA,NULL,NULL,NULL,NA,NA,NA,114,NA,NA,NA,NA,Badge of Justice,G'eras,4,NA,NA,NULL,NULL,NULL,NULL,NULL,NULL,NULL,NULL,NULL,NULL,NULL,NULL,NULL,NULL,NULL,NULL,NULL,NULL,NULL,NULL,NULL,NULL
33484,Back,Armor,Cloth,Dory's Embrace,136,70,Epic,https://tbc.wowhead.com/item=33484,NA,94.494,56.107,45.99,114,6.8,0,110.6,118.2,0,0,131.92,274.1784,0,0,0,0,42.06,34.2158,0,0,105.684,0,34,NULL,NULL,NULL,NULL,46,112,NULL,NULL,20,NULL,NULL,NULL,NULL,NULL,NULL,NULL,NULL,NULL,NA,NULL,NULL,NULL,NA,NA,NA,114,NA,NA,NA,NA,Badge of Justice,G'eras,4,NA,NA,NULL,NULL,NULL,NULL,NULL,NULL,NULL,NULL,NULL,NULL,NULL,NULL,NULL,NULL,NULL,NULL,NULL,NULL,NULL,NULL,NULL,NULL
33590,Back,Armor,Cloth,Cloak of Fiends,128,70,Epic,https://tbc.wowhead.com/item=33590,NA,77.741,47.947,48.43,143.05,4.4,0,127.625,200.825,0,0,139.05,278.6392,0,0,0,0,38.96,45.1253,0,0,121.02,0,22,NULL,20,NULL,NULL,46,NULL,NULL,NULL,NULL,NULL,25,NULL,NULL,NULL,NULL,NULL,NULL,NULL,NA,NULL,NULL,NULL,NA,NA,NA,108,NA,NA,NA,NA,Zul'Aman,NA,4,NA,NA,NULL,NULL,NULL,NULL,NULL,NULL,NULL,NULL,NULL,NULL,NULL,NULL,NULL,NULL,NULL,NULL,NULL,NULL,NULL,NULL,NULL,NULL
33591,Back,Armor,Cloth,Shadowcaster's Drape,128,70,Epic,https://tbc.wowhead.com/item=33591,NA,47.564,0,0,0,88.75,53.24,0,0,6,54.6,0,118.5562,52.709,71.52,56.45,59.4,46.1,3.2184,50,63.3,14.428,58.6,22,20,NULL,NULL,NULL,NULL,NULL,27,NULL,NULL,NULL,NULL,25,NULL,NULL,NULL,NULL,NULL,NULL,NA,NULL,NULL,NULL,NA,NA,NA,108,NA,NA,NA,NA,Zul'Aman,NA,4,NA,NA,NULL,NULL,NULL,NULL,NULL,NULL,NULL,NULL,NULL,NULL,NULL,NULL,NULL,NULL,NULL,NULL,NULL,NULL,NULL,NULL,NULL,NULL
33592,Back,Armor,Cloth,Cloak of Ancient Rituals,128,70,Epic,https://tbc.wowhead.com/item=33592,NA,47.564,0,0,0,139.75,26.24,0,0,57,27.6,0,118.5562,37.67,38.85,29.45,32.4,27.2,0,101,36.3,1.9,109.6,22,20,NULL,NULL,NULL,NULL,NULL,NULL,51,NULL,NULL,NULL,25,NULL,NULL,NULL,NULL,NULL,NULL,NA,NULL,NULL,NULL,NA,NA,NA,108,NA,NA,NA,NA,Zul'Aman,Hex Lord Malacrass,4,NA,NA,NULL,NULL,NULL,NULL,NULL,NULL,NULL,NULL,NULL,NULL,NULL,NULL,NULL,NULL,NULL,NULL,NULL,NULL,NULL,NULL,NULL,NULL
33593,Back,Armor,Cloth,Slikk's Cloak of Placation,128,70,Epic,https://tbc.wowhead.com/item=33593,NA,112.62,0,0,0,7.4,0,0,0,0,0,0,321.6506,0,0,0,0,72,0,0,0,0,0,37,NULL,NULL,NULL,NULL,NULL,NULL,NULL,NULL,NULL,NULL,NULL,NULL,NULL,NULL,NULL,NULL,NULL,25,NA,16,NULL,NULL,NA,NA,NA,346,NA,NA,NA,NA,Badge of Justice,G'eras,5,NA,NA,NULL,NULL,NULL,NULL,NULL,NULL,NULL,NULL,NULL,NULL,NULL,NULL,NULL,NULL,NULL,NULL,NULL,NULL,NULL,NULL,NULL,NULL
34010,Back,Armor,Cloth,Pepe's Shroud of Pacification,141,70,Epic,https://tbc.wowhead.com/item=34010,NA,151.584,17,13.75,60.5,9,0,37.5,37.5,0,0,75.25,299.4729,0,0,0,0,66.9,37.6525,0,0,42.1,0,45,NULL,NULL,NULL,NULL,NULL,NULL,NULL,NULL,NULL,NULL,NULL,NULL,25,NULL,NULL,NULL,NULL,30,NA,NULL,NULL,NULL,NA,NA,NA,118,NA,NA,NA,NA,Hyjal Summit,Trash,3,NA,NA,134.584,-16.15,0,0,9,0,0,0,0,0,37.75,225.0929,0,0,0,0,64.4,0,0,0,0,0
34012,Back,Armor,Cloth,Shroud of the Final Stand,141,70,Epic,https://tbc.wowhead.com/item=34012,NA,51.894,0,0,0,156.701,1.364,0,0,76.1,14.74,0,129.425,14.916,11.66,4.84,7.81,29.7,0,83.25,4.18,2.09,91.06,24,22,NULL,NULL,NULL,NULL,NULL,NULL,64,NULL,NULL,NULL,NULL,NULL,NULL,NULL,11,NULL,NULL,NA,NULL,NULL,NULL,NA,NA,NA,118,NA,NA,NA,NA,Black Temple,Trash,3,NA,NA,NULL,NULL,NULL,NULL,NULL,NULL,NULL,NULL,NULL,NULL,NULL,NULL,NULL,NULL,NULL,NULL,NULL,NULL,NULL,NULL,NULL,NULL
34190,Back,Armor,Cloth,Crimson Paragon's Cover,154,70,Epic,https://tbc.wowhead.com/item=34190,NA,239.013,33.88,33.32,74.2,12.2,0,0,0,0,0,84.28,444.4212,0,0,0,0,83.75,40.74,0,0,80.36,0,61,NULL,NULL,NULL,NULL,NULL,NULL,NULL,NULL,NULL,NULL,NULL,NULL,NULL,NULL,28,NULL,NULL,28,NA,NULL,NULL,NULL,NA,NA,NA,129,NA,NA,NA,NA,Sunwell Plateau,Twins,5,NA,NA,NULL,NULL,NULL,NULL,NULL,NULL,NULL,NULL,NULL,NULL,NULL,NULL,NULL,NULL,NULL,NULL,NULL,NULL,NULL,NULL,NULL,NULL
34205,Back,Armor,Cloth,Shroud of Redeemed Souls,154,70,Epic,https://tbc.wowhead.com/item=34205,NA,58.257,0,0,0,178.523,1.488,0,0,86.7,16.66,0,143.727,16.416,12.72,5.5,8.79,33.15,0,94.75,4.56,2.28,104.02,27,24,NULL,NULL,NULL,NULL,NULL,NULL,73,NULL,NULL,NULL,NULL,NULL,NULL,NULL,13,NULL,NULL,NA,NULL,NULL,NULL,NA,NA,NA,129,NA,NA,NA,NA,Sunwell Plateau,Twins,5,NA,NA,NULL,NULL,NULL,NULL,NULL,NULL,NULL,NULL,NULL,NULL,NULL,NULL,NULL,NULL,NULL,NULL,NULL,NULL,NULL,NULL,NULL,NULL
34241,Back,Armor,Cloth,Cloak of Unforgivable Sin,164,70,Epic,https://tbc.wowhead.com/item=34241,NA,120.569,75.606,74.78,216.46,21.52,9,191.35,289.18,18,9,217.48,388.3366,5.013,10.89,9,11.16,55.97,68.879,18,9.44,183.364,13.62,25,NULL,26,NULL,NULL,72,NULL,NULL,NULL,NULL,NULL,32,NULL,NULL,NULL,NULL,NULL,NULL,NULL,NA,NULL,NULL,NULL,Yellow,NA,NA,137,NA,NA,NA,NA,Sunwell Plateau,Kil'jaeden,5,NA,NA,NULL,NULL,NULL,NULL,NULL,NULL,NULL,NULL,NULL,NULL,NULL,NULL,NULL,NULL,NULL,NULL,NULL,NULL,NULL,NULL,NULL,NULL
34242,Back,Armor,Cloth,Tattered Cape of Antonidas,164,70,Epic,https://tbc.wowhead.com/item=34242,NA,78.521,8,7.9,19.36,131.72,84.612,15.05,33.85,25.8,86.48,25.12,171.947,76.867,111.65,88.74,94.72,69.45,13.0064,82.2,97.54,39.558,93.2,25,26,NULL,NULL,NULL,NULL,NULL,42,NULL,NULL,NULL,NULL,32,NULL,NULL,NULL,NULL,NULL,NULL,NA,NULL,NULL,NULL,Red,NA,NA,137,NA,NA,NA,NA,Sunwell Plateau,Kil'jaeden,5,NA,NA,NULL,NULL,NULL,NULL,NULL,NULL,NULL,NULL,NULL,NULL,NULL,NULL,NULL,NULL,NULL,NULL,NULL,NULL,NULL,NULL,NULL,NULL
34702,Back,Armor,Cloth,Cloak of Swift Mending,115,70,Rare,https://tbc.wowhead.com/item=34702,NA,2.442,0,0,0,119.375,18.744,0,0,48.1,21.86,0,37.0222,26.388,26.7,22.04,24.15,4.9,0,80.55,25.68,1.14,90.54,NULL,12,NULL,NULL,NULL,NULL,NULL,NULL,42,NULL,NULL,NULL,18,NULL,NULL,NULL,5,NULL,NULL,NA,NULL,NULL,NULL,NA,NA,NA,74,NA,NA,NA,NA,Magisters' Terrace,Selin Fireheart,5,NA,NA,NULL,NULL,NULL,NULL,NULL,NULL,NULL,NULL,NULL,NULL,NULL,NULL,NULL,NULL,NULL,NULL,NULL,NULL,NULL,NULL,NULL,NULL
34708,Back,Armor,Cloth,Cloak of the Coming Night,115,70,Rare,https://tbc.wowhead.com/item=34708,NA,63.752,35.151,34.85,105.38,3.6,0,85.25,92.45,0,0,95.9,193.508,0,0,0,0,27.18,43.6624,0,0,91.4,0,18,NULL,NULL,NULL,NULL,38,NULL,NULL,NULL,NULL,NULL,18,NULL,12,NULL,NULL,NULL,NULL,NULL,NA,NULL,NULL,NULL,NA,NA,NA,78,NA,NA,NA,NA,Magisters' Terrace,Vexallus,5,NA,NA,55.592,19.239,28.25,76.34,3.6,0,67.25,74.45,0,0,77.9,157.8056,0,0,0,0,25.98,25.5892,0,0,71.192,0
34792,Back,Armor,Cloth,Cloak of the Betrayed,115,70,Rare,https://tbc.wowhead.com/item=34792,NA,50.574,8,7.9,19.36,41.48,42.7436,14.05,16.92,21.6,52.16,25.12,101.1608,28.268,64.58,52.17,56.82,40.1,9.6216,24,41.22,38.961,19.38,12,12,NULL,NULL,NULL,NULL,NULL,23,NULL,NULL,NULL,NULL,NULL,NULL,13,NULL,NULL,NULL,NULL,NA,NULL,NULL,NULL,Yellow,NA,NA,78,NA,NA,NA,NA,Magisters' Terrace,Priestess Delrissa,5,NA,NA,50.574,8,7.9,19.36,41.48,32.744,14.05,16.92,21.6,36.56,25.12,101.1608,25.096,45.08,33.32,36.8,40.1,9.6216,24,34.72,26.572,19.38
34810,Back,Armor,Cloth,Cloak of Blade Turning,110,70,Epic,https://tbc.wowhead.com/item=34810,NA,74.771,0,0,0,6.2,0,0,0,0,0,0,284.536,0,0,0,0,47.25,0,0,0,0,0,31,NULL,NULL,NULL,NULL,NULL,NULL,NULL,NULL,NULL,NULL,NULL,NULL,NULL,NULL,NULL,NULL,NULL,NULL,NA,NULL,NULL,NULL,NA,NA,NA,387,NA,NA,NA,NA,Magisters' Terrace,Kael'thas Sunstrider,5,NA,NA,NULL,NULL,NULL,NULL,NULL,NULL,NULL,NULL,NULL,NULL,NULL,NULL,NULL,NULL,NULL,NULL,NULL,NULL,NULL,NULL,NULL,NULL
35321,Back,Armor,Cloth,Cloak of Arcane Alacrity,136,70,Epic,https://tbc.wowhead.com/item=35321,NA,71.762,0,0,0,64.92,43.93,0,0,4.5,45.5,0,156.7528,40.481,58.7,46.09,48.22,56.7,3.2184,33.1,50.65,13.953,38.56,34,15,NULL,NULL,NULL,NULL,NULL,27,NULL,NULL,NULL,NULL,16,NULL,NULL,NULL,NULL,NULL,NULL,NA,NULL,NULL,NULL,NA,NA,NA,114,NA,NA,NA,NA,Badge of Justice,G'eras,5,NA,NA,NULL,NULL,NULL,NULL,NULL,NULL,NULL,NULL,NULL,NULL,NULL,NULL,NULL,NULL,NULL,NULL,NULL,NULL,NULL,NULL,NULL,NULL
35324,Back,Armor,Cloth,Cloak of Swift Reprieve,136,70,Epic,https://tbc.wowhead.com/item=35324,NA,71.762,0,0,0,115.92,16.93,0,0,55.5,18.5,0,156.7528,25.442,26.03,19.09,21.22,37.8,0,84.1,23.65,1.425,89.56,34,15,NULL,NULL,NULL,NULL,NULL,NULL,51,NULL,NULL,NULL,16,NULL,NULL,NULL,NULL,NULL,NULL,NA,NULL,NULL,NULL,NA,NA,NA,114,NA,NA,NA,NA,Badge of Justice,G'eras,5,NA,NA,NULL,NULL,NULL,NULL,NULL,NULL,NULL,NULL,NULL,NULL,NULL,NULL,NULL,NULL,NULL,NULL,NULL,NULL,NULL,NULL,NULL,NULL
35494,Back,Armor,Cloth,Shroud of Winter's Chill,110,70,Epic,https://tbc.wowhead.com/item=35494,NA,35.069,0,0,0,115.008,1.054,0,0,55.1,11.1,0,93.4543,11.454,9.01,3.63,5.9,20.75,0,60.5,3.23,1.615,66.16,16,17,NULL,NULL,NULL,NULL,NULL,NULL,46,NULL,NULL,NULL,NULL,NULL,NULL,NULL,8,NULL,NULL,NA,NULL,NULL,NULL,NA,NA,NA,93,NA,NA,NA,NA,Slave Pens,Ahune,3,NA,NA,NULL,NULL,NULL,NULL,NULL,NULL,NULL,NULL,NULL,NULL,NULL,NULL,NULL,NULL,NULL,NULL,NULL,NULL,NULL,NULL,NULL,NULL
35495,Back,Armor,Cloth,The Frost Lord's War Cloak,110,70,Epic,https://tbc.wowhead.com/item=35495,NA,79.917,37.387,30.38,98.37,4.4,0,95.15,167.83,0,0,120.22,245.5409,0,0,0,0,34.23,28.0565,0,0,81.258,0,22,NULL,23,NULL,NULL,48,NULL,NULL,NULL,NULL,NULL,NULL,NULL,NULL,NULL,NULL,NULL,NULL,NULL,NA,NULL,NULL,NULL,NA,NA,NA,93,NA,NA,NA,NA,Slave Pens,Ahune,3,NA,NA,NULL,NULL,NULL,NULL,NULL,NULL,NULL,NULL,NULL,NULL,NULL,NULL,NULL,NULL,NULL,NULL,NULL,NULL,NULL,NULL,NULL,NULL
35496,Back,Armor,Cloth,Icebound Cloak,110,70,Epic,https://tbc.wowhead.com/item=35496,NA,79.361,0,0,0,6,0,0,0,0,0,0,239.7421,0,0,0,0,50.35,0,0,0,0,0,30,NULL,NULL,NULL,NULL,NULL,NULL,NULL,NULL,NULL,NULL,NULL,NULL,NULL,NULL,NULL,NULL,NULL,NULL,NA,25,NULL,NULL,NA,NA,NA,267,NA,NA,NA,NA,Slave Pens,Ahune,3,NA,NA,NULL,NULL,NULL,NULL,NULL,NULL,NULL,NULL,NULL,NULL,NULL,NULL,NULL,NULL,NULL,NULL,NULL,NULL,NULL,NULL,NULL,NULL
35497,Back,Armor,Cloth,Cloak of the Frigid Winds,110,70,Epic,https://tbc.wowhead.com/item=35497,NA,39.069,0,0,0,40.742,25.941,0,0,4.8,40.28,0,99.3201,29.775,54.702,31.78,40.14,37.15,2.5032,19.66,39.22,16.412,22.2,18,16,NULL,NULL,NULL,NULL,NULL,21,NULL,NULL,22,NULL,NULL,NULL,NULL,NULL,NULL,NULL,NULL,NA,NULL,NULL,NULL,NA,NA,NA,93,NA,NA,NA,NA,Slave Pens,Ahune,3,NA,NA,NULL,NULL,NULL,NULL,NULL,NULL,NULL,NULL,NULL,NULL,NULL,NULL,NULL,NULL,NULL,NULL,NULL,NULL,NULL,NULL,NULL,NULL
