Beast Master Phase 1,...2,...3,...4,...5,BEAST LORD SET BONUS IS NOT BEING CALCULATED.,...7,...8,...9,...10,...11,...12,...13,...14,...15,...16,...17,...18,...19,...20,...21,...22,...23,...24
NA,NA,Item,NA,NA,EPV,"If Hit 
Capped",Location,NA,Phase,NA,NA,Stats,NULL,NULL,NULL,NULL,NULL,NULL,NA,NA,NA,NA,NA
NA,NA,Head,NA,NA,NULL,NULL,NA,NA,NULL,NA,NA,ap,agi,hit,crit,haste,arp,exp,socket,NA,NA,NA,NA
NA,1,Cowl of Defiance,Cowl of Defiance,Epic,105.052,87.604,Karazhan,Netherspite,1,https://tbc.wowhead.com/item=28732,NA,100,34,24,NULL,NULL,NULL,NULL,NA,NA,NA,NA,NA
NA,2,Mask of the Deceiver,Mask of the Deceiver,Epic,102.96,91.328,Badge of Justice,G'eras,1,https://tbc.wowhead.com/item=32087,NA,64,32,16,NULL,NULL,NULL,NULL,Yellow,Meta,NA,NA,NA
NA,3,Malefic Mask of the Shadows,Malefic Mask of the Shadows,Epic,99.565,77.028,Gruul's Lair,High King Maulgar,1,https://tbc.wowhead.com/item=28796,NA,84,NULL,31,42,NULL,NULL,NULL,NA,NA,NA,NA,NA
NA,4,Demon Stalker Greathelm,Demon Stalker Greathelm,Epic,95.53,NULL,Karazhan,Prince Malchezaar,1,https://tbc.wowhead.com/item=29081,NA,66,35,NULL,NULL,NULL,NULL,NULL,Yellow,Meta,NA,NA,NA
NA,5,Helm of the Claw,Helm of the Claw,Rare,95.148,84.97,Zangarmarsh,The Warlord's Hideout,1,https://tbc.wowhead.com/item=28182,NA,66,25,14,NULL,NULL,NULL,NULL,Yellow,Meta,NA,NA,NA
NA,6,Gladiator's Chain Helm,Gladiator's Chain Helm,Epic,94.964,NULL,Season 1,PvP,1,https://tbc.wowhead.com/item=28331,NA,36,34,NULL,20,NULL,NULL,NULL,Meta,Red,NA,NA,NA
NA,7,Stealther's Helmet of Second Sight,Stealther's Helmet of Second Sight,Rare,91.159,81.708,Shadowmoon Valley,"Teron Gorefiend, I am...",1,https://tbc.wowhead.com/item=31109,NA,60,24,13,NULL,NULL,NULL,NULL,Red,Blue,Yellow,NA,NA
NA,8,Cobrascale Hood,Cobrascale Hood,Epic,90.416,77.33,Leatherworking,Crafted,1,https://tbc.wowhead.com/item=29502,NA,74,37,18,NULL,NULL,NULL,NULL,NA,NA,NA,NA,NA
NA,9,Stalker's Helmet of Second Sight,Stalker's Helmet of Second Sight,Rare,89.1,NULL,Shadowmoon Valley,"Teron Gorefiend, I am...",1,https://tbc.wowhead.com/item=31106,NA,60,31,NULL,NULL,NULL,NULL,NULL,Blue,Blue,Blue,NA,NA
NA,10,Wastewalker Helm,Wastewalker Helm,Rare,84.086,71,Old Hillsbrad Foothills,Epoch Hunter,1,https://tbc.wowhead.com/item=28224,NA,56,NULL,18,22,NULL,NULL,NULL,Blue,Meta,NA,NA,NA
NA,11,The Night Watchman,The Night Watchman,Epic,82.676,NULL,NA,World Drop,1,https://tbc.wowhead.com/item=31333,NA,68,45,NULL,NULL,NULL,NULL,NULL,NA,NA,NA,NA,NA
NA,12,Mask of Veiled Death,Mask of Veiled Death,Rare,79.173,65.36,NA,World Drop,1,https://tbc.wowhead.com/item=31281,NA,80,NULL,19,30,NULL,NULL,NULL,NA,NA,NA,NA,NA
NA,13,Helm of Assassination,Helm of Assassination,Rare,78.57,NULL,Arcatraz,Harbinger Skyriss,1,https://tbc.wowhead.com/item=28414,NA,66,NULL,NULL,25,NULL,NULL,NULL,Yellow,Meta,NA,NA,NA
NA,14,Maulgar's Warhelm,Maulgar's Warhelm,Epic,78.062,NULL,Gruul's Lair,High King Maulgar,1,https://tbc.wowhead.com/item=28801,NA,86,NULL,NULL,42,NULL,NULL,NULL,NA,NA,NA,NA,NA
NA,15,Savage Mask of the Lynx Lord,Savage Mask of the Lynx Lord,Rare,77.851,66.946,Underbog,The Black Stalker,1,https://tbc.wowhead.com/item=27938,NA,58,35,15,NULL,NULL,NULL,NULL,NA,NA,NA,NA,NA
NA,NA,Neck,NA,NA,NULL,NULL,NA,NA,NULL,NA,NA,ap,agi,hit,crit,haste,arp,exp,socket,NA,NA,NA,NA
NA,1,Braided Eternium Chain (GROUP BUFF),Braided Eternium Chain (GROUP BUFF),Rare,58.347,43.08,Jewelcrafting,Crafted,1,https://tbc.wowhead.com/item=24114,NA,40,NULL,21,28,NULL,NULL,NULL,NA,NA,NA,NA,NA
NA,2,Choker of Vile Intent,Choker of Vile Intent,Epic,55.92,42.834,Badge of Justice,G'eras,1,https://tbc.wowhead.com/item=29381,NA,42,20,18,NULL,NULL,NULL,NULL,NA,NA,NA,NA,NA
NA,3,Worgen Claw Necklace,Worgen Claw Necklace,Epic,55.193,42.834,Karazhan,Attumen the Huntsman,1,https://tbc.wowhead.com/item=28509,NA,42,20,17,NULL,NULL,NULL,NULL,NA,NA,NA,NA,NA
NA,4,Bone Chain Necklace,Bone Chain Necklace,Rare,48.127,38.676,Underbog,The Black Stalker,1,https://tbc.wowhead.com/item=27779,NA,36,19,13,NULL,NULL,NULL,NULL,NA,NA,NA,NA,NA
NA,5,Saberclaw Talisman,Saberclaw Talisman,Epic,45.958,NULL,Karazhan,Shade of Aran,1,https://tbc.wowhead.com/item=28674,NA,46,21,NULL,NULL,NULL,NULL,NULL,NA,NA,NA,NA,NA
NA,6,Natasha's Choker,Natasha's Choker,Rare,45.12,37.85,Blade's Edge Mountains,The Hound-Master,1,https://tbc.wowhead.com/item=31695,NA,50,NULL,10,15,NULL,NULL,NULL,NA,NA,NA,NA,NA
NA,7,Prestor's Talisman of Connivery,Prestor's Talisman of Connivery,Epic,45.044,37.774,Classic,NA,0,https://tbc.wowhead.com/item=19377,NA,22,25,10,NULL,NULL,NULL,NULL,NA,NA,NA,NA,NA
NA,8,Earthen Mark of Razing,Earthen Mark of Razing,Rare,44.079,34.628,Nagrand,Gurok the Usurper,1,https://tbc.wowhead.com/item=25562,NA,20,23,13,NULL,NULL,NULL,NULL,NA,NA,NA,NA,NA
NA,9,Jagged Bark Pendant,Jagged Bark Pendant,Rare,42.966,NULL,Botanica,Warp Splinter,1,https://tbc.wowhead.com/item=28343,NA,30,26,NULL,NULL,NULL,NULL,NULL,NA,NA,NA,NA,NA
NA,10,Traitor's Noose,Traitor's Noose,Rare,42.77,34.046,Slave Pens,Mennu the Betrayer,1,https://tbc.wowhead.com/item=27546,NA,38,NULL,12,18,NULL,NULL,NULL,NA,NA,NA,NA,NA
NA,11,Pendant of Cunning,Pendant of Cunning,Rare,41.8,NULL,NA,World Drop,1,https://tbc.wowhead.com/item=31147,NA,40,20,NULL,NULL,NULL,NULL,NULL,NA,NA,NA,NA,NA
NA,12,Adamantine Chain of the Unbroken,Adamantine Chain of the Unbroken,Epic,41.578,NULL,Slave Pens,Quagmirran,1,https://tbc.wowhead.com/item=29349,NA,34,NULL,NULL,30,NULL,NULL,NULL,NA,NA,NA,NA,NA
NA,13,Blood Guard's Necklace of Ferocity,Blood Guard's Necklace of Ferocity,Rare,41.518,NULL,Shattered Halls,Blood Guard Porung,1,https://tbc.wowhead.com/item=30710,NA,54,NULL,NULL,17,NULL,NULL,NULL,NA,NA,NA,NA,NA
NA,14,Necklace of the Deep,Necklace of the Deep,Rare,39.072,NULL,Jewelcrafting,Crafted,1,https://tbc.wowhead.com/item=32508,NA,NULL,21,NULL,NULL,NULL,NULL,NULL,Red,Red,NA,NA,NA
NA,15,Insignia of the Mag'hari Hero,Insignia of the Mag'hari Hero,Rare,37.688,27.51,Durotar,Hero of the Mag'har,0,https://tbc.wowhead.com/item=28168,NA,30,NULL,14,15,NULL,NULL,NULL,NA,NA,NA,NA,NA
NA,NA,Shoulders,NA,NA,NULL,NULL,NA,NA,NULL,NA,NA,ap,agi,hit,crit,haste,arp,exp,socket,NA,NA,NA,NA
NA,1,Bladed Shoulderpads of the Merciless,Bladed Shoulderpads of the Merciless,Epic,73.133,63.682,Karazhan,Chess Event,1,https://tbc.wowhead.com/item=28755,NA,58,NULL,13,21,NULL,NULL,NULL,Yellow,Yellow,NA,NA,NA
NA,2,Wastewalker Shoulderpads,Wastewalker Shoulderpads,Rare,72.506,60.874,Auchenai Crypts,Avatar of the Martyred,1,https://tbc.wowhead.com/item=27797,NA,34,25,16,NULL,NULL,NULL,NULL,Red,Blue,NA,NA,NA
NA,3,Expedition Scout's Epaulets,Expedition Scout's Epaulets,Rare,69.698,52.25,NA,Fel Embers,1,https://tbc.wowhead.com/item=25790,NA,50,25,24,NULL,NULL,NULL,NULL,NA,NA,NA,NA,NA
NA,4,Talbuk Hide Spaulders,Talbuk Hide Spaulders,Rare,68.215,57.31,Provisioner Nasela,NA,1,https://tbc.wowhead.com/item=29147,NA,70,20,15,NULL,NULL,NULL,NULL,NA,NA,NA,NA,NA
NA,5,Blackened Leather Spaulders,Blackened Leather Spaulders,Rare,68.215,57.31,Trader Narasu,NA,1,https://tbc.wowhead.com/item=29148,NA,70,20,15,NULL,NULL,NULL,NULL,NA,NA,NA,NA,NA
NA,6,Shalassi Sentry's Epaulets,Shalassi Sentry's Epaulets,Rare,65.355,54.45,NA,Rescue Deirom!,1,https://tbc.wowhead.com/item=25968,NA,42,15,15,NULL,NULL,NULL,NULL,Red,Yellow,NA,NA,NA
NA,7,Shoulderpads of Assassination,Shoulderpads of Assassination,Rare,65.01,NULL,Sethekk Halls,Talon King Ikiss,1,https://tbc.wowhead.com/item=27776,NA,42,25,NULL,NULL,NULL,NULL,NULL,Yellow,Yellow,NA,NA,NA
NA,8,Gladiator's Chain Spaulders,Gladiator's Chain Spaulders,Epic,63.514,NULL,Season 1,PvP,1,https://tbc.wowhead.com/item=28333,NA,18,27,NULL,11,NULL,NULL,NULL,Red,Yellow,NA,NA,NA
NA,9,Mantle of Perenolde,Mantle of Perenolde,Rare,62.357,45.636,Old Hillsbrad Foothills,Epoch Hunter,1,https://tbc.wowhead.com/item=27434,NA,20,NULL,23,23,NULL,NULL,NULL,Red,Red,NA,NA,NA
NA,10,Sun-Gilded Shouldercaps,Sun-Gilded Shouldercaps,Rare,62.121,51.216,Black Morass,Chrono Lord Deja,1,https://tbc.wowhead.com/item=27995,NA,48,25,15,NULL,NULL,NULL,NULL,NA,NA,NA,NA,NA
NA,11,Beast Lord Mantle,Beast Lord Mantle,Rare,60.874,NULL,Steamvault,Warlord Kalithresh,1,https://tbc.wowhead.com/item=27801,NA,34,25,NULL,NULL,NULL,NULL,NULL,Yellow,Red,NA,NA,NA
NA,12,Mantle of Shadowy Embrace,Mantle of Shadowy Embrace,Epic,58.762,NULL,Blood Furnace,Keli'dan the Breaker,1,https://tbc.wowhead.com/item=32080,NA,34,39,NULL,NULL,NULL,NULL,NULL,NA,NA,NA,NA,NA
NA,13,Grand Marshal's Chain Spaulders,Grand Marshal's Chain Spaulders,Rare,56.654,NULL,NA,PvP,1,https://tbc.wowhead.com/item=28617,NA,22,14,NULL,17,NULL,NULL,NULL,Red,Yellow,NA,NA,NA
NA,14,High Warlord's Chain Spaulders,High Warlord's Chain Spaulders,Rare,56.654,NULL,NA,PvP,1,https://tbc.wowhead.com/item=28809,NA,22,14,NULL,17,NULL,NULL,NULL,Red,Yellow,NA,NA,NA
NA,15,Stalker's Chain Spaulders,Stalker's Chain Spaulders,Rare,56.654,NULL,NA,Almaador,1,https://tbc.wowhead.com/item=35380,NA,22,14,NULL,17,NULL,NULL,NULL,Red,Yellow,NA,NA,NA
NA,NA,Back,NA,NA,NULL,NULL,NA,NA,NULL,NA,NA,ap,agi,hit,crit,haste,arp,exp,socket,NA,NA,NA,NA
NA,1,Drape of the Dark Reavers,Drape of the Dark Reavers,Epic,55.281,42.922,Karazhan,Shade of Aran,1,https://tbc.wowhead.com/item=28672,NA,34,24,17,NULL,NULL,NULL,NULL,NA,NA,NA,NA,NA
NA,2,Black-Iron Battlecloak,Black-Iron Battlecloak,Epic,55.02,NULL,Shadowmoon Valley,Doomwalker,1,https://tbc.wowhead.com/item=30729,NA,60,NULL,NULL,30,NULL,NULL,NULL,NA,NA,NA,NA,NA
NA,3,Vengeance Wrap,Vengeance Wrap,Epic,53.732,NULL,Tailoring,Crafted,1,https://tbc.wowhead.com/item=24259,NA,52,NULL,NULL,23,NULL,NULL,NULL,Red,NA,NA,NA,NA
NA,4,Blood Knight War Cloak,Blood Knight War Cloak,Epic,49.104,NULL,Badge of Justice,G'eras,1,https://tbc.wowhead.com/item=29382,NA,48,23,NULL,NULL,NULL,NULL,NULL,NA,NA,NA,NA,NA
NA,5,Cloak of the Pit Stalker,Cloak of the Pit Stalker,Epic,48.152,NULL,Magtheridon's Lair,Magtheridon,1,https://tbc.wowhead.com/item=28777,NA,56,NULL,NULL,24,NULL,NULL,NULL,NA,NA,NA,NA,NA
NA,6,Auchenai Death Shroud,Auchenai Death Shroud,Rare,46.811,34.452,Auchenai Crypts,Avatar of the Martyred,1,https://tbc.wowhead.com/item=27878,NA,36,15,17,NULL,NULL,NULL,NULL,NA,NA,NA,NA,NA
NA,7,Cloak of the Craft,Cloak of the Craft,Rare,46.191,36.74,NA,World Drop,1,https://tbc.wowhead.com/item=31255,NA,20,25,13,NULL,NULL,NULL,NULL,NA,NA,NA,NA,NA
NA,8,Terokk's Might,Terokk's Might,Epic,45.848,NULL,Terokkar Forest,Terokk,1,https://tbc.wowhead.com/item=32540,NA,56,16,NULL,NULL,NULL,NULL,NULL,NA,NA,NA,NA,NA
NA,9,Cloak of Malice,Cloak of Malice,Rare,41.822,NULL,Shattered Halls,Grand Warlock Nethekurse,1,https://tbc.wowhead.com/item=27519,NA,38,21,NULL,NULL,NULL,NULL,NULL,NA,NA,NA,NA,NA
NA,10,Cloak of the Inciter,Cloak of the Inciter,Rare,41.542,29.91,Shadow Labyrinth,Blackheart the Inciter,1,https://tbc.wowhead.com/item=27892,NA,30,NULL,16,18,NULL,NULL,NULL,NA,NA,NA,NA,NA
NA,11,Dawnstrike's Cloak,Dawnstrike's Cloak,Uncommon,40.929,34.386,NA,Down With Daellis,0,https://tbc.wowhead.com/item=29792,NA,42,12,9,NULL,NULL,NULL,NULL,NA,NA,NA,NA,NA
NA,12,Cloak of Impulsiveness,Cloak of Impulsiveness,Rare,39.688,NULL,Old Hillsbrad Foothills,Lieutenant Drake,1,https://tbc.wowhead.com/item=27423,NA,40,18,NULL,NULL,NULL,NULL,NULL,NA,NA,NA,NA,NA
NA,13,Delicate Green Poncho,Delicate Green Poncho,Rare,39.438,29.26,Nagrand,Bring Me The Egg!,1,https://tbc.wowhead.com/item=28032,NA,28,14,14,NULL,NULL,NULL,NULL,NA,NA,NA,NA,NA
NA,14,Farstrider Wildercloak,Farstrider Wildercloak,Epic,36.19,NULL,Karazhan,Prince Malchezaar,1,https://tbc.wowhead.com/item=28764,NA,70,NULL,NULL,NULL,NULL,NULL,NULL,NA,NA,NA,NA,NA
NA,15,Sergeant's Heavy Cloak,Sergeant's Heavy Cloak,Epic,34.846,NULL,NA,PvP,1,https://tbc.wowhead.com/item=28377,NA,38,NULL,NULL,19,NULL,NULL,NULL,NA,NA,NA,NA,NA
NA,NA,Chest,NA,NA,NULL,NULL,NA,NA,NULL,NA,NA,ap,agi,hit,crit,haste,arp,exp,socket,NA,NA,NA,NA
NA,1,Terrorweave Tunic,Terrorweave Tunic,Epic,110.243,94.976,Shadowmoon Valley,Doomwalker,1,https://tbc.wowhead.com/item=30730,NA,96,NULL,21,25,NULL,NULL,NULL,Red,Yellow,Yellow,NA,NA
NA,2,Primalstrike Vest,Primalstrike Vest,Epic,104.688,95.964,Leatherworking,Crafted,1,https://tbc.wowhead.com/item=29525,NA,108,38,12,NULL,NULL,NULL,NULL,NA,NA,NA,NA,NA
NA,3,Chestguard of the Conniver,Chestguard of the Conniver,Epic,101.596,85.602,Karazhan,Nightbane,1,https://tbc.wowhead.com/item=28601,NA,90,37,22,NULL,NULL,NULL,NULL,NA,NA,NA,NA,NA
NA,4,Ebon Netherscale Breastplate,Ebon Netherscale Breastplate,Epic,91.504,NULL,Leatherworking,Crafted,1,https://tbc.wowhead.com/item=29515,NA,80,NULL,NULL,31,NULL,NULL,NULL,Blue,Yellow,Blue,NA,NA
NA,5,Demon Stalker Harness,Demon Stalker Harness,Epic,88.99,NULL,Magtheridon's Lair,Magtheridon,1,https://tbc.wowhead.com/item=29082,NA,70,26,NULL,NULL,NULL,NULL,NULL,Red,Blue,Blue,NA,NA
NA,6,Twisting Nether Chain Shirt,Twisting Nether Chain Shirt,Epic,86.9,NULL,Blacksmithing,Crafted,1,https://tbc.wowhead.com/item=23564,NA,68,NULL,NULL,33,NULL,NULL,NULL,Red,Yellow,Blue,NA,NA
NA,7,Wastewalker Tunic,Wastewalker Tunic,Rare,83.864,NULL,Blood Furnace,Keli'dan the Breaker,1,https://tbc.wowhead.com/item=28264,NA,56,28,NULL,NULL,NULL,NULL,NULL,Yellow,Yellow,Yellow,NA,NA
NA,8,Vest of Vengeance,Vest of Vengeance,Rare,83.567,75.57,Blood Furnace,Keli'dan the Breaker,1,https://tbc.wowhead.com/item=24396,NA,42,27,11,NULL,NULL,NULL,NULL,Red,Yellow,Blue,NA,NA
NA,9,Tunic of Assassination,Tunic of Assassination,Rare,82.83,NULL,Mechanar,Pathaleon the Calculator,1,https://tbc.wowhead.com/item=28204,NA,54,28,NULL,NULL,NULL,NULL,NULL,Red,Red,Blue,NA,NA
NA,10,Gladiator's Chain Armor,Gladiator's Chain Armor,Epic,81.698,NULL,Season 1,PvP,1,https://tbc.wowhead.com/item=28334,NA,26,27,NULL,18,NULL,NULL,NULL,Red,Red,Yellow,NA,NA
NA,11,Hauberk of Karabor,Hauberk of Karabor,Rare,81.654,72.93,Shadowmoon Valley,Varedis Must Be Stopped,1,https://tbc.wowhead.com/item=30933,NA,90,25,12,NULL,NULL,NULL,NULL,NA,NA,NA,NA,NA
NA,12,Chestguard of the Prowler,Chestguard of the Prowler,Rare,81.285,68.926,Hellfire Ramparts,Vazruden and Nazan,1,https://tbc.wowhead.com/item=27461,NA,70,31,17,NULL,NULL,NULL,NULL,NA,NA,NA,NA,NA
NA,13,Cryptstalker Tunic,Cryptstalker Tunic,Epic,81.17,73.9,Classic,NA,0,https://tbc.wowhead.com/item=22436,NA,60,30,10,14,NULL,NULL,NULL,NA,NA,NA,NA,NA
NA,14,Breastplate of Rapid Striking,Breastplate of Rapid Striking,Rare,80.562,66.022,NA,World Drop,1,https://tbc.wowhead.com/item=31286,NA,46,40,20,NULL,NULL,NULL,NULL,NA,NA,NA,NA,NA
NA,15,Felstalker Breastplate,Felstalker Breastplate,Rare,79.684,NULL,Leatherworking,Crafted,1,https://tbc.wowhead.com/item=25696,NA,52,26,NULL,NULL,NULL,NULL,NULL,Red,Red,Blue,NA,NA
NA,NA,Wrist,NA,NA,NULL,NULL,NA,NA,NULL,NA,NA,ap,agi,hit,crit,haste,arp,exp,socket,NA,NA,NA,NA
NA,1,Nightfall Wristguards,Nightfall Wristguards,Epic,49.126,NULL,Old Hillsbrad Foothills,Epoch Hunter,1,https://tbc.wowhead.com/item=29246,NA,46,24,NULL,NULL,NULL,NULL,NULL,NA,NA,NA,NA,NA
NA,2,Primalstrike Bracers,Primalstrike Bracers,Epic,48.928,NULL,Leatherworking,Crafted,1,https://tbc.wowhead.com/item=29527,NA,64,15,NULL,NULL,NULL,NULL,NULL,NA,NA,NA,NA,NA
NA,3,Felstalker Bracers,Felstalker Bracers,Rare,47.102,NULL,Leatherworking,Crafted,1,https://tbc.wowhead.com/item=25697,NA,38,18,NULL,NULL,NULL,NULL,NULL,Blue,NA,NA,NA,NA
NA,4,Ravager's Wrist-Wraps of the Bandit,Ravager's Wrist-Wraps of the Bandit,Epic,45.463,NULL,Karazhan,Rokad the Ravager,1,https://tbc.wowhead.com/item=30685/ravagers-wrist-wraps,NA,43,22,NULL,NULL,NULL,NULL,NULL,NA,NA,NA,NA,NA
NA,5,Veteran's Chain Bracers,Veteran's Chain Bracers,Epic,45.274,NULL,Mail Armor,NA,1,https://tbc.wowhead.com/item=32809,NA,18,20,NULL,8,NULL,NULL,NULL,Yellow,NA,NA,NA,NA
NA,6,Stalker's War Bands,Stalker's War Bands,Epic,44.924,NULL,Karazhan,Attumen the Huntsman,1,https://tbc.wowhead.com/item=28454,NA,44,21,NULL,NULL,NULL,NULL,NULL,NA,NA,NA,NA,NA
NA,7,Cryptstalker Wristguards,Cryptstalker Wristguards,Epic,43.856,36.586,Classic,NA,0,https://tbc.wowhead.com/item=22443,NA,34,18,10,NULL,NULL,NULL,NULL,NA,NA,NA,NA,NA
NA,8,Bracers of Maliciousness,Bracers of Maliciousness,Epic,43.45,NULL,Karazhan,Maiden of Virtue,1,https://tbc.wowhead.com/item=28514,NA,50,NULL,NULL,22,NULL,NULL,NULL,NA,NA,NA,NA,NA
NA,9,General's Leather Bracers,General's Leather Bracers,Epic,42.384,NULL,Season 1,PvP,1,https://tbc.wowhead.com/item=28424,NA,16,19,NULL,7,NULL,NULL,NULL,Yellow,NA,NA,NA,NA
NA,10,Marshal's Leather Bracers,Marshal's Leather Bracers,Epic,42.384,NULL,NA,PvP,1,https://tbc.wowhead.com/item=28988,NA,16,19,NULL,7,NULL,NULL,NULL,Yellow,NA,NA,NA,NA
NA,11,Shackles of Quagmirran,Shackles of Quagmirran,Rare,41.8,NULL,Slave Pens,Quagmirran,1,https://tbc.wowhead.com/item=27712,NA,40,20,NULL,NULL,NULL,NULL,NULL,NA,NA,NA,NA,NA
NA,12,Ebon Netherscale Bracers,Ebon Netherscale Bracers,Epic,41.694,NULL,Leatherworking,Crafted,1,https://tbc.wowhead.com/item=29517,NA,38,NULL,NULL,17,NULL,NULL,NULL,Yellow,NA,NA,NA,NA
NA,13,General's Chain Bracers,General's Chain Bracers,Epic,41.328,NULL,NA,NA,1,https://tbc.wowhead.com/item=28451,NA,16,18,NULL,7,NULL,NULL,NULL,Yellow,NA,NA,NA,NA
NA,14,Marshal's Chain Bracers,Marshal's Chain Bracers,Epic,41.328,NULL,NA,PvP,1,https://tbc.wowhead.com/item=28973,NA,16,18,NULL,7,NULL,NULL,NULL,Yellow,NA,NA,NA,NA
NA,15,Nightstalker's Wristguards,Nightstalker's Wristguards,Uncommon,40.929,34.386,NA,Down With Daellis,0,https://tbc.wowhead.com/item=30399,NA,42,12,9,NULL,NULL,NULL,NULL,NA,NA,NA,NA,NA
NA,NA,Hands,NA,NA,NULL,NULL,NA,NA,NULL,NA,NA,ap,agi,hit,crit,haste,arp,exp,socket,NA,NA,NA,NA
NA,1,Gloves of Dexterous Manipulation,Gloves of Dexterous Manipulation,Epic,75.57,NULL,Karazhan,Attumen the Huntsman,1,https://tbc.wowhead.com/item=28506,NA,42,35,NULL,NULL,NULL,NULL,NULL,Red,Blue,NA,NA,NA
NA,2,Liar's Tongue Gloves,Liar's Tongue Gloves,Epic,74.92,NULL,Magtheridon's Lair,Magtheridon,1,https://tbc.wowhead.com/item=28776,NA,72,NULL,NULL,26,NULL,NULL,NULL,Blue,Blue,NA,NA,NA
NA,3,Fel Leather Gloves,Fel Leather Gloves,Rare,67.067,54.708,Leatherworking,Crafted,1,https://tbc.wowhead.com/item=25685,NA,36,NULL,17,24,NULL,NULL,NULL,Yellow,Red,NA,NA,NA
NA,4,Gauntlets of the Dragonslayer,Gauntlets of the Dragonslayer,Epic,67.056,NULL,Gruul's Lair,Gruul the Dragonkiller,1,https://tbc.wowhead.com/item=28827,NA,48,24,NULL,NULL,NULL,NULL,NULL,Red,Red,NA,NA,NA
NA,5,Gloves of the Unbound,Gloves of the Unbound,Rare,65.054,NULL,Arcatraz,Wrath-Scryer Soccothrates,1,https://tbc.wowhead.com/item=28396,NA,38,27,NULL,NULL,NULL,NULL,NULL,Red,Blue,NA,NA,NA
NA,6,Handgrips of Assassination,Handgrips of Assassination,Rare,64.609,52.25,Black Morass,Aeonus,1,https://tbc.wowhead.com/item=27509,NA,50,25,17,NULL,NULL,NULL,NULL,NA,NA,NA,NA,NA
NA,7,Grips of Deftness,Grips of Deftness,Epic,61.644,NULL,Karazhan,Trash,1,https://tbc.wowhead.com/item=30644,NA,60,29,NULL,NULL,NULL,NULL,15,NA,NA,NA,NA,NA
NA,8,Beast Lord Handguards,Beast Lord Handguards,Rare,60.874,NULL,Shattered Halls,Warchief Kargath Bladefist,1,https://tbc.wowhead.com/item=27474,NA,34,25,NULL,NULL,NULL,NULL,NULL,Red,Blue,NA,NA,NA
NA,9,Rapscallion's Touch,Rapscallion's Touch,Rare,60.441,49.536,NA,Rescue Deirom!,1,https://tbc.wowhead.com/item=25969,NA,NULL,15,15,21,NULL,NULL,NULL,Red,Yellow,NA,NA,NA
NA,10,Cobrascale Gloves,Cobrascale Gloves,Epic,60.39,45.85,Leatherworking,Crafted,1,https://tbc.wowhead.com/item=29503,NA,50,NULL,20,25,NULL,NULL,NULL,NA,NA,NA,NA,NA
NA,11,Demon Stalker Gauntlets,Demon Stalker Gauntlets,Epic,59.554,NULL,Karazhan,The Curator,1,https://tbc.wowhead.com/item=29085,NA,58,28,NULL,NULL,NULL,NULL,NULL,NA,NA,NA,NA,NA
NA,12,Felfury Gauntlets,Felfury Gauntlets,Epic,59.176,NULL,Blacksmithing,Crafted,1,https://tbc.wowhead.com/item=23531,NA,40,NULL,NULL,27,NULL,NULL,NULL,Red,Blue,NA,NA,NA
NA,13,Wastewalker Gloves,Wastewalker Gloves,Rare,58.96,NULL,Shattered Halls,Warchief Kargath Bladefist,1,https://tbc.wowhead.com/item=27531,NA,16,32,NULL,NULL,NULL,NULL,NULL,Red,Yellow,NA,NA,NA
NA,14,Handguards of the Steady,Handguards of the Steady,Epic,58.542,NULL,Mechanar,Pathaleon the Calculator,1,https://tbc.wowhead.com/item=32076,NA,54,29,NULL,NULL,NULL,NULL,NULL,NA,NA,NA,NA,NA
NA,15,Crystalhide Handwraps,Crystalhide Handwraps,Epic,57.464,NULL,Leatherworking,Crafted,1,https://tbc.wowhead.com/item=32656,NA,56,11,NULL,NULL,NULL,NULL,NULL,Red,Red,NA,NA,NA
NA,NA,Waist,NA,NA,NULL,NULL,NA,NA,NULL,NA,NA,ap,agi,hit,crit,haste,arp,exp,socket,NA,NA,NA,NA
NA,1,Gronn-Stitched Girdle,Gronn-Stitched Girdle,Epic,74.12,NULL,Gruul's Lair,Gruul the Dragonkiller,1,https://tbc.wowhead.com/item=28828,NA,72,NULL,NULL,25,NULL,NULL,NULL,Blue,Yellow,NA,NA,NA
NA,2,Girdle of the Deathdealer,Girdle of the Deathdealer,Epic,73.06,58.52,Black Morass,Aeonus,1,https://tbc.wowhead.com/item=29247,NA,56,28,20,NULL,NULL,NULL,NULL,NA,NA,NA,NA,NA
NA,3,Rune-Engraved Belt,Rune-Engraved Belt,Rare,69.698,52.25,NA,Fel Embers,1,https://tbc.wowhead.com/item=25789,NA,50,25,24,NULL,NULL,NULL,NULL,NA,NA,NA,NA,NA
NA,4,Girdle of Treachery,Girdle of Treachery,Epic,65.89,NULL,Karazhan,Chess Event,1,https://tbc.wowhead.com/item=28750,NA,58,18,NULL,NULL,NULL,NULL,NULL,Red,Red,NA,NA,NA
NA,5,Dunewind Sash,Dunewind Sash,Rare,64.922,NULL,Underbog,Ghaz'an,1,https://tbc.wowhead.com/item=27760,NA,50,21,NULL,NULL,NULL,NULL,NULL,Red,Blue,NA,NA,NA
NA,6,Primalstrike Belt,Primalstrike Belt,Epic,64.548,NULL,Leatherworking,Crafted,1,https://tbc.wowhead.com/item=29526,NA,84,20,NULL,NULL,NULL,NULL,NULL,NA,NA,NA,NA,NA
NA,7,Socrethar's Girdle,Socrethar's Girdle,Rare,63.644,49.104,NA,Turning Point,1,https://tbc.wowhead.com/item=30372,NA,48,23,20,NULL,NULL,NULL,NULL,NA,NA,NA,NA,NA
NA,8,Girdle of the Prowler,Girdle of the Prowler,Epic,63.575,51.216,Karazhan,Terestian Illhoof,1,https://tbc.wowhead.com/item=28656,NA,48,25,17,NULL,NULL,NULL,NULL,NA,NA,NA,NA,NA
NA,9,Girdle of Ferocity,Girdle of Ferocity,Epic,62.494,52.316,Shadow Labyrinth,Murmur,1,https://tbc.wowhead.com/item=29261,NA,44,28,14,NULL,NULL,NULL,NULL,NA,NA,NA,NA,NA
NA,10,Felstalker Belt,Felstalker Belt,Rare,61.754,NULL,Leatherworking,Crafted,1,https://tbc.wowhead.com/item=25695,NA,50,18,NULL,NULL,NULL,NULL,NULL,Red,Blue,NA,NA,NA
NA,11,Lurker's Grasp of the Bandit,Lurker's Grasp of the Bandit,Epic,60.61,NULL,Karazhan,Hyakiss the Lurker,1,https://tbc.wowhead.com/item=30676/lurkers-grasp,NA,58,29,NULL,NULL,NULL,NULL,NULL,NA,NA,NA,NA,NA
NA,12,Naaru Belt of Precision,Naaru Belt of Precision,Rare,60.053,49.148,NA,How to Break Into the Arcatraz,1,https://tbc.wowhead.com/item=31464,NA,44,25,15,NULL,NULL,NULL,NULL,NA,NA,NA,NA,NA
NA,13,Epoch's Whispering Cinch,Epoch's Whispering Cinch,Rare,59.439,47.08,Old Hillsbrad Foothills,Epoch Hunter,1,https://tbc.wowhead.com/item=27911,NA,40,25,17,NULL,NULL,NULL,NULL,NA,NA,NA,NA,NA
NA,14,Ebon Netherscale Belt,Ebon Netherscale Belt,Epic,59.312,NULL,Leatherworking,Crafted,1,https://tbc.wowhead.com/item=29516,NA,48,NULL,NULL,22,NULL,NULL,NULL,Blue,Yellow,NA,NA,NA
NA,15,Blessed Scale Girdle,Blessed Scale Girdle,Rare,57.31,NULL,The Sha'tar,Revered,1,https://tbc.wowhead.com/item=29180,NA,70,20,NULL,NULL,NULL,NULL,NULL,NA,NA,NA,NA,NA
NA,NA,Ring,NA,NA,NULL,NULL,NA,NA,NULL,NA,NA,ap,agi,hit,crit,haste,arp,exp,socket,NA,NA,NA,NA
NA,1,Ring of Reciprocity,Ring of Reciprocity,Epic,58.159,47.254,Hellfire Peninsula,Doom Lord Kazzak,1,https://tbc.wowhead.com/item=30738,NA,62,NULL,15,19,NULL,NULL,NULL,NA,NA,NA,NA,NA
NA,2,Ring of a Thousand Marks,Ring of a Thousand Marks,Epic,54.961,41.148,Karazhan,Prince Malchezaar,1,https://tbc.wowhead.com/item=28757,NA,44,NULL,19,23,NULL,NULL,NULL,NA,NA,NA,NA,NA
NA,3,Garona's Signet Ring,Garona's Signet Ring,Epic,54.886,41.8,Karazhan,The Curator,1,https://tbc.wowhead.com/item=28649,NA,40,20,18,NULL,NULL,NULL,NULL,NA,NA,NA,NA,NA
NA,4,Ring of the Recalcitrant,Ring of the Recalcitrant,Epic,53.262,NULL,Magtheridon's Lair,The Fall of Magtheridon,1,https://tbc.wowhead.com/item=28791,NA,54,24,NULL,NULL,NULL,NULL,NULL,NA,NA,NA,NA,NA
NA,5,Shaffar's Band of Brutality,Shaffar's Band of Brutality,Epic,50.493,36.68,Mana-Tombs,Yor,1,https://tbc.wowhead.com/item=31920,NA,40,NULL,19,20,NULL,NULL,NULL,NA,NA,NA,NA,NA
NA,6,Kaylaan's Signet,Kaylaan's Signet,Rare,48.96,41.69,Terokkar Forest,Deathblow to the Legion,1,https://tbc.wowhead.com/item=30860,NA,50,15,10,NULL,NULL,NULL,NULL,NA,NA,NA,NA,NA
NA,7,Slayer's Mark of the Redemption,Slayer's Mark of the Redemption,Rare,48.96,41.69,Shadowmoon Valley,Dissension Amongst the Ranks...,1,https://tbc.wowhead.com/item=31077,NA,50,15,10,NULL,NULL,NULL,NULL,NA,NA,NA,NA,NA
NA,8,Violet Signet of the Master Assassin,Violet Signet of the Master Assassin,Epic,47.127,28.952,Deadwind Pass,Eminence Among the Violet Eye,1,https://tbc.wowhead.com/item=29283,NA,56,NULL,25,NULL,NULL,NULL,NULL,NA,NA,NA,NA,NA
NA,9,Band of Reanimation,Band of Reanimation,Epic,47.014,NULL,Naxxramas,Patchwerk,1,https://tbc.wowhead.com/item=22961,NA,46,22,NULL,NULL,NULL,NULL,NULL,NA,NA,NA,NA,NA
NA,10,Band of Anguish,Band of Anguish,Rare,46.848,39.578,Shadowmoon Valley,News of Victory,1,https://tbc.wowhead.com/item=30973,NA,50,13,10,NULL,NULL,NULL,NULL,NA,NA,NA,NA,NA
NA,11,Ravenclaw Band,Ravenclaw Band,Rare,46.081,36.63,Sethekk Halls,Talon King Ikiss,1,https://tbc.wowhead.com/item=27925,NA,30,20,13,NULL,NULL,NULL,NULL,NA,NA,NA,NA,NA
NA,12,Violet Signet,Violet Signet,Epic,44.332,26.884,Deadwind Pass,Distinguished Service,1,https://tbc.wowhead.com/item=29282,NA,52,NULL,24,NULL,NULL,NULL,NULL,NA,NA,NA,NA,NA
NA,13,Pathfinder's Band,Pathfinder's Band,Rare,43.978,NULL,NA,World Drop,1,https://tbc.wowhead.com/item=31277,NA,34,25,NULL,NULL,NULL,NULL,NULL,NA,NA,NA,NA,NA
NA,14,Averinn's Ring of Slaying,Averinn's Ring of Slaying,Rare,42.878,NULL,Hellfire Ramparts,NA,1,https://tbc.wowhead.com/item=27453,NA,38,22,NULL,NULL,NULL,NULL,NULL,NA,NA,NA,NA,NA
NA,15,Truestrike Ring,Truestrike Ring,Epic,42.856,NULL,NA,World Drop,1,https://tbc.wowhead.com/item=31326,NA,40,21,NULL,NULL,NULL,NULL,NULL,NA,NA,NA,NA,NA
NA,NA,Legs,NA,NA,NULL,NULL,NA,NA,NULL,NA,NA,ap,agi,hit,crit,haste,arp,exp,socket,NA,NA,NA,NA
NA,1,Scaled Greaves of the Marksman,Scaled Greaves of the Marksman,Epic,115.34,103.708,Hellfire Peninsula,Doom Lord Kazzak,1,https://tbc.wowhead.com/item=30739,NA,76,37,16,NULL,NULL,NULL,NULL,Red,Red,Red,NA,NA
NA,2,Skulker's Greaves,Skulker's Greaves,Epic,112.58,92.224,Karazhan,Netherspite,1,https://tbc.wowhead.com/item=28741,NA,64,32,28,NULL,NULL,NULL,NULL,Red,Red,Blue,NA,NA
NA,3,Demon Stalker Greaves,Demon Stalker Greaves,Epic,95.539,84.634,Gruul's Lair,Gruul the Dragonkiller,1,https://tbc.wowhead.com/item=29083,NA,82,40,15,NULL,NULL,NULL,NULL,NA,NA,NA,NA,NA
NA,4,Midnight Legguards,Midnight Legguards,Epic,92.391,80.032,Slave Pens,Quagmirran,1,https://tbc.wowhead.com/item=30538,NA,64,NULL,17,27,NULL,NULL,NULL,Red,Red,Blue,NA,NA
NA,5,Fel Leather Leggings,Fel Leather Leggings,Rare,90.403,72.228,Leatherworking,Crafted,1,https://tbc.wowhead.com/item=25687,NA,52,NULL,25,25,NULL,NULL,NULL,Red,Yellow,Yellow,NA,NA
NA,6,Wastewalker Leggings,Wastewalker Leggings,Rare,86.369,72.556,Mana-Tombs,Nexus-Prince Shaffar,1,https://tbc.wowhead.com/item=27837,NA,28,31,19,NULL,NULL,NULL,NULL,Red,Red,Blue,NA,NA
NA,7,Emerald-Scale Greaves,Emerald-Scale Greaves,Rare,83.864,NULL,Old Hillsbrad Foothills,Captain Skarloc,1,https://tbc.wowhead.com/item=28219,NA,56,28,NULL,NULL,NULL,NULL,NULL,Blue,Blue,Yellow,NA,NA
NA,8,Leggings of the Unrepentant,Leggings of the Unrepentant,Rare,82.764,NULL,Blood Furnace,Keli'dan the Breaker,1,https://tbc.wowhead.com/item=27514,NA,60,25,NULL,NULL,NULL,NULL,NULL,Red,Yellow,Blue,NA,NA
NA,9,Leggings of Assassination,Leggings of Assassination,Rare,80.982,64.988,Shadow Labyrinth,Murmur,1,https://tbc.wowhead.com/item=27908,NA,44,40,22,NULL,NULL,NULL,NULL,NA,NA,NA,NA,NA
NA,10,Barbaric Legstraps,Barbaric Legstraps,Rare,80.696,NULL,Underbog,The Black Stalker,1,https://tbc.wowhead.com/item=27773,NA,56,25,NULL,NULL,NULL,NULL,NULL,Red,Red,Blue,NA,NA
NA,11,Wyrmscale Greaves,Wyrmscale Greaves,Epic,79.232,NULL,Old Hillsbrad Foothills,Epoch Hunter,1,https://tbc.wowhead.com/item=30534,NA,64,NULL,NULL,26,NULL,NULL,NULL,Blue,Blue,Yellow,NA,NA
NA,12,Scaled Greaves of Patience,Scaled Greaves of Patience,Rare,78.694,NULL,Old Hillsbrad Foothills,Captain Skarloc,1,https://tbc.wowhead.com/item=27430,NA,46,28,NULL,NULL,NULL,NULL,NULL,Yellow,Red,Blue,NA,NA
NA,13,Rip-Flayer Leggings,Rip-Flayer Leggings,Epic,76.696,NULL,Karazhan,Netherspite,1,https://tbc.wowhead.com/item=28740,NA,56,NULL,NULL,28,NULL,NULL,NULL,Red,Yellow,Blue,NA,NA
NA,14,Mennu's Scaled Leggings,Mennu's Scaled Leggings,Rare,74.726,NULL,Slave Pens,Mennu the Betrayer,1,https://tbc.wowhead.com/item=27545,NA,46,NULL,NULL,32,NULL,NULL,NULL,Red,Red,Blue,NA,NA
NA,15,Oilcloth Breeches,Oilcloth Breeches,Rare,73.195,55.02,NA,Showdown,1,https://tbc.wowhead.com/item=31545,NA,60,NULL,25,30,NULL,NULL,NULL,NA,NA,NA,NA,NA
NA,NA,Feet,NA,NA,NULL,NULL,NA,NA,NULL,NA,NA,ap,agi,hit,crit,haste,arp,exp,socket,NA,NA,NA,NA
NA,1,Edgewalker Longboots,Edgewalker Longboots,Epic,79.719,70.268,Karazhan,Moroes,1,https://tbc.wowhead.com/item=28545,NA,44,29,13,NULL,NULL,NULL,NULL,Red,Yellow,NA,NA,NA
NA,2,Fiend Slayer Boots,Fiend Slayer Boots,Epic,74.289,61.93,Karazhan,Chess Event,1,https://tbc.wowhead.com/item=28746,NA,34,26,17,NULL,NULL,NULL,NULL,Red,Blue,NA,NA,NA
NA,3,Fel Leather Boots,Fel Leather Boots,Rare,67.283,49.108,Leatherworking,Crafted,1,https://tbc.wowhead.com/item=25686,NA,36,NULL,25,17,NULL,NULL,NULL,Yellow,Red,NA,NA,NA
NA,4,The Master's Treads,The Master's Treads,Rare,61.792,50.16,NA,NA,1,https://tbc.wowhead.com/item=31288,NA,48,24,16,NULL,NULL,NULL,NULL,NA,NA,NA,NA,NA
NA,5,Rapscallion Boots,Rapscallion Boots,Epic,61.594,NULL,Karazhan,Shade of Aran,1,https://tbc.wowhead.com/item=28669,NA,82,NULL,NULL,24,NULL,NULL,NULL,NA,NA,NA,NA,NA
NA,6,Felboar Hide Shoes,Felboar Hide Shoes,Rare,60.707,54.164,NA,The Cipher of Damnation - The Third Fragment Recovered,1,https://tbc.wowhead.com/item=30939,NA,68,18,9,NULL,NULL,NULL,NULL,NA,NA,NA,NA,NA
NA,7,Shadowstep Striders,Shadowstep Striders,Epic,60.654,NULL,Arcatraz,Harbinger Skyriss,1,https://tbc.wowhead.com/item=29248,NA,54,31,NULL,NULL,NULL,NULL,NULL,NA,NA,NA,NA,NA
NA,8,Glider's Boots of the Bandit,Glider's Boots of the Bandit,Epic,60.61,NULL,Karazhan,Shadikith the Glider,1,https://tbc.wowhead.com/item=30681/gliders-boots,NA,58,29,NULL,NULL,NULL,NULL,NULL,NA,NA,NA,NA,NA
NA,9,Ferocious Swift-Kickers,Ferocious Swift-Kickers,Epic,59.682,NULL,Karazhan,Nightbane,1,https://tbc.wowhead.com/item=28610,NA,58,NULL,NULL,16,NULL,NULL,NULL,Yellow,Blue,NA,NA,NA
NA,10,Farahlite Studded Boots,Farahlite Studded Boots,Uncommon,58.648,NULL,NA,A Fate Worse Than Death,0,https://tbc.wowhead.com/item=30401,NA,56,16,NULL,16,NULL,NULL,NULL,NA,NA,NA,NA,NA
NA,11,Boots of the Unjust,Boots of the Unjust,Rare,57.739,48.288,Auchenai Crypts,Exarch Maladaar,1,https://tbc.wowhead.com/item=27867,NA,64,NULL,13,19,NULL,NULL,NULL,NA,NA,NA,NA,NA
NA,12,General's Leather Boots,General's Leather Boots,Epic,56.022,NULL,Season 1,PvP,1,https://tbc.wowhead.com/item=28422,NA,30,27,NULL,15,NULL,NULL,NULL,NA,NA,NA,NA,NA
NA,13,Marshal's Leather Boots,Marshal's Leather Boots,Epic,56.022,NULL,NA,PvP,1,https://tbc.wowhead.com/item=28987,NA,30,27,NULL,15,NULL,NULL,NULL,NA,NA,NA,NA,NA
NA,14,General's Chain Sabatons,General's Chain Sabatons,Epic,55.222,NULL,NA,NA,1,https://tbc.wowhead.com/item=28449,NA,30,27,NULL,14,NULL,NULL,NULL,NA,NA,NA,NA,NA
NA,15,Marshal's Chain Sabatons,Marshal's Chain Sabatons,Epic,55.222,NULL,NA,PvP,1,https://tbc.wowhead.com/item=28975,NA,30,27,NULL,14,NULL,NULL,NULL,NA,NA,NA,NA,NA
NA,NA,Trinket,NA,NA,NULL,NULL,NA,NA,NULL,NA,NA,ap,agi,hit,crit,haste,arp,exp,socket,NA,NA,NA,NA
NA,1,Dragonspine Trophy,Dragonspine Trophy,Epic,117.79,NULL,Gruul's Lair,Gruul the Dragonkiller,1,https://tbc.wowhead.com/item=28830,NA,40,NULL,NULL,NULL,130,NULL,NULL,NA,NA,NA,NA,NA
NA,2,Mark of the Champion (undead/demon),Mark of the Champion (undead/demon),Epic,77.55,NULL,NA,The Fall of Kel'Thuzad,1,https://tbc.wowhead.com/item=23206,NA,150,NULL,NULL,NULL,NULL,NULL,NULL,NA,NA,NA,NA,NA
NA,3,Bloodlust Brooch,Bloodlust Brooch,Epic,61.006,NULL,Badge of Justice,G'eras,1,https://tbc.wowhead.com/item=29383,NA,118,NULL,NULL,NULL,NULL,NULL,NULL,NA,NA,NA,NA,NA
NA,4,Slayer's Crest,Slayer's Crest,Epic,55.319,NULL,Naxxramas,Sapphiron,0,https://tbc.wowhead.com/item=23041,NA,107,NULL,NULL,NULL,NULL,NULL,NULL,NA,NA,NA,NA,NA
NA,5,Hourglass of the Unraveller,Hourglass of the Unraveller,Rare,51.45,NULL,Black Morass,Temporus,1,https://tbc.wowhead.com/item=28034,NA,50,NULL,NULL,32,NULL,NULL,NULL,NA,NA,NA,NA,NA
NA,6,Abacus of Violent Odds,Abacus of Violent Odds,Rare,49.26055,NULL,Mechanar,Pathaleon the Calculator,1,https://tbc.wowhead.com/item=28288,NA,64,NULL,NULL,NULL,21.65,NULL,NULL,NA,NA,NA,NA,NA
NA,7,Core of Ar'kelos,Core of Ar'kelos,Uncommon,43.945,NULL,Archmage Vargoth,Ar'kelos the Guardian,1,https://tbc.wowhead.com/item=29776,NA,85,NULL,NULL,NULL,NULL,NULL,NULL,NA,NA,NA,NA,NA
NA,8,Drake Fang Talisman,Drake Fang Talisman,Epic,43.492,28.952,Blackwing Lair,Ebonroc,0,https://tbc.wowhead.com/item=19406,NA,56,NULL,20,NULL,NULL,NULL,NULL,NA,NA,NA,NA,NA
NA,9,Icon of Unyielding Courage,Icon of Unyielding Courage,Rare,38.41,16.6,Blood Furnace,Keli'dan the Breaker,1,https://tbc.wowhead.com/item=28121,NA,NULL,NULL,30,NULL,NULL,100,NULL,NA,NA,NA,NA,NA
NA,10,Bladefist's Breadth,Bladefist's Breadth,Rare,37.861,NULL,Hellfire Peninsula,Overlord,1,https://tbc.wowhead.com/item=28041,NA,33,NULL,NULL,26,NULL,NULL,NULL,NA,NA,NA,NA,NA
NA,11,Kiss of the Spider,Kiss of the Spider,Epic,37.145,29.875,Classic,NA,0,https://tbc.wowhead.com/item=22954,NA,NULL,NULL,10,14,25,NULL,NULL,NA,NA,NA,NA,NA
NA,12,Figurine - Felsteel Boar,Figurine - Felsteel Boar,Rare,35.156,NULL,Jewelcrafting,Crafted,1,https://tbc.wowhead.com/item=24124,NA,68,NULL,NULL,NULL,NULL,NULL,NULL,NA,NA,NA,NA,NA
NA,13,Ancient Draenei War Talisman,Ancient Draenei War Talisman,Uncommon,34.03161,NULL,NA,The Vengeful Harbinger,0,https://tbc.wowhead.com/item=31617,NA,33.33,NULL,NULL,21,NULL,NULL,NULL,NA,NA,NA,NA,NA
NA,14,Badge of the Swarmguard,Badge of the Swarmguard,Epic,31.54,NULL,Ahn'Qiraj,Battleguard Sartura,0,https://tbc.wowhead.com/item=21670,NA,NULL,NULL,NULL,NULL,NULL,190,NULL,NA,NA,NA,NA,NA
NA,15,Jom Gabbar,Jom Gabbar,Epic,31.02,NULL,Classic,NA,0,https://tbc.wowhead.com/item=23570,NA,60,NULL,NULL,NULL,NULL,NULL,NULL,NA,NA,NA,NA,NA
NA,NA,One Hand,NA,NA,NULL,NULL,NA,NA,NULL,NA,NA,ap,agi,hit,crit,haste,arp,exp,socket,NA,NA,NA,NA
NA,1,Illidari-Bane Broadsword (Demon),Illidari-Bane Broadsword (Demon),Rare,48.081,NULL,NA,Quenching the Blade,1,https://tbc.wowhead.com/item=30788,NA,93,NULL,NULL,NULL,NULL,NULL,NULL,NA,NA,NA,NA,NA
NA,2,Illidari-Bane Dagger (Demon),Illidari-Bane Dagger (Demon),Rare,48.081,NULL,NA,Quenching the Blade,1,https://tbc.wowhead.com/item=31745,NA,93,NULL,NULL,NULL,NULL,NULL,NULL,NA,NA,NA,NA,NA
NA,3,Claw of the Netherwing Flight,Claw of the Netherwing Flight,Rare,42.255,31.35,NA,Ally of the Netherwing,1,https://tbc.wowhead.com/item=31492,NA,30,15,15,NULL,NULL,NULL,15,NA,NA,NA,NA,NA
NA,4,Blade of the Unrequited,Blade of the Unrequited,Epic,41.85,NULL,Karazhan,Julianne,1,https://tbc.wowhead.com/item=28572,NA,18,NULL,NULL,9,NULL,NULL,NULL,Red,Yellow,Blue,NA,NA
NA,5,Guile of Khoraazi,Guile of Khoraazi,Epic,39.71,NULL,NA,NA,1,https://tbc.wowhead.com/item=29121,NA,38,19,NULL,NULL,NULL,NULL,NULL,NA,NA,NA,NA,NA
NA,6,Black Planar Edge,Black Planar Edge,Epic,39.548,NULL,Blacksmithing,Crafted,1,https://tbc.wowhead.com/item=28432,NA,44,NULL,NULL,21,NULL,NULL,NULL,NA,NA,NA,NA,NA
NA,7,Claw of the Watcher,Claw of the Watcher,Rare,38.904,NULL,Auchenai Crypts,Shirrak the Dead Watcher,1,https://tbc.wowhead.com/item=27846,NA,24,NULL,NULL,12,NULL,NULL,NULL,Blue,Red,NA,NA,NA
NA,8,Emerald Ripper,Emerald Ripper,Epic,38.676,NULL,Karazhan,Moroes,1,https://tbc.wowhead.com/item=28524,NA,36,19,NULL,NULL,NULL,NULL,NULL,NA,NA,NA,NA,NA
NA,9,Direbrew's Shanker,Direbrew's Shanker,Epic,38.676,NULL,Blacksmithing,Crafted,1,https://tbc.wowhead.com/item=37597,NA,36,19,NULL,NULL,NULL,NULL,NULL,NA,NA,NA,NA,NA
NA,10,Spiteblade,Spiteblade,Epic,38.566,NULL,Karazhan,Netherspite,1,https://tbc.wowhead.com/item=28729,NA,46,14,NULL,NULL,NULL,NULL,NULL,NA,NA,NA,NA,NA
NA,11,The Planar Edge,The Planar Edge,Epic,37.714,NULL,Blacksmithing,Crafted,1,https://tbc.wowhead.com/item=28431,NA,42,NULL,NULL,20,NULL,NULL,NULL,NA,NA,NA,NA,NA
NA,12,Talon of Anzu,Talon of Anzu,Rare,37.62,NULL,Sethekk Halls,Anzu,1,https://tbc.wowhead.com/item=32781,NA,36,10,NULL,NULL,NULL,NULL,NULL,Red,NA,NA,NA,NA
NA,13,Borak's Reminder,Borak's Reminder,Rare,37.385,32.296,NA,The Cipher of Damnation,1,https://tbc.wowhead.com/item=31073,NA,40,11,7,NULL,NULL,NULL,NULL,NA,NA,NA,NA,NA
NA,14,Malchazeen,Malchazeen,Epic,36.755,25.85,Karazhan,Prince Malchezaar,1,https://tbc.wowhead.com/item=28768,NA,50,NULL,15,NULL,NULL,NULL,NULL,NA,NA,NA,NA,NA
NA,15,Dirge,Dirge,Epic,36.68,NULL,Blacksmithing,Crafted,1,https://tbc.wowhead.com/item=23555,NA,40,NULL,NULL,20,NULL,NULL,NULL,NA,NA,NA,NA,NA
NA,NA,Two Hand,NA,NA,NULL,NULL,NA,NA,NULL,NA,NA,ap,agi,hit,crit,haste,arp,exp,socket,NA,NA,NA,NA
NA,1,Illidari-Bane Claymore (Demon),Illidari-Bane Claymore (Demon),Rare,107.15,NULL,Shadowmoon Valley,Quenching the Blade,1,https://tbc.wowhead.com/item=30789,NA,150,NULL,NULL,37,NULL,NULL,NULL,NA,NA,NA,NA,NA
NA,2,Mooncleaver,Mooncleaver,Epic,96.402,NULL,Blacksmithing,Crafted,1,https://tbc.wowhead.com/item=28435,NA,106,NULL,NULL,52,NULL,NULL,NULL,NA,NA,NA,NA,NA
NA,3,Hellforged Halberd,Hellforged Halberd,Rare,88.833,75.02,Honor Hold,Revered,1,https://tbc.wowhead.com/item=29166,NA,92,26,19,NULL,NULL,NULL,NULL,NA,NA,NA,NA,NA
NA,4,Blackened Spear,Blackened Spear,Rare,88.833,75.02,Thrallmar,Revered,1,https://tbc.wowhead.com/item=29167,NA,92,26,19,NULL,NULL,NULL,NULL,NA,NA,NA,NA,NA
NA,5,Lunar Crescent,Lunar Crescent,Epic,87.232,NULL,Blacksmithing,Crafted,1,https://tbc.wowhead.com/item=28434,NA,96,NULL,NULL,47,NULL,NULL,NULL,NA,NA,NA,NA,NA
NA,6,Sonic Spear,Sonic Spear,Rare,86.462,69.014,Shadow Labyrinth,Murmur,1,https://tbc.wowhead.com/item=27903,NA,62,35,24,NULL,NULL,NULL,NULL,NA,NA,NA,NA,NA
NA,7,Legacy,Legacy,Epic,83.6,NULL,Karazhan,The Crone,1,https://tbc.wowhead.com/item=28587,NA,80,40,NULL,NULL,NULL,NULL,NULL,NA,NA,NA,NA,NA
NA,8,Felsteel Reaper,Felsteel Reaper,Epic,81.904,NULL,Blacksmithing,Crafted,1,https://tbc.wowhead.com/item=23543,NA,112,NULL,NULL,30,NULL,NULL,NULL,NA,NA,NA,NA,NA
NA,9,Quantum Blade,Quantum Blade,Epic,76.734,NULL,Black Morass,Aeonus,1,https://tbc.wowhead.com/item=29356,NA,102,NULL,NULL,30,NULL,NULL,NULL,NA,NA,NA,NA,NA
NA,10,Gladiator's Decapitator,Gladiator's Decapitator,Epic,75.628,61.088,Season 1,PvP,1,https://tbc.wowhead.com/item=28298,NA,64,NULL,20,35,NULL,NULL,NULL,NA,NA,NA,NA,NA
NA,11,Hellscream's Will,Hellscream's Will,Rare,73.962,43.428,The Mag'har,Exalted,1,https://tbc.wowhead.com/item=29137,NA,84,NULL,42,NULL,NULL,NULL,NULL,NA,NA,NA,NA,NA
NA,12,Skyforged Great Axe,Skyforged Great Axe,Rare,69.36,NULL,Blacksmithing,Crafted,1,https://tbc.wowhead.com/item=30088,NA,80,NULL,NULL,35,NULL,NULL,NULL,NA,NA,NA,NA,NA
NA,13,Axe of the Nexus-Kings,Axe of the Nexus-Kings,Rare,65.224,NULL,Mana-Tombs,Nexus-Prince Shaffar,1,https://tbc.wowhead.com/item=27829,NA,72,NULL,NULL,35,NULL,NULL,NULL,NA,NA,NA,NA,NA
NA,14,High Warlord's Decapitator,High Warlord's Decapitator,Rare,64.438,51.352,NA,PvP,1,https://tbc.wowhead.com/item=28918,NA,56,NULL,18,28,NULL,NULL,NULL,NA,NA,NA,NA,NA
NA,15,High Warlord's Painsaw,High Warlord's Painsaw,Rare,64.438,51.352,NA,PvP,0,https://tbc.wowhead.com/item=28923,NA,56,NULL,18,28,NULL,NULL,NULL,NA,NA,NA,NA,NA
NA,NA,Ranged,NA,NA,NULL,NULL,NA,NA,NULL,NA,NA,type,dps,speed,ap,agi,hit,crit,haste,arp,exp,socket,NA
NA,1,Sunfury Bow of the Phoenix,Sunfury Bow of the Phoenix,Epic,454.142,NULL,Karazhan,Prince Malchezaar,1,https://tbc.wowhead.com/item=28772,NA,Bow,83.3,2.9,34,19,NULL,NULL,NA,NA,NA,NA,NA
NA,2,Barrel-Blade Longrifle,Barrel-Blade Longrifle,Epic,439.792,NULL,Shadowmoon Valley,Doomwalker,1,https://tbc.wowhead.com/item=30724,NA,Gun,81.2,2.6,NULL,16,NULL,NULL,NA,NA,NA,Red,Red
NA,3,Gladiator's Heavy Crossbow (Ranged AP),Gladiator's Heavy Crossbow (Ranged AP),Epic,435.042,NULL,Season 1,PvP,1,https://tbc.wowhead.com/item=28294,NA,Crossbow,82.4,3.1,26,NULL,NULL,12,NA,NA,NA,NA,NA
NA,4,Wolfslayer Sniper Rifle,Wolfslayer Sniper Rifle,Epic,427.884,NULL,Karazhan,The Big Bad Wolf,1,https://tbc.wowhead.com/item=28581,NA,Gun,79.1,2.7,32,15,NULL,NULL,NA,NA,NA,NA,NA
NA,5,Steelhawk Crossbow,Steelhawk Crossbow,Epic,422.642,411.01,Karazhan,Attumen the Huntsman,1,https://tbc.wowhead.com/item=28504,NA,Crossbow,79.1,2.8,30,NULL,16,NULL,NA,NA,NA,NA,NA
NA,6,Wrathtide Longbow,Wrathtide Longbow,Epic,406.76,NULL,Steamvault,Warlord Kalithresh,1,https://tbc.wowhead.com/item=29351,NA,Bow,75.5,3,28,14,NULL,NULL,NA,NA,NA,NA,NA
NA,7,Marksman's Bow,Marksman's Bow,Epic,401.043,393.046,Thrallmar,Exalted,1,https://tbc.wowhead.com/item=29152,NA,Bow,73.8,2.8,22,12,11,NULL,NA,NA,NA,NA,NA
NA,8,Veteran's Musket,Veteran's Musket,Epic,400.543,392.546,Honor Hold,Exalted,1,https://tbc.wowhead.com/item=29151,NA,Gun,73.7,2.7,22,12,11,NULL,NA,NA,NA,NA,NA
NA,9,Gyro-Balanced Khorium Destroyer,Gyro-Balanced Khorium Destroyer,Epic,385.948,NULL,Engineering,Crafted,1,https://tbc.wowhead.com/item=32756,NA,Gun,75.5,2.8,NULL,NULL,NULL,NULL,NA,NA,NA,Yellow,NA
NA,10,Don Santos' Famous Hunting Rifle,Don Santos' Famous Hunting Rifle,Epic,368.5,NULL,NA,World Drop,1,https://tbc.wowhead.com/item=31323,NA,Gun,73.7,2.7,NULL,NULL,NULL,NULL,NA,NA,NA,NA,NA
NA,11,Nerubian Slavemaker,Nerubian Slavemaker,Epic,361.108,NULL,Naxxramas,Kel'Thuzad,1,https://tbc.wowhead.com/item=22812,NA,Crossbow,67.5,3.2,24,NULL,NULL,14,NA,NA,NA,NA,NA
NA,12,Telescopic Sharprifle,Telescopic Sharprifle,Rare,359.704,NULL,Mechanar,Pathaleon the Calculator,1,https://tbc.wowhead.com/item=28286,NA,Gun,66.3,3,28,13,NULL,NULL,NA,NA,NA,NA,NA
NA,13,Ornate Khorium Rifle,Ornate Khorium Rifle,Rare,356.735,347.284,Engineering,Crafted,1,https://tbc.wowhead.com/item=23748,NA,Gun,66.5,3.1,NULL,14,13,NULL,NA,NA,NA,NA,NA
NA,14,Adamantine Repeater,Adamantine Repeater,Rare,354.61,347.34,Blood Furnace,Keli'dan the Breaker,1,https://tbc.wowhead.com/item=27507,NA,Crossbow,66.3,3,NULL,15,10,NULL,NA,NA,NA,NA,NA
NA,15,Emberhawk Crossbow,Emberhawk Crossbow,Rare,353.138,NULL,Arcatraz,Wrath-Scryer Soccothrates,1,https://tbc.wowhead.com/item=28397,NA,Crossbow,66.3,3,14,NULL,NULL,18,NA,NA,NA,NA,NA
NA,16,Consortium Blaster,Consortium Blaster,Rare,351.576,NULL,The Consortium,Revered,1,https://tbc.wowhead.com/item=29115,NA,Gun,66.3,2.4,28,NULL,NULL,7,NA,NA,NA,NA,NA
NA,17,Valanos' Longbow,Valanos' Longbow,Rare,351.374,NULL,NA,NA,1,https://tbc.wowhead.com/item=31303,NA,Bow,66.4,2.8,22,NULL,NULL,10,NA,NA,NA,NA,NA
NA,18,High Warlord's Heavy Crossbow (Ranged AP),High Warlord's Heavy Crossbow (Ranged AP),Rare,350.574,NULL,NA,PvP,0,https://tbc.wowhead.com/item=28933,NA,Crossbow,66.4,3.2,22,NULL,NULL,9,NA,NA,NA,NA,NA
NA,19,Grand Marshal's Heavy Crossbow (Ranged AP),Grand Marshal's Heavy Crossbow (Ranged AP),Rare,350.574,NULL,NA,PvP,0,https://tbc.wowhead.com/item=28960,NA,Crossbow,66.4,3.2,22,NULL,NULL,9,NA,NA,NA,NA,NA
NA,20,Skyfire Hawk-Bow,Skyfire Hawk-Bow,Rare,346.62,336.442,Shattered Halls,Warbringer O'mrogg,1,https://tbc.wowhead.com/item=27526,NA,Bow,64.6,2.4,26,NULL,14,NULL,NA,NA,NA,NA,NA
NA,21,Wrathfire Hand-Cannon,Wrathfire Hand-Cannon,Rare,346.01,NULL,Shadow Labyrinth,Grandmaster Vorpil,1,https://tbc.wowhead.com/item=27898,NA,Gun,64.5,2,30,NULL,NULL,10,NA,NA,NA,NA,NA
NA,22,Starbolt Longbow,Starbolt Longbow,Rare,344,NULL,Mana-Tombs,Pandemonius,1,https://tbc.wowhead.com/item=27817,NA,Bow,66.4,2.8,NULL,NULL,NULL,15,NA,NA,NA,NA,NA
NA,23,"Lohn'goron, Bow of the Torn-heart","Lohn'goron, Bow of the Torn-heart",Rare,340.614,NULL,Shadowmoon Valley,The Cipher of Damnation,1,https://tbc.wowhead.com/item=31072,NA,Bow,62.9,2.6,26,12,NULL,NULL,NA,NA,NA,NA,NA
NA,24,Bloodwarder's Rifle,Bloodwarder's Rifle,Rare,338.458,NULL,Shadowmoon Valley,Akama's Promise,1,https://tbc.wowhead.com/item=31000,NA,Gun,62.9,2.6,30,8,NULL,NULL,NA,NA,NA,NA,NA
NA,25,Melmorta's Twilight Longbow,Melmorta's Twilight Longbow,Rare,338.01,NULL,Black Morass,Chrono Lord Deja,1,https://tbc.wowhead.com/item=27987,NA,Bow,64.5,3,30,NULL,NULL,NULL,NA,NA,NA,NA,NA
NA,26,Recoilless Rocket Ripper X-54,Recoilless Rocket Ripper X-54,Rare,336.3,NULL,Steamvault,Mekgineer Steamrigger,1,https://tbc.wowhead.com/item=27794,NA,Gun,64.7,2.9,NULL,NULL,NULL,16,NA,NA,NA,NA,NA
NA,27,The Boomstick,The Boomstick,Rare,331.5,NULL,Sethekk Halls,Anzu,1,https://tbc.wowhead.com/item=32780,NA,Gun,66.3,2,NULL,NULL,NULL,NULL,NA,NA,NA,NA,NA
NA,28,Soulstring,Soulstring,Epic,322.972,NULL,Naxxramas,Four Horsemen Chest,1,https://tbc.wowhead.com/item=22811,NA,Bow,60.7,2.9,16,NULL,NULL,14,NA,NA,NA,NA,NA
NA,29,Felsteel Boomstick,Felsteel Boomstick,Rare,320.9,NULL,Engineering,Crafted,1,https://tbc.wowhead.com/item=23747,NA,Gun,62.1,2.4,NULL,NULL,NULL,13,NA,NA,NA,NA,NA
NA,30,Hemet's Elekk Gun,Hemet's Elekk Gun,Rare,318.008,NULL,Nagrand,The Ultimate Bloodsport,1,https://tbc.wowhead.com/item=25639,NA,Gun,59.2,2.5,24,NULL,NULL,12,NA,NA,NA,NA,NA
