Feral Cat Phase 1,...2,...3,...4,...5,Value Credit: Discord: NerdEgghead#6940,...7,...8,...9,...10,...11,...12,...13,...14,...15,...16,...17,...18,...19,...20,...21,...22,...23,...24,...25
NA,NA,Item,NA,NA,EPV,"If Hit 
Capped",Location,NA,Phase,NA,NA,Stats,NULL,NULL,NULL,NULL,NULL,NULL,NULL,NA,NULL,NA,NA,NA
NA,NA,Head,NA,NA,NULL,NULL,NA,NA,NULL,NA,NA,ap,str,agi,hit,crit,haste,arp,exp,socket,NULL,NA,NA,NA
NA,1,Wolfshead Helm,Wolfshead Helm,Rare,0,NULL,Crafted,Leatherworking,0,https://tbc.wowhead.com/item=8345/wolfshead-helm,NA,NULL,NULL,NULL,NULL,NULL,NULL,NULL,NULL,NA,NULL,NA,NA,NA
NA,2,NA,NA,NA,NULL,NULL,NA,NA,NULL,NA,NA,NULL,NULL,NULL,NULL,NULL,NULL,NULL,NULL,NA,NULL,NA,NA,NA
NA,3,NA,NA,NA,NULL,NULL,NA,NA,NULL,NA,NA,NULL,NULL,NULL,NULL,NULL,NULL,NULL,NULL,NA,NULL,NA,NA,NA
NA,4,"Yes, its that good.",NA,NA,NULL,NULL,NA,NA,NULL,NA,NA,NULL,NULL,NULL,NULL,NULL,NULL,NULL,NULL,NA,NULL,NA,NA,NA
NA,5,NA,NA,NA,NULL,NULL,NA,NA,NULL,NA,NA,NULL,NULL,NULL,NULL,NULL,NULL,NULL,NULL,NA,NULL,NA,NA,NA
NA,6,NA,NA,NA,NULL,NULL,NA,NA,NULL,NA,NA,NULL,NULL,NULL,NULL,NULL,NULL,NULL,NULL,NA,NULL,NA,NA,NA
NA,7,NA,NA,NA,NULL,NULL,NA,NA,NULL,NA,NA,NULL,NULL,NULL,NULL,NULL,NULL,NULL,NULL,NA,NULL,NA,NA,NA
NA,8,NA,NA,NA,NULL,NULL,NA,NA,NULL,NA,NA,NULL,NULL,NULL,NULL,NULL,NULL,NULL,NULL,NA,NULL,NA,NA,NA
NA,9,NA,NA,NA,NULL,NULL,NA,NA,NULL,NA,NA,NULL,NULL,NULL,NULL,NULL,NULL,NULL,NULL,NA,NULL,NA,NA,NA
NA,10,NA,NA,NA,NULL,NULL,NA,NA,NULL,NA,NA,NULL,NULL,NULL,NULL,NULL,NULL,NULL,NULL,NA,NULL,NA,NA,NA
NA,11,NA,NA,NA,NULL,NULL,NA,NA,NULL,NA,NA,NULL,NULL,NULL,NULL,NULL,NULL,NULL,NULL,NA,NULL,NA,NA,NA
NA,12,NA,NA,NA,NULL,NULL,NA,NA,NULL,NA,NA,NULL,NULL,NULL,NULL,NULL,NULL,NULL,NULL,NA,NULL,NA,NA,NA
NA,13,NA,NA,NA,NULL,NULL,NA,NA,NULL,NA,NA,NULL,NULL,NULL,NULL,NULL,NULL,NULL,NULL,NA,NULL,NA,NA,NA
NA,14,NA,NA,NA,NULL,NULL,NA,NA,NULL,NA,NA,NULL,NULL,NULL,NULL,NULL,NULL,NULL,NULL,NA,NULL,NA,NA,NA
NA,15,NA,NA,NA,NULL,NULL,NA,NA,NULL,NA,NA,NULL,NULL,NULL,NULL,NULL,NULL,NULL,NULL,NA,NULL,NA,NA,NA
NA,NA,Neck,NA,NA,NULL,NULL,NA,NA,NULL,NA,NA,ap,str,agi,hit,crit,haste,arp,exp,socket,NULL,NA,NA,NA
NA,1,Braided Eternium Chain (GROUP BUFF),Braided Eternium Chain (GROUP BUFF),Rare,159.21,127.71,Jewelcrafting,Crafted,1,https://tbc.wowhead.com/item=24114,NA,40,NULL,NULL,21,28,NULL,NULL,NULL,NA,NULL,NA,NA,NA
NA,2,Choker of Vile Intent,Choker of Vile Intent,Epic,158.98,131.98,Badge of Justice,G'eras,1,https://tbc.wowhead.com/item=29381,NA,42,NULL,20,18,NULL,NULL,NULL,NULL,NA,NULL,NA,NA,NA
NA,3,Worgen Claw Necklace,Worgen Claw Necklace,Epic,155.97,130.47,Karazhan,Attumen the Huntsman,1,https://tbc.wowhead.com/item=28509,NA,42,NULL,20,17,NULL,NULL,NULL,NULL,NA,NULL,NA,NA,NA
NA,4,Necklace of Trophies,Necklace of Trophies,Rare,139.092,118.092,NA,World Drop,1,https://tbc.wowhead.com/item=31275,NA,NULL,22,15,14,NULL,NULL,NULL,NULL,NA,NULL,NA,NA,NA
NA,5,Haramad's Bargain,Haramad's Bargain,Epic,137.416,NULL,The Consortium,Exalted,1,https://tbc.wowhead.com/item=29119,NA,NULL,26,25,NULL,NULL,NULL,NULL,NULL,NA,NULL,NA,NA,NA
NA,6,Bone Chain Necklace,Bone Chain Necklace,Rare,134.79,115.29,Underbog,The Black Stalker,1,https://tbc.wowhead.com/item=27779,NA,36,NULL,19,13,NULL,NULL,NULL,NULL,NA,NULL,NA,NA,NA
NA,7,Mithril Chain of Heroism,Mithril Chain of Heroism,Epic,132.528,NULL,Karazhan,Chess Event,1,https://tbc.wowhead.com/item=28745,NA,NULL,28,22,NULL,NULL,NULL,NULL,NULL,NA,NULL,NA,NA,NA
NA,8,Earthen Mark of Razing,Earthen Mark of Razing,Rare,131.35,111.85,Nagrand,Gurok the Usurper,1,https://tbc.wowhead.com/item=25562,NA,20,NULL,23,13,NULL,NULL,NULL,NULL,NA,NULL,NA,NA,NA
NA,9,Prestor's Talisman of Connivery,Prestor's Talisman of Connivery,Epic,130.6,115.6,Classic,NA,0,https://tbc.wowhead.com/item=19377,NA,22,NULL,25,10,NULL,NULL,NULL,NULL,NA,NULL,NA,NA,NA
NA,10,Necklace of the Deep,Necklace of the Deep,Rare,116.18,NULL,Jewelcrafting,Crafted,1,https://tbc.wowhead.com/item=32508,NA,NULL,NULL,21,NULL,NULL,NULL,NULL,NULL,Red,Red,NA,NA,NA
NA,11,Saberclaw Talisman,Saberclaw Talisman,Epic,111.94,NULL,Karazhan,Shade of Aran,1,https://tbc.wowhead.com/item=28674,NA,46,NULL,21,NULL,NULL,NULL,NULL,NULL,NA,NULL,NA,NA,NA
NA,12,Jagged Bark Pendant,Jagged Bark Pendant,Rare,111.64,NULL,Botanica,Warp Splinter,1,https://tbc.wowhead.com/item=28343,NA,30,NULL,26,NULL,NULL,NULL,NULL,NULL,NA,NULL,NA,NA,NA
NA,13,Traitor's Noose,Traitor's Noose,Rare,110.12,92.12,Slave Pens,Mennu the Betrayer,1,https://tbc.wowhead.com/item=27546,NA,38,NULL,NULL,12,18,NULL,NULL,NULL,NA,NULL,NA,NA,NA
NA,14,Natasha's Choker,Natasha's Choker,Rare,110.1,95.1,Blade's Edge Mountains,The Hound-Master,1,https://tbc.wowhead.com/item=31695,NA,50,NULL,NULL,10,15,NULL,NULL,NULL,NA,NULL,NA,NA,NA
NA,15,Soldier's Dog Tags,Soldier's Dog Tags,Rare,107.246,NULL,Blood Furnace,Keli'dan the Breaker,1,https://tbc.wowhead.com/item=27495,NA,NULL,21,19,NULL,NULL,NULL,NULL,NULL,NA,NULL,NA,NA,NA
NA,NA,Shoulders,NA,NA,NULL,NULL,NA,NA,NULL,NA,NA,ap,str,agi,hit,crit,haste,arp,exp,socket,NULL,NA,NA,NA
NA,1,Wastewalker Shoulderpads,Wastewalker Shoulderpads,Rare,210.9,186.9,Auchenai Crypts,Avatar of the Martyred,1,https://tbc.wowhead.com/item=27797,NA,34,NULL,25,16,NULL,NULL,NULL,NULL,Red,Blue,NA,NA,NA
NA,2,Mantle of Malorne,Mantle of Malorne,Epic,209.798,NULL,Gruul's Lair,High King Maulgar,1,https://tbc.wowhead.com/item=29100,NA,NULL,33,27,NULL,NULL,NULL,NULL,NULL,Blue,Blue,NA,NA,NA
NA,3,Expedition Scout's Epaulets,Expedition Scout's Epaulets,Rare,200.74,164.74,NA,Fel Embers,1,https://tbc.wowhead.com/item=25790,NA,50,NULL,25,24,NULL,NULL,NULL,NULL,NA,NULL,NA,NA,NA
NA,4,Bladed Shoulderpads of the Merciless,Bladed Shoulderpads of the Merciless,Epic,189.37,169.87,Karazhan,Chess Event,1,https://tbc.wowhead.com/item=28755,NA,58,NULL,NULL,13,21,NULL,NULL,NULL,Yellow,Yellow,NA,NA,NA
NA,5,Mantle of Perenolde,Mantle of Perenolde,Rare,185.47,150.97,Old Hillsbrad Foothills,Epoch Hunter,1,https://tbc.wowhead.com/item=27434,NA,20,NULL,NULL,23,23,NULL,NULL,NULL,Red,Red,NA,NA,NA
NA,6,Talbuk Hide Spaulders,Talbuk Hide Spaulders,Rare,177.95,155.45,Provisioner Nasela,NA,1,https://tbc.wowhead.com/item=29147,NA,70,NULL,20,15,NULL,NULL,NULL,NULL,NA,NULL,NA,NA,NA
NA,7,Blackened Leather Spaulders,Blackened Leather Spaulders,Rare,177.95,155.45,Trader Narasu,NA,1,https://tbc.wowhead.com/item=29148,NA,70,NULL,20,15,NULL,NULL,NULL,NULL,NA,NULL,NA,NA,NA
NA,8,Sun-Gilded Shouldercaps,Sun-Gilded Shouldercaps,Rare,171.65,149.15,Black Morass,Chrono Lord Deja,1,https://tbc.wowhead.com/item=27995,NA,48,NULL,25,15,NULL,NULL,NULL,NULL,NA,NULL,NA,NA,NA
NA,9,Shoulderpads of Assassination,Shoulderpads of Assassination,Rare,170.74,NULL,Sethekk Halls,Talon King Ikiss,1,https://tbc.wowhead.com/item=27776,NA,42,NULL,25,NULL,NULL,NULL,NULL,NULL,Yellow,Yellow,NA,NA,NA
NA,10,Gladiator's Dragonhide Spaulders,Gladiator's Dragonhide Spaulders,Epic,167.068,NULL,Season 1,PvP,1,https://tbc.wowhead.com/item=28129,NA,NULL,28,17,NULL,NULL,NULL,NULL,NULL,Red,Yellow,NA,NA,NA
NA,11,Mantle of Shadowy Embrace,Mantle of Shadowy Embrace,Epic,156.46,NULL,Blood Furnace,Keli'dan the Breaker,1,https://tbc.wowhead.com/item=32080,NA,34,NULL,39,NULL,NULL,NULL,NULL,NULL,NA,NULL,NA,NA,NA
NA,12,Grand Marshal's Dragonhide Spaulders,Grand Marshal's Dragonhide Spaulders,Rare,142.142,NULL,NA,PvP,0,https://tbc.wowhead.com/item=28622,NA,NULL,17,17,NULL,NULL,NULL,NULL,NULL,Red,Yellow,NA,NA,NA
NA,13,High Warlord's Dragonhide Spaulders,High Warlord's Dragonhide Spaulders,Rare,142.142,NULL,NA,PvP,0,https://tbc.wowhead.com/item=28814,NA,NULL,17,17,NULL,NULL,NULL,NULL,NULL,Red,Yellow,NA,NA,NA
NA,14,Dragonhide Spaulders,Dragonhide Spaulders,Rare,142.142,NULL,NA,Almaador,1,https://tbc.wowhead.com/item=35359,NA,NULL,17,17,NULL,NULL,NULL,NULL,NULL,Red,Yellow,NA,NA,NA
NA,15,Mantle of the Dusk-Dweller,Mantle of the Dusk-Dweller,Rare,141.93,122.43,Blood Furnace,Keli'dan the Breaker,1,https://tbc.wowhead.com/item=24398,NA,40,NULL,20,13,NULL,NULL,NULL,NULL,NA,NULL,NA,NA,NA
NA,NA,Back,NA,NA,NULL,NULL,NA,NA,NULL,NA,NA,ap,str,agi,hit,crit,haste,arp,exp,socket,NULL,NA,NA,NA
NA,1,Drape of the Dark Reavers,Drape of the Dark Reavers,Epic,160.53,135.03,Karazhan,Shade of Aran,1,https://tbc.wowhead.com/item=28672,NA,34,NULL,24,17,NULL,NULL,NULL,NULL,NA,NULL,NA,NA,NA
NA,2,Cloak of the Craft,Cloak of the Craft,Rare,137.63,118.13,NA,World Drop,1,https://tbc.wowhead.com/item=31255,NA,20,NULL,25,13,NULL,NULL,NULL,NULL,NA,NULL,NA,NA,NA
NA,3,Auchenai Death Shroud,Auchenai Death Shroud,Rare,134.27,108.77,Auchenai Crypts,Avatar of the Martyred,1,https://tbc.wowhead.com/item=27878,NA,36,NULL,15,17,NULL,NULL,NULL,NULL,NA,NULL,NA,NA,NA
NA,4,Vengeance Wrap,Vengeance Wrap,Epic,123.12,NULL,Tailoring,Crafted,1,https://tbc.wowhead.com/item=24259,NA,52,NULL,NULL,NULL,23,NULL,NULL,NULL,Red,NULL,NA,NA,NA
NA,5,Blood Knight War Cloak,Blood Knight War Cloak,Epic,120.22,NULL,Badge of Justice,G'eras,1,https://tbc.wowhead.com/item=29382,NA,48,NULL,23,NULL,NULL,NULL,NULL,NULL,NA,NULL,NA,NA,NA
NA,6,Black-Iron Battlecloak,Black-Iron Battlecloak,Epic,120,NULL,Shadowmoon Valley,Doomwalker,1,https://tbc.wowhead.com/item=30729,NA,60,NULL,NULL,NULL,30,NULL,NULL,NULL,NA,NULL,NA,NA,NA
NA,7,Nomad's Woven Cloak,Nomad's Woven Cloak,Rare,114.814,95.314,Nagrand,Bring Me The Egg!,1,https://tbc.wowhead.com/item=28031,NA,NULL,14,14,13,NULL,NULL,NULL,NULL,NA,NULL,NA,NA,NA
NA,8,Cloak of the Inciter,Cloak of the Inciter,Rare,114.16,90.16,Shadow Labyrinth,Blackheart the Inciter,1,https://tbc.wowhead.com/item=27892,NA,30,NULL,NULL,16,18,NULL,NULL,NULL,NA,NULL,NA,NA,NA
NA,9,Delicate Green Poncho,Delicate Green Poncho,Rare,114.1,93.1,Nagrand,Bring Me The Egg!,1,https://tbc.wowhead.com/item=28032,NA,28,NULL,14,14,NULL,NULL,NULL,NULL,NA,NULL,NA,NA,NA
NA,10,Royal Cloak of Arathi Kings,Royal Cloak of Arathi Kings,Epic,107.076,83.076,Karazhan,Moroes,1,https://tbc.wowhead.com/item=28529,NA,NULL,26,NULL,16,NULL,NULL,NULL,NULL,NA,NULL,NA,NA,NA
NA,11,Dawnstrike's Cloak,Dawnstrike's Cloak,Uncommon,106.77,93.27,NA,Down With Daellis,0,https://tbc.wowhead.com/item=29792,NA,42,NULL,12,9,NULL,NULL,NULL,NULL,NA,NULL,NA,NA,NA
NA,12,Cloak of the Fallen God,Cloak of the Fallen God,Epic,106.566,NULL,Classic,Uylaru,0,https://tbc.wowhead.com/item=21710,NA,NULL,11,26,NULL,NULL,NULL,NULL,NULL,NA,NULL,NA,NA,NA
NA,13,Capacitus' Cloak of Calibration,Capacitus' Cloak of Calibration,Rare,106.372,NULL,The Mechanar,NA,1,https://tbc.wowhead.com/item=28249,NA,NULL,22,18,NULL,NULL,NULL,NULL,NULL,NA,NULL,NA,NA,NA
NA,14,Terokk's Might,Terokk's Might,Epic,106.24,NULL,Terokkar Forest,Terokk,1,https://tbc.wowhead.com/item=32540,NA,56,NULL,16,NULL,NULL,NULL,NULL,NULL,NA,NULL,NA,NA,NA
NA,15,Cloak of the Pit Stalker,Cloak of the Pit Stalker,Epic,104,NULL,Magtheridon's Lair,Magtheridon,1,https://tbc.wowhead.com/item=28777,NA,56,NULL,NULL,NULL,24,NULL,NULL,NULL,NA,NULL,NA,NA,NA
NA,NA,Chest,NA,NA,NULL,NULL,NA,NA,NULL,NA,NA,ap,str,agi,hit,crit,haste,arp,exp,socket,NULL,NA,NA,NA
NA,1,Terrorweave Tunic,Terrorweave Tunic,Epic,284.57,253.07,Shadowmoon Valley,Doomwalker,1,https://tbc.wowhead.com/item=30730,NA,96,NULL,NULL,21,25,NULL,NULL,NULL,Red,Yellow,Yellow,NA,NA
NA,2,Chestguard of the Conniver,Chestguard of the Conniver,Epic,272.4,239.4,Karazhan,Nightbane,1,https://tbc.wowhead.com/item=28601,NA,90,NULL,37,22,NULL,NULL,NULL,NULL,NA,NULL,NA,NA,NA
NA,3,Primalstrike Vest,Primalstrike Vest,Epic,263.44,245.44,Leatherworking,Crafted,1,https://tbc.wowhead.com/item=29525,NA,108,NULL,38,12,NULL,NULL,NULL,NULL,NA,NULL,NA,NA,NA
NA,4,Breastplate of Malorne,Breastplate of Malorne,Epic,256.898,NULL,Magtheridon's Lair,Magtheridon,1,https://tbc.wowhead.com/item=29096,NA,NULL,33,34,NULL,NULL,NULL,NULL,NULL,Yellow,Blue,Red,NA,NA
NA,5,Vest of Vengeance,Vest of Vengeance,Rare,235.25,218.75,Blood Furnace,Keli'dan the Breaker,1,https://tbc.wowhead.com/item=24396,NA,42,NULL,27,11,NULL,NULL,NULL,NULL,Red,Yellow,Blue,NA,NA
NA,6,Auchenai Monk's Tunic,Auchenai Monk's Tunic,Rare,225.91,197.41,Terokkar Forest,Everything Will Be Alright,1,https://tbc.wowhead.com/item=29340,NA,18,NULL,24,19,NULL,NULL,NULL,NULL,Red,Red,Yellow,NA,NA
NA,7,Wastewalker Tunic,Wastewalker Tunic,Rare,219.28,NULL,Blood Furnace,Keli'dan the Breaker,1,https://tbc.wowhead.com/item=28264,NA,56,NULL,28,NULL,NULL,NULL,NULL,NULL,Yellow,Yellow,Yellow,NA,NA
NA,8,Chestguard of the Prowler,Chestguard of the Prowler,Rare,218.51,193.01,Hellfire Ramparts,Vazruden and Nazan,1,https://tbc.wowhead.com/item=27461,NA,70,NULL,31,17,NULL,NULL,NULL,NULL,NA,NULL,NA,NA,NA
NA,9,Tunic of Assassination,Tunic of Assassination,Rare,217.28,NULL,Mechanar,Pathaleon the Calculator,1,https://tbc.wowhead.com/item=28204,NA,54,NULL,28,NULL,NULL,NULL,NULL,NULL,Red,Red,Blue,NA,NA
NA,10,Gladiator's Dragonhide Tunic,Gladiator's Dragonhide Tunic,Epic,210.672,NULL,Season 1,PvP,1,https://tbc.wowhead.com/item=28130,NA,NULL,32,20,NULL,NULL,NULL,NULL,NULL,Red,Red,Yellow,NA,NA
NA,11,Illidari Lord's Tunic,Illidari Lord's Tunic,Uncommon,210.42,NULL,NA,Subdue the Subduer,0,https://tbc.wowhead.com/item=32869,NA,44,NULL,29,NULL,NULL,NULL,NULL,NULL,Red,Blue,Blue,NA,NA
NA,12,Primalstorm Breastplate,Primalstorm Breastplate,Rare,205.37,179.87,Leatherworking,Crafted,1,https://tbc.wowhead.com/item=29973,NA,60,NULL,30,17,NULL,NULL,NULL,NULL,NA,NULL,NA,NA,NA
NA,13,Hauberk of Karabor,Hauberk of Karabor,Rare,204.62,186.62,Shadowmoon Valley,Varedis Must Be Stopped,1,https://tbc.wowhead.com/item=30933,NA,90,NULL,25,12,NULL,NULL,NULL,NULL,NA,NULL,NA,NA,NA
NA,14,Warden's Hauberk,Warden's Hauberk,Rare,197.82,NULL,Fedryen Swiftspear,NA,1,https://tbc.wowhead.com/item=25838,NA,NULL,NULL,39,NULL,NULL,NULL,NULL,NULL,Red,Red,Red,NA,NA
NA,15,Protectorate Assassin's Tunic,Protectorate Assassin's Tunic,Uncommon,196.85,165.35,NA,Arconus the Insatiable,0,https://tbc.wowhead.com/item=30328,NA,52,NULL,26,21,NULL,NULL,NULL,NULL,NA,NULL,NA,NA,NA
NA,NA,Wrist,NA,NA,NULL,NULL,NA,NA,NULL,NA,NA,ap,str,agi,hit,crit,haste,arp,exp,socket,NULL,NA,NA,NA
NA,1,Ravager's Wrist-Wraps of the Tiger,Ravager's Wrist-Wraps of the Tiger,Epic,145.962,NULL,Karazhan,Rokad the Ravager,1,https://tbc.wowhead.com/item=30685/ravagers-wrist-wraps,NA,NULL,27,27,NULL,NULL,NULL,NULL,NULL,NA,NULL,NA,NA,NA
NA,2,Spymistress's Wristguards,Spymistress's Wristguards,Rare,126.79,104.29,Shadow Labyrinth,The Soul Devices,1,https://tbc.wowhead.com/item=28171,NA,NULL,NULL,18,15,NULL,NULL,NULL,NULL,Red,NULL,NA,NA,NA
NA,3,Nightfall Wristguards,Nightfall Wristguards,Epic,121.36,NULL,Old Hillsbrad Foothills,Epoch Hunter,1,https://tbc.wowhead.com/item=29246,NA,46,NULL,24,NULL,NULL,NULL,NULL,NULL,NA,NULL,NA,NA,NA
NA,4,General's Leather Bracers,General's Leather Bracers,Epic,114.78,NULL,Season 1,PvP,1,https://tbc.wowhead.com/item=28424,NA,16,NULL,19,NULL,7,NULL,NULL,NULL,Yellow,NULL,NA,NA,NA
NA,5,Marshal's Leather Bracers,Marshal's Leather Bracers,Epic,114.78,NULL,NA,PvP,1,https://tbc.wowhead.com/item=28988,NA,16,NULL,19,NULL,7,NULL,NULL,NULL,Yellow,NULL,NA,NA,NA
NA,6,Qiraji Execution Bracers,Qiraji Execution Bracers,Epic,114.33,99.33,Classic,NA,0,https://tbc.wowhead.com/item=21602,NA,NULL,15,16,10,NULL,NULL,NULL,NULL,NA,NULL,NA,NA,NA
NA,7,Ferocious Bands,Ferocious Bands,Uncommon,113.456,98.456,NA,NA,0,https://tbc.wowhead.com/item=30332,NA,NULL,16,15,10,NULL,NULL,NULL,NULL,NA,NULL,NA,NA,NA
NA,8,Ravager's Wrist-Wraps of the Bandit,Ravager's Wrist-Wraps of the Bandit,Epic,112.08,NULL,Karazhan,Rokad the Ravager,1,https://tbc.wowhead.com/item=30685/ravagers-wrist-wraps,NA,43,NULL,22,NULL,NULL,NULL,NULL,NULL,NA,NULL,NA,NA,NA
NA,9,Primalstrike Bracers,Primalstrike Bracers,Epic,111.1,NULL,Leatherworking,Crafted,1,https://tbc.wowhead.com/item=29527,NA,64,NULL,15,NULL,NULL,NULL,NULL,NULL,NA,NULL,NA,NA,NA
NA,10,Nightstalker's Wristguards,Nightstalker's Wristguards,Uncommon,106.77,93.27,NA,Down With Daellis,0,https://tbc.wowhead.com/item=30399,NA,42,NULL,12,9,NULL,NULL,NULL,NULL,NA,NULL,NA,NA,NA
NA,11,Shackles of Quagmirran,Shackles of Quagmirran,Rare,102.8,NULL,Slave Pens,Quagmirran,1,https://tbc.wowhead.com/item=27712,NA,40,NULL,20,NULL,NULL,NULL,NULL,NULL,NA,NULL,NA,NA,NA
NA,12,General's Dragonhide Bracers,General's Dragonhide Bracers,Epic,102.196,NULL,Season 1,PvP,1,https://tbc.wowhead.com/item=28445,NA,NULL,16,13,NULL,NULL,NULL,NULL,NULL,Red,NULL,NA,NA,NA
NA,13,Marshal's Dragonhide Bracers,Marshal's Dragonhide Bracers,Epic,102.196,NULL,NA,PvP,1,https://tbc.wowhead.com/item=28978,NA,NULL,16,13,NULL,NULL,NULL,NULL,NULL,Red,NULL,NA,NA,NA
NA,14,Forestheart Bracers,Forestheart Bracers,Epic,97.308,NULL,Shattered Halls,Warchief Kargath Bladefist,1,https://tbc.wowhead.com/item=29263,NA,NULL,18,18,NULL,NULL,NULL,NULL,NULL,NA,NULL,NA,NA,NA
NA,15,Agile Mountain Bracers,Agile Mountain Bracers,Uncommon,95.91,79.41,NA,The Bladespire Ogres,0,https://tbc.wowhead.com/item=31426,NA,NULL,NULL,20,11,NULL,NULL,NULL,NULL,NA,NULL,NA,NA,NA
NA,NA,Hands,NA,NA,NULL,NULL,NA,NA,NULL,NA,NA,ap,str,agi,hit,crit,haste,arp,exp,socket,NULL,NA,NA,NA
NA,1,Gloves of Dexterous Manipulation,Gloves of Dexterous Manipulation,Epic,202.14,NULL,Karazhan,Attumen the Huntsman,1,https://tbc.wowhead.com/item=28506,NA,42,NULL,35,NULL,NULL,NULL,NULL,NULL,Red,Blue,NA,NA,NA
NA,2,Grips of Deftness,Grips of Deftness,Epic,196.21,NULL,Karazhan,Trash,1,https://tbc.wowhead.com/item=30644,NA,60,NULL,29,NULL,NULL,NULL,NULL,15,NA,NULL,NA,NA,NA
NA,3,Windslayer Wraps,Windslayer Wraps,Epic,189.266,163.766,Leatherworking,Crafted,1,https://tbc.wowhead.com/item=29507,NA,NULL,36,18,17,NULL,NULL,NULL,NULL,NA,NULL,NA,NA,NA
NA,4,Fel Leather Gloves,Fel Leather Gloves,Rare,185.41,159.91,Leatherworking,Crafted,1,https://tbc.wowhead.com/item=25685,NA,36,NULL,NULL,17,24,NULL,NULL,NULL,Yellow,Red,NA,NA,NA
NA,5,Rapscallion's Touch,Rapscallion's Touch,Rare,184.49,161.99,NA,Rescue Deirom!,1,https://tbc.wowhead.com/item=25969,NA,NULL,NULL,15,15,21,NULL,NULL,NULL,Red,Yellow,NA,NA,NA
NA,6,Handgrips of Assassination,Handgrips of Assassination,Rare,179.67,154.17,Black Morass,Aeonus,1,https://tbc.wowhead.com/item=27509,NA,50,NULL,25,17,NULL,NULL,NULL,NULL,NA,NULL,NA,NA,NA
NA,7,Liar's Tongue Gloves,Liar's Tongue Gloves,Epic,174.24,NULL,Magtheridon's Lair,Magtheridon,1,https://tbc.wowhead.com/item=28776,NA,72,NULL,NULL,NULL,26,NULL,NULL,NULL,Blue,Blue,NA,NA,NA
NA,8,Gloves of the Unbound,Gloves of the Unbound,Rare,173.02,NULL,Arcatraz,Wrath-Scryer Soccothrates,1,https://tbc.wowhead.com/item=28396,NA,38,NULL,27,NULL,NULL,NULL,NULL,NULL,Red,Blue,NA,NA,NA
NA,9,Wastewalker Gloves,Wastewalker Gloves,Rare,166.72,NULL,Shattered Halls,Warchief Kargath Bladefist,1,https://tbc.wowhead.com/item=27531,NA,16,NULL,32,NULL,NULL,NULL,NULL,NULL,Red,Yellow,NA,NA,NA
NA,10,Cobrascale Gloves,Cobrascale Gloves,Epic,160.2,130.2,Leatherworking,Crafted,1,https://tbc.wowhead.com/item=29503,NA,50,NULL,NULL,20,25,NULL,NULL,NULL,NA,NULL,NA,NA,NA
NA,11,Flesh Handler's Gauntlets,Flesh Handler's Gauntlets,Uncommon,148.348,NULL,Netherstorm,Flesh Handler's Gauntlets,0,https://tbc.wowhead.com/item=30341,NA,NULL,18,17,NULL,NULL,NULL,NULL,18,NA,NULL,NA,NA,NA
NA,12,Gauntlets of Malorne,Gauntlets of Malorne,Epic,147.872,NULL,Karazhan,The Curator,1,https://tbc.wowhead.com/item=29097,NA,NULL,32,24,NULL,NULL,NULL,NULL,NULL,NA,NULL,NA,NA,NA
NA,13,Predatory Gloves,Predatory Gloves,Rare,147.19,118.69,Mana-Tombs,Tavarok,1,https://tbc.wowhead.com/item=27825,NA,48,NULL,NULL,19,21,NULL,NULL,NULL,NA,NULL,NA,NA,NA
NA,14,Drake Tamer's Gloves,Drake Tamer's Gloves,Uncommon,146.18,NULL,NA,A Job Unfinished...,0,https://tbc.wowhead.com/item=32865,NA,30,NULL,21,NULL,NULL,NULL,NULL,NULL,Red,Blue,NA,NA,NA
NA,15,Gloves of the Nether-Stalker,Gloves of the Nether-Stalker,Uncommon,134.32,122.32,NA,Dealing with the Overmaster,0,https://tbc.wowhead.com/item=30003,NA,60,NULL,16,8,NULL,NULL,NULL,NULL,NA,NULL,NA,NA,NA
NA,NA,Waist,NA,NA,NULL,NULL,NA,NA,NULL,NA,NA,ap,str,agi,hit,crit,haste,arp,exp,socket,NULL,NA,NA,NA
NA,1,Girdle of the Deathdealer,Girdle of the Deathdealer,Epic,204.12,174.12,Black Morass,Aeonus,1,https://tbc.wowhead.com/item=29247,NA,56,NULL,28,20,NULL,NULL,NULL,NULL,NA,NULL,NA,NA,NA
NA,2,Lurker's Grasp of the Tiger,Lurker's Grasp of the Tiger,Epic,200.022,NULL,Karazhan,Hyakiss the Lurker,1,https://tbc.wowhead.com/item=30676/lurkers-grasp,NA,NULL,37,37,NULL,NULL,NULL,NULL,NULL,NA,NULL,NA,NA,NA
NA,3,Socrethar's Girdle,Socrethar's Girdle,Rare,180.42,150.42,NA,Turning Point,1,https://tbc.wowhead.com/item=30372,NA,48,NULL,23,20,NULL,NULL,NULL,NULL,NA,NULL,NA,NA,NA
NA,4,Gronn-Stitched Girdle,Gronn-Stitched Girdle,Epic,172.24,NULL,Gruul's Lair,Gruul the Dragonkiller,1,https://tbc.wowhead.com/item=28828,NA,72,NULL,NULL,NULL,25,NULL,NULL,NULL,Blue,Yellow,NA,NA,NA
NA,5,Epoch's Whispering Cinch,Epoch's Whispering Cinch,Rare,169.67,144.17,Old Hillsbrad Foothills,Epoch Hunter,1,https://tbc.wowhead.com/item=27911,NA,40,NULL,25,17,NULL,NULL,NULL,NULL,NA,NULL,NA,NA,NA
NA,6,Naaru Belt of Precision,Naaru Belt of Precision,Rare,167.65,145.15,NA,How to Break Into the Arcatraz,1,https://tbc.wowhead.com/item=31464,NA,44,NULL,25,15,NULL,NULL,NULL,NULL,NA,NULL,NA,NA,NA
NA,7,Dunewind Sash,Dunewind Sash,Rare,166.18,NULL,Underbog,Ghaz'an,1,https://tbc.wowhead.com/item=27760,NA,50,NULL,21,NULL,NULL,NULL,NULL,NULL,Red,Blue,NA,NA,NA
NA,8,Girdle of Treachery,Girdle of Treachery,Epic,164.76,NULL,Karazhan,Chess Event,1,https://tbc.wowhead.com/item=28750,NA,58,NULL,18,NULL,NULL,NULL,NULL,NULL,Red,Red,NA,NA,NA
NA,9,Belt of the Raven Lord,Belt of the Raven Lord,Rare,160.27,NULL,Sethekk Halls,Anzu,1,https://tbc.wowhead.com/item=32769,NA,NULL,25,17,NULL,NULL,NULL,NULL,NULL,Red,Blue,NA,NA,NA
NA,10,Sash of Silent Blades,Sash of Silent Blades,Rare,151.03,134.53,NA,World Drop,1,https://tbc.wowhead.com/item=31131,NA,30,NULL,28,11,NULL,NULL,NULL,NULL,NA,NULL,NA,NA,NA
NA,11,Lurker's Grasp of the Bandit,Lurker's Grasp of the Bandit,Epic,149.06,NULL,Karazhan,Hyakiss the Lurker,1,https://tbc.wowhead.com/item=30676/lurkers-grasp,NA,58,NULL,29,NULL,NULL,NULL,NULL,NULL,NA,NULL,NA,NA,NA
NA,12,Primalstrike Belt,Primalstrike Belt,Epic,146.8,NULL,Leatherworking,Crafted,1,https://tbc.wowhead.com/item=29526,NA,84,NULL,20,NULL,NULL,NULL,NULL,NULL,NA,NULL,NA,NA,NA
NA,13,Tree-Mender's Belt,Tree-Mender's Belt,Epic,145.962,NULL,Hellfire Ramparts,NA,1,https://tbc.wowhead.com/item=29264,NA,NULL,27,27,NULL,NULL,NULL,NULL,NULL,NA,NULL,NA,NA,NA
NA,14,General's Leather Belt,General's Leather Belt,Epic,144.78,NULL,Season 1,PvP,1,https://tbc.wowhead.com/item=28423,NA,30,NULL,27,NULL,15,NULL,NULL,NULL,NA,NULL,NA,NA,NA
NA,15,Marshal's Leather Belt,Marshal's Leather Belt,Epic,144.78,NULL,NA,PvP,1,https://tbc.wowhead.com/item=28986,NA,30,NULL,27,NULL,15,NULL,NULL,NULL,NA,NULL,NA,NA,NA
NA,NA,Ring,NA,NA,NULL,NULL,NA,NA,NULL,NA,NA,ap,str,agi,hit,crit,haste,arp,exp,socket,NULL,NA,NA,NA
NA,1,Garona's Signet Ring,Garona's Signet Ring,Epic,156.98,129.98,Karazhan,The Curator,1,https://tbc.wowhead.com/item=28649,NA,40,NULL,20,18,NULL,NULL,NULL,NULL,NA,NULL,NA,NA,NA
NA,2,Ring of a Thousand Marks,Ring of a Thousand Marks,Epic,147.19,118.69,Karazhan,Prince Malchezaar,1,https://tbc.wowhead.com/item=28757,NA,44,NULL,NULL,19,23,NULL,NULL,NULL,NA,NULL,NA,NA,NA
NA,3,Ring of Reciprocity,Ring of Reciprocity,Epic,145.15,122.65,Hellfire Peninsula,Doom Lord Kazzak,1,https://tbc.wowhead.com/item=30738,NA,62,NULL,NULL,15,19,NULL,NULL,NULL,NA,NULL,NA,NA,NA
NA,4,Shapeshifter's Signet,Shapeshifter's Signet,Epic,138.7,NULL,Lower City,Exalted,1,https://tbc.wowhead.com/item=30834,NA,NULL,NULL,25,NULL,NULL,NULL,NULL,20,NA,NULL,NA,NA,NA
NA,5,Shaffar's Band of Brutality,Shaffar's Band of Brutality,Epic,137.19,108.69,Mana-Tombs,Yor,1,https://tbc.wowhead.com/item=31920,NA,40,NULL,NULL,19,20,NULL,NULL,NULL,NA,NULL,NA,NA,NA
NA,6,Overseer's Signet,Overseer's Signet,Rare,133.85,118.85,Netherstorm,Shutting Down Manaforge Ara,1,https://tbc.wowhead.com/item=30365,NA,NULL,25,15,10,NULL,NULL,NULL,NULL,NA,NULL,NA,NA,NA
NA,7,Ravenclaw Band,Ravenclaw Band,Rare,131.93,112.43,Sethekk Halls,Talon King Ikiss,1,https://tbc.wowhead.com/item=27925,NA,30,NULL,20,13,NULL,NULL,NULL,NULL,NA,NULL,NA,NA,NA
NA,8,Violet Signet of the Master Assassin,Violet Signet of the Master Assassin,Epic,131.25,93.75,Deadwind Pass,Eminence Among the Violet Eye,1,https://tbc.wowhead.com/item=29283,NA,56,NULL,NULL,25,NULL,NULL,NULL,NULL,NA,NULL,NA,NA,NA
NA,9,Ring of the Recalcitrant,Ring of the Recalcitrant,Epic,129.36,NULL,Magtheridon's Lair,The Fall of Magtheridon,1,https://tbc.wowhead.com/item=28791,NA,54,NULL,24,NULL,NULL,NULL,NULL,NULL,NA,NULL,NA,NA,NA
NA,10,Kaylaan's Signet,Kaylaan's Signet,Rare,127.2,112.2,Terokkar Forest,Deathblow to the Legion,1,https://tbc.wowhead.com/item=30860,NA,50,NULL,15,10,NULL,NULL,NULL,NULL,NA,NULL,NA,NA,NA
NA,11,Slayer's Mark of the Redemption,Slayer's Mark of the Redemption,Rare,127.2,112.2,Shadowmoon Valley,Dissension Amongst the Ranks...,1,https://tbc.wowhead.com/item=31077,NA,50,NULL,15,10,NULL,NULL,NULL,NULL,NA,NULL,NA,NA,NA
NA,12,Violet Signet,Violet Signet,Epic,124.24,88.24,Deadwind Pass,Distinguished Service,1,https://tbc.wowhead.com/item=29282,NA,52,NULL,NULL,24,NULL,NULL,NULL,NULL,NA,NULL,NA,NA,NA
NA,13,Band of Anguish,Band of Anguish,Rare,120.92,105.92,Shadowmoon Valley,News of Victory,1,https://tbc.wowhead.com/item=30973,NA,50,NULL,13,10,NULL,NULL,NULL,NULL,NA,NULL,NA,NA,NA
NA,14,Protectorate Assassin's Ring,Protectorate Assassin's Ring,Uncommon,119.476,101.476,NA,The Horrors of Pollution,0,https://tbc.wowhead.com/item=30339,NA,NULL,16,15,12,NULL,NULL,NULL,NULL,NA,NULL,NA,NA,NA
NA,15,Violet Signet,Violet Signet,Epic,116.22,83.22,Deadwind Pass,Down the Violet Path,1,https://tbc.wowhead.com/item=29281,NA,50,NULL,NULL,22,NULL,NULL,NULL,NULL,NA,NULL,NA,NA,NA
NA,NA,Legs,NA,NA,NULL,NULL,NA,NA,NULL,NA,NA,ap,str,agi,hit,crit,haste,arp,exp,socket,NULL,NA,NA,NA
NA,1,Skulker's Greaves,Skulker's Greaves,Epic,324.12,282.12,Karazhan,Netherspite,1,https://tbc.wowhead.com/item=28741,NA,64,NULL,32,28,NULL,NULL,NULL,NULL,Red,Red,Blue,NA,NA
NA,2,Clefthoof Hide Leggings,Clefthoof Hide Leggings,Rare,267.53,242.03,Blade's Edge Mountains,Showdown,1,https://tbc.wowhead.com/item=31544,NA,NULL,30,30,17,NULL,NULL,NULL,18,NA,NULL,NA,NA,NA
NA,3,Wastewalker Leggings,Wastewalker Leggings,Rare,257.89,229.39,Mana-Tombs,Nexus-Prince Shaffar,1,https://tbc.wowhead.com/item=27837,NA,28,NULL,31,19,NULL,NULL,NULL,NULL,Red,Red,Blue,NA,NA
NA,4,Fel Leather Leggings,Fel Leather Leggings,Rare,252.61,215.11,Leatherworking,Crafted,1,https://tbc.wowhead.com/item=25687,NA,52,NULL,NULL,25,25,NULL,NULL,NULL,Red,Yellow,Yellow,NA,NA
NA,5,Midnight Legguards,Midnight Legguards,Epic,244.53,219.03,Slave Pens,Quagmirran,1,https://tbc.wowhead.com/item=30538,NA,64,NULL,NULL,17,27,NULL,NULL,NULL,Red,Red,Blue,NA,NA
NA,6,Leggings of Assassination,Leggings of Assassination,Rare,235.82,202.82,Shadow Labyrinth,Murmur,1,https://tbc.wowhead.com/item=27908,NA,44,NULL,40,22,NULL,NULL,NULL,NULL,NA,NULL,NA,NA,NA
NA,7,Forestwalker Kilt,Forestwalker Kilt,Epic,231.778,NULL,Mana-Tombs,Nexus-Prince Shaffar,1,https://tbc.wowhead.com/item=30535,NA,NULL,33,26,NULL,NULL,NULL,NULL,NULL,Red,Blue,Blue,NA,NA
NA,8,Shattrath Leggings,Shattrath Leggings,Rare,224.03,NULL,Netherstorm,Special Delivery to Shattrath City,1,https://tbc.wowhead.com/item=30257,NA,NULL,35,25,NULL,NULL,NULL,NULL,22,NA,NULL,NA,NA,NA
NA,9,Leggings of the Unrepentant,Leggings of the Unrepentant,Rare,213.86,NULL,Blood Furnace,Keli'dan the Breaker,1,https://tbc.wowhead.com/item=27514,NA,60,NULL,25,NULL,NULL,NULL,NULL,NULL,Red,Yellow,Blue,NA,NA
NA,10,Warpscale Leggings,Warpscale Leggings,Rare,198.62,177.62,Botanica,Warp Splinter,1,https://tbc.wowhead.com/item=28347,NA,56,NULL,32,14,NULL,NULL,NULL,NULL,NA,NULL,NA,NA,NA
NA,11,Greaves of Malorne,Greaves of Malorne,Epic,195.652,NULL,Gruul's Lair,Gruul the Dragonkiller,1,https://tbc.wowhead.com/item=29099,NA,NULL,42,32,NULL,NULL,NULL,NULL,NULL,NA,NULL,NA,NA,NA
NA,12,Oilcloth Breeches,Oilcloth Breeches,Rare,195.25,157.75,NA,Showdown,1,https://tbc.wowhead.com/item=31545,NA,60,NULL,NULL,25,30,NULL,NULL,NULL,NA,NULL,NA,NA,NA
NA,13,Leggings of Apocalypse,Leggings of Apocalypse,Epic,187.33,NULL,Naxxramas,Four Horsemen Chest,1,https://tbc.wowhead.com/item=23071,NA,NULL,15,31,NULL,28,NULL,NULL,NULL,NA,NULL,NA,NA,NA
NA,14,Mennu's Scaled Leggings,Mennu's Scaled Leggings,Rare,185.36,NULL,Slave Pens,Mennu the Betrayer,1,https://tbc.wowhead.com/item=27545,NA,46,NULL,NULL,NULL,32,NULL,NULL,NULL,Red,Red,Blue,NA,NA
NA,15,Gladiator's Dragonhide Legguards,Gladiator's Dragonhide Legguards,Epic,181.7,NULL,Season 1,PvP,1,https://tbc.wowhead.com/item=28128,NA,NULL,40,29,NULL,NULL,NULL,NULL,NULL,NA,NULL,NA,NA,NA
NA,NA,Feet,NA,NA,NULL,NULL,NA,NA,NULL,NA,NA,ap,str,agi,hit,crit,haste,arp,exp,socket,NULL,NA,NA,NA
NA,1,Edgewalker Longboots,Edgewalker Longboots,Epic,224.43,204.93,Karazhan,Moroes,1,https://tbc.wowhead.com/item=28545,NA,44,NULL,29,13,NULL,NULL,NULL,NULL,Red,Yellow,NA,NA,NA
NA,2,Glider's Boots of the Tiger,Glider's Boots of the Tiger,Epic,200.022,NULL,Karazhan,Shadikith the Glider,1,https://tbc.wowhead.com/item=30681/gliders-boots,NA,NULL,37,37,NULL,NULL,NULL,NULL,NULL,NA,NULL,NA,NA,NA
NA,3,Fel Leather Boots,Fel Leather Boots,Rare,195.49,157.99,Leatherworking,Crafted,1,https://tbc.wowhead.com/item=25686,NA,36,NULL,NULL,25,17,NULL,NULL,NULL,Yellow,Red,NA,NA,NA
NA,4,The Master's Treads,The Master's Treads,Rare,171.52,147.52,NA,NA,1,https://tbc.wowhead.com/item=31288,NA,48,NULL,24,16,NULL,NULL,NULL,NULL,NA,NULL,NA,NA,NA
NA,5,Zierhut's Lost Treads,Zierhut's Lost Treads,Epic,164.964,NULL,Karazhan,Trash,1,https://tbc.wowhead.com/item=30674,NA,NULL,34,28,NULL,NULL,NULL,NULL,NULL,NA,NULL,NA,NA,NA
NA,6,Felboar Hide Shoes,Felboar Hide Shoes,Rare,151.61,138.11,NA,The Cipher of Damnation - The Third Fragment Recovered,1,https://tbc.wowhead.com/item=30939,NA,68,NULL,18,9,NULL,NULL,NULL,NULL,NA,NULL,NA,NA,NA
NA,7,Shadowstep Striders,Shadowstep Striders,Epic,151.34,NULL,Arcatraz,Harbinger Skyriss,1,https://tbc.wowhead.com/item=29248,NA,54,NULL,31,NULL,NULL,NULL,NULL,NULL,NA,NULL,NA,NA,NA
NA,8,Glider's Boots of the Bandit,Glider's Boots of the Bandit,Epic,149.06,NULL,Karazhan,Shadikith the Glider,1,https://tbc.wowhead.com/item=30681/gliders-boots,NA,58,NULL,29,NULL,NULL,NULL,NULL,NULL,NA,NULL,NA,NA,NA
NA,9,General's Leather Boots,General's Leather Boots,Epic,144.78,NULL,Season 1,PvP,1,https://tbc.wowhead.com/item=28422,NA,30,NULL,27,NULL,15,NULL,NULL,NULL,NA,NULL,NA,NA,NA
NA,10,Marshal's Leather Boots,Marshal's Leather Boots,Epic,144.78,NULL,NA,PvP,1,https://tbc.wowhead.com/item=28987,NA,30,NULL,27,NULL,15,NULL,NULL,NULL,NA,NULL,NA,NA,NA
NA,11,Boots of the Unjust,Boots of the Unjust,Rare,141.13,121.63,Auchenai Crypts,Exarch Maladaar,1,https://tbc.wowhead.com/item=27867,NA,64,NULL,NULL,13,19,NULL,NULL,NULL,NA,NULL,NA,NA,NA
NA,12,Farahlite Studded Boots,Farahlite Studded Boots,Uncommon,138.24,NULL,NA,A Fate Worse Than Death,0,https://tbc.wowhead.com/item=30401,NA,56,NULL,16,NULL,16,NULL,NULL,NULL,NA,NULL,NA,NA,NA
NA,13,Silent-Strider Kneeboots,Silent-Strider Kneeboots,Rare,134.78,NULL,Hellfire Ramparts,Omor the Unscarred,1,https://tbc.wowhead.com/item=27467,NA,50,NULL,27,NULL,NULL,NULL,NULL,NULL,NA,NULL,NA,NA,NA
NA,14,Rapscallion Boots,Rapscallion Boots,Epic,130,NULL,Karazhan,Shade of Aran,1,https://tbc.wowhead.com/item=28669,NA,82,NULL,NULL,NULL,24,NULL,NULL,NULL,NA,NULL,NA,NA,NA
NA,15,General's Dragonhide Boots,General's Dragonhide Boots,Epic,129.744,NULL,Season 1,PvP,1,https://tbc.wowhead.com/item=28444,NA,NULL,24,24,NULL,NULL,NULL,NULL,NULL,NA,NULL,NA,NA,NA
NA,NA,Trinket,NA,NA,NULL,NULL,NA,NA,NULL,NA,NA,ap,str,agi,hit,crit,haste,arp,exp,socket,NULL,NA,NA,NA
NA,1,Dragonspine Trophy,Dragonspine Trophy,Epic,197.3,NULL,Gruul's Lair,Gruul the Dragonkiller,1,https://tbc.wowhead.com/item=28830,NA,40,NULL,NULL,NULL,NULL,130,NULL,NULL,NA,NULL,NA,NA,NA
NA,2,Mark of the Champion (undead/demon),Mark of the Champion (undead/demon),Epic,150,NULL,Naxxramas,The Fall of Kel'Thuzad,1,https://tbc.wowhead.com/item=23206,NA,150,NULL,NULL,NULL,NULL,NULL,NULL,NULL,NA,NULL,NA,NA,NA
NA,3,Icon of Unyielding Courage,Icon of Unyielding Courage,Rare,131.3,86.3,Blood Furnace,Keli'dan the Breaker,1,https://tbc.wowhead.com/item=28121,NA,NULL,NULL,NULL,30,NULL,NULL,100,NULL,NA,NULL,NA,NA,NA
NA,4,Bloodlust Brooch,Bloodlust Brooch,Epic,118,NULL,Badge of Justice,G'eras,1,https://tbc.wowhead.com/item=29383,NA,118,NULL,NULL,NULL,NULL,NULL,NULL,NULL,NA,NULL,NA,NA,NA
NA,5,Drake Fang Talisman,Drake Fang Talisman,Epic,116.2,86.2,Blackwing Lair,Ebonroc,0,https://tbc.wowhead.com/item=19406,NA,56,NULL,NULL,20,NULL,NULL,NULL,NULL,NA,NULL,NA,NA,NA
NA,6,Hourglass of the Unraveller,Hourglass of the Unraveller,Rare,114,NULL,Black Morass,Temporus,1,https://tbc.wowhead.com/item=28034,NA,50,NULL,NULL,NULL,32,NULL,NULL,NULL,NA,NULL,NA,NA,NA
NA,7,Slayer's Crest,Slayer's Crest,Epic,107,NULL,Naxxramas,Sapphiron,0,https://tbc.wowhead.com/item=23041,NA,107,NULL,NULL,NULL,NULL,NULL,NULL,NULL,NA,NULL,NA,NA,NA
NA,8,Romulo's Poison Vial,Romulo's Poison Vial,Epic,105.35,52.85,Karazhan,Julianne,1,https://tbc.wowhead.com/item=28579,NA,NULL,NULL,NULL,35,NULL,NULL,NULL,NULL,NA,NULL,NA,NA,NA
NA,9,Abacus of Violent Odds,Abacus of Violent Odds,Rare,90.1965,NULL,Mechanar,Pathaleon the Calculator,1,https://tbc.wowhead.com/item=28288,NA,64,NULL,NULL,NULL,NULL,21.65,NULL,NULL,NA,NULL,NA,NA,NA
NA,10,Terokkar Tablet of Precision,Terokkar Tablet of Precision,Uncommon,89.55,56.55,Terokkar Forest,Torgos!,1,https://tbc.wowhead.com/item=25937,NA,23.33,NULL,NULL,22,NULL,NULL,NULL,NULL,NA,NULL,NA,NA,NA
NA,11,Terokkar Tablet of Precision,Terokkar Tablet of Precision,Uncommon,89.22,56.22,Taela Everstride,Torgos!,1,https://tbc.wowhead.com/item=25937,NA,23,NULL,NULL,22,NULL,NULL,NULL,NULL,NA,NULL,NA,NA,NA
NA,12,Kiss of the Spider,Kiss of the Spider,Epic,88.35,73.35,Naxxramas,Maexxna,0,https://tbc.wowhead.com/item=22954,NA,NULL,NULL,NULL,10,14,25,NULL,NULL,NA,NULL,NA,NA,NA
NA,13,Bladefist's Breadth,Bladefist's Breadth,Rare,85,NULL,Hellfire Peninsula,Overlord,1,https://tbc.wowhead.com/item=28041,NA,33,NULL,NULL,NULL,26,NULL,NULL,NULL,NA,NULL,NA,NA,NA
NA,14,Core of Ar'kelos,Core of Ar'kelos,Uncommon,85,NULL,Archmage Vargoth,Ar'kelos the Guardian,1,https://tbc.wowhead.com/item=29776,NA,85,NULL,NULL,NULL,NULL,NULL,NULL,NULL,NA,NULL,NA,NA,NA
NA,15,Badge of the Swarmguard,Badge of the Swarmguard,Epic,77.9,NULL,Ahn'Qiraj,Battleguard Sartura,0,https://tbc.wowhead.com/item=21670,NA,NULL,NULL,NULL,NULL,NULL,NULL,190,NULL,NA,NULL,NA,NA,NA
NA,NA,Two Hand,NA,NA,NULL,NULL,NA,NA,NULL,NA,NA,type,ap,stam,str,agi,hit,crit,haste,arp,exp,socket,NA,NA
NA,1,Terestian's Stranglestaff (Feral),Terestian's Stranglestaff (Feral),Epic,1362.039085,1324.539085,Karazhan,Terestian Illhoof,1,https://tbc.wowhead.com/item=28658,NA,Staff,829,48,38,37,25,NULL,NULL,NA,NULL,NA,NA,NA
NA,2,Gladiator's Maul (Feral),Gladiator's Maul (Feral),Epic,1356.768825,1326.768825,Season 1,PvP,1,https://tbc.wowhead.com/item=28476,NA,Mace,894,48,32,NULL,20,35,NULL,NA,NULL,NA,NA,NA
NA,3,Feral Staff of Lashing (Feral),Feral Staff of Lashing (Feral),Epic,1215.02395,NULL,Botanica,Warp Splinter,1,https://tbc.wowhead.com/item=29359,NA,Staff,754,34,36,35,NULL,NULL,NULL,NA,NULL,NA,NA,NA
NA,4,Staff of Natural Fury (Feral),Staff of Natural Fury (Feral),Epic,1041.11641,NULL,NA,World Drop,1,https://tbc.wowhead.com/item=31334,NA,Staff,712,31,35,NULL,NULL,NULL,NULL,NA,NULL,NA,NA,NA
NA,5,Earthwarden,Earthwarden,Epic,1034.426055,NULL,Cenarion Expedition,Exalted,1,https://tbc.wowhead.com/item=29171,NA,Mace,712,39,NULL,NULL,NULL,NULL,NULL,NA,24,NA,NA,NA
NA,6,Draenic Wildstaff (Feral),Draenic Wildstaff (Feral),Rare,1021.540705,988.540705,Auchenai Crypts,Avatar of the Martyred,1,https://tbc.wowhead.com/item=27877,NA,Staff,539,33,34,32,22,NULL,NULL,NA,NULL,NA,NA,NA
NA,7,Dreamer's Dragonstaff (Feral),Dreamer's Dragonstaff (Feral),Rare,966.812705,NULL,Botanica,Thorngrin the Tender,1,https://tbc.wowhead.com/item=28325,NA,Staff,539,28,46,27,NULL,NULL,NULL,NA,NULL,NA,NA,NA
NA,8,Fleshling Simulation Staff (Feral),Fleshling Simulation Staff (Feral),Rare,965.873675,926.873675,NA,Nexus-King Salhadaar,1,https://tbc.wowhead.com/item=30010,NA,Staff,457,27,27,27,26,NULL,NULL,NA,17,NA,NA,NA
NA,9,High Warlord's Maul (Feral),High Warlord's Maul (Feral),Rare,951.424705,924.424705,NA,PvP,1,https://tbc.wowhead.com/item=28919,NA,Mace,539,42,28,NULL,18,28,NULL,NA,NULL,NA,NA,NA
NA,10,Grand Marshal's Maul (Feral),Grand Marshal's Maul (Feral),Rare,951.424705,924.424705,NA,PvP,1,https://tbc.wowhead.com/item=28948,NA,Mace,539,42,28,NULL,18,28,NULL,NA,NULL,NA,NA,NA
NA,11,Wildcaller (Feral),Wildcaller (Feral),Rare,928.39132,NULL,NA,NA,1,https://tbc.wowhead.com/item=31009,NA,Staff,457,NULL,45,24,NULL,NULL,NULL,NA,20,NA,NA,NA
NA,12,Greatstaff of the Leviathan (Feral),Greatstaff of the Leviathan (Feral),Rare,866.170705,NULL,Underbog,Ghaz'an,1,https://tbc.wowhead.com/item=27757,NA,Staff,539,36,39,NULL,NULL,NULL,NULL,NA,NULL,NA,NA,NA
NA,13,"Atiesh, Greatstaff of the Guardian","Atiesh, Greatstaff of the Guardian",Legendary,836.111735,NULL,Classic,NA,0,https://tbc.wowhead.com/item=22632,NA,Staff,592,28,NULL,NULL,NULL,NULL,NULL,NA,NULL,NA,NA,NA
NA,14,Staff of Beasts (Feral),Staff of Beasts (Feral),Rare,768.371935,NULL,Nagrand,The Ring of Blood: The Final Challenge,1,https://tbc.wowhead.com/item=25761,NA,Staff,375,45,31,30,NULL,NULL,NULL,NA,NULL,NA,NA,NA
NA,15,Wild Wood Staff,Wild Wood Staff,Uncommon,658.4308695,NULL,NA,From the Ashes,0,https://tbc.wowhead.com/item=31414,NA,Staff,285,22,37,21,NULL,NULL,NULL,NA,NULL,NA,NA,NA
NA,16,Gladiator's Bonegrinder,Gladiator's Bonegrinder,Epic,652.97097,622.97097,Season 1,PvP,1,https://tbc.wowhead.com/item=28299,NA,Mace,NULL,48,32,NULL,20,35,NULL,NA,NULL,NA,NA,NA
NA,17,Deep Thunder,Deep Thunder,Epic,650.28097,NULL,Blacksmithing,Crafted,1,https://tbc.wowhead.com/item=28441,NA,Mace,NULL,55,37,37,NULL,NULL,NULL,NA,NULL,NA,NA,NA
NA,18,Hammer of the Naaru,Hammer of the Naaru,Epic,630.258355,NULL,Gruul's Lair,High King Maulgar,1,https://tbc.wowhead.com/item=28800,NA,Mace,NULL,41,44,NULL,NULL,NULL,NULL,NA,NULL,Red,Red,Blue
NA,19,Thunder,Thunder,Epic,616.11292,NULL,Blacksmithing,Crafted,1,https://tbc.wowhead.com/item=28440,NA,Mace,NULL,55,37,37,NULL,NULL,NULL,NA,NULL,NA,NA,NA
NA,20,Fel Hardened Maul,Fel Hardened Maul,Epic,567.214825,NULL,Blacksmithing,Crafted,1,https://tbc.wowhead.com/item=23546,NA,Mace,NULL,46,50,NULL,NULL,21,NULL,NA,NULL,NA,NA,NA
NA,21,Arechron's Gift,Arechron's Gift,Rare,564.628785,501.628785,Kurenai,Exalted,1,https://tbc.wowhead.com/item=29138,NA,Mace,84,NULL,NULL,NULL,42,NULL,NULL,NA,NULL,NA,NA,NA
NA,22,Ursol's Claw (Feral),Ursol's Claw (Feral),Rare,562.764585,NULL,NA,NA,1,https://tbc.wowhead.com/item=24155,NA,Staff,197,27,28,27,NULL,NULL,NULL,NA,NULL,NA,NA,NA
NA,23,High Warlord's Bonegrinder,High Warlord's Bonegrinder,Rare,527.45714,500.45714,NA,PvP,1,https://tbc.wowhead.com/item=28917,NA,Mace,NULL,42,28,NULL,18,28,NULL,NA,NULL,NA,NA,NA
NA,24,Grand Marshal's Bonegrinder,Grand Marshal's Bonegrinder,Rare,527.45714,500.45714,NA,PvP,1,https://tbc.wowhead.com/item=28942,NA,Mace,NULL,42,28,NULL,18,28,NULL,NA,NULL,NA,NA,NA
NA,25,Warmaul of Infused Light,Warmaul of Infused Light,Rare,516.888785,NULL,Arcatraz,Wrath-Scryer Soccothrates,1,https://tbc.wowhead.com/item=28393,NA,Mace,NULL,30,20,NULL,NULL,21,NULL,NA,NULL,Red,Yellow,Blue
NA,26,Braxxis' Staff of Slumber (Feral),Braxxis' Staff of Slumber (Feral),Rare,515.99055,NULL,NA,World Drop,1,https://tbc.wowhead.com/item=31186,NA,Staff,292,39,NULL,NULL,NULL,NULL,NULL,NA,NULL,NA,NA,NA
NA,27,The Oathkeeper,The Oathkeeper,Rare,511.778785,472.778785,NA,World Drop,1,https://tbc.wowhead.com/item=31299,NA,Mace,NULL,24,35,NULL,26,NULL,NULL,NA,NULL,NA,NA,NA
NA,28,Scepter of Sha'tar,Scepter of Sha'tar,Rare,484.454785,NULL,Mana-Tombs,Nexus-Prince Shaffar,1,https://tbc.wowhead.com/item=27840,NA,Mace,NULL,28,31,NULL,NULL,30,NULL,NA,NULL,NA,NA,NA
NA,29,The Hammer of Destiny,The Hammer of Destiny,Epic,473.796765,NULL,NA,World Drop,1,https://tbc.wowhead.com/item=31322,NA,Mace,NULL,30,32,NULL,NULL,NULL,NULL,NA,NULL,NA,NA,NA
NA,30,Might of Menethil,Might of Menethil,Epic,463.121685,NULL,Naxxramas,Kel'Thuzad,0,https://tbc.wowhead.com/item=22798,NA,Mace,NULL,46,20,NULL,NULL,28,NULL,NA,NULL,NA,NA,NA
