Enhancement Phase 1,...2,...3,...4,...5,...6,...7,...8,...9,...10,...11,...12,...13,...14,...15,...16,...17,...18,...19,...20,...21,...22,...23,...24,...25,...26
NA,NA,Item,NA,NA,EPV,"If Hit 
Capped",Location,NA,Phase,NA,NA,Stats,NULL,NULL,NULL,NULL,NULL,NULL,NULL,NULL,NULL,NA,NULL,NA,NA
NA,NA,Head,NA,NA,NULL,NULL,NA,NA,NULL,NA,NA,ap,str,agi,hit,crit,haste,arp,exp,socket,NULL,NA,NULL,NA,NA
NA,1,Mask of the Deceiver,Mask of the Deceiver,Epic,232.436,205.492,Badge of Justice,G'eras,1,https://tbc.wowhead.com/item=32087,NA,64,NULL,32,16,NULL,NULL,NULL,NULL,Yellow,Meta,NA,NULL,NA,NA
NA,2,Helm of the Claw,Helm of the Claw,Rare,220.946,197.37,Zangarmarsh,The Warlord's Hideout,1,https://tbc.wowhead.com/item=28182,NA,66,NULL,25,14,NULL,NULL,NULL,NULL,Yellow,Meta,NA,NULL,NA,NA
NA,3,Cyclone Helm,Cyclone Helm,Epic,218.867,NULL,Karazhan,Prince Malchezaar,1,https://tbc.wowhead.com/item=29040,NA,NULL,36,27,NULL,NULL,NULL,NULL,NULL,Meta,Red,NA,NULL,NA,NA
NA,4,Gladiator's Linked Helm,Gladiator's Linked Helm,Epic,211.574,NULL,Season 1,PvP,1,https://tbc.wowhead.com/item=25998,NA,NULL,34,NULL,NULL,26,NULL,NULL,NULL,Meta,Red,NA,NULL,NA,NA
NA,5,Wastewalker Helm,Wastewalker Helm,Rare,210.53,180.218,Old Hillsbrad Foothills,Epoch Hunter,1,https://tbc.wowhead.com/item=28224,NA,56,NULL,NULL,18,22,NULL,NULL,NULL,Blue,Meta,NA,NULL,NA,NA
NA,6,Malefic Mask of the Shadows,Malefic Mask of the Shadows,Epic,198.742,146.538,Gruul's Lair,High King Maulgar,1,https://tbc.wowhead.com/item=28796,NA,84,NULL,NULL,31,42,NULL,NULL,NULL,NULL,NULL,NA,NULL,NA,NA
NA,7,Cowl of Beastly Rage,Cowl of Beastly Rage,Epic,198.516,NULL,Badge of Justice,G'eras,1,https://tbc.wowhead.com/item=32088,NA,NULL,29,26,NULL,NULL,NULL,NULL,NULL,Yellow,Meta,NA,NULL,NA,NA
NA,8,Helm of Assassination,Helm of Assassination,Rare,198.445,NULL,Arcatraz,Harbinger Skyriss,1,https://tbc.wowhead.com/item=28414,NA,66,NULL,NULL,NULL,25,NULL,NULL,NULL,Yellow,Meta,NA,NULL,NA,NA
NA,9,Cowl of Defiance,Cowl of Defiance,Epic,189.58,149.164,Karazhan,Netherspite,1,https://tbc.wowhead.com/item=28732,NA,100,NULL,34,24,NULL,NULL,NULL,NULL,NULL,NULL,NA,NULL,NA,NA
NA,10,Beast Lord Helm,Beast Lord Helm,Rare,186.3,NULL,Mechanar,Pathaleon the Calculator,1,https://tbc.wowhead.com/item=28275,NA,50,NULL,25,NULL,NULL,NULL,NULL,NULL,Red,Meta,NA,NULL,NA,NA
NA,11,Helm of Desolation,Helm of Desolation,Rare,184.441,NULL,Black Morass,Aeonus,1,https://tbc.wowhead.com/item=28192,NA,66,NULL,NULL,NULL,14,NULL,NULL,NULL,Yellow,Meta,NA,NULL,NA,NA
NA,12,Warpstalker Helm,Warpstalker Helm,Epic,183.804,NULL,Badge of Justice,G'eras,1,https://tbc.wowhead.com/item=32085,NA,48,NULL,24,NULL,NULL,NULL,NULL,NULL,Red,Meta,NA,NULL,NA,NA
NA,13,Grand Marshal's Linked Helm,Grand Marshal's Linked Helm,Rare,177.796,NULL,NA,PvP,1,https://tbc.wowhead.com/item=28691,NA,NULL,20,NULL,NULL,24,NULL,NULL,NULL,Meta,Red,NA,NULL,NA,NA
NA,14,High Warlord's Linked Helm,High Warlord's Linked Helm,Rare,177.796,NULL,NA,PvP,1,https://tbc.wowhead.com/item=28843,NA,NULL,20,NULL,NULL,24,NULL,NULL,NULL,Meta,Red,NA,NULL,NA,NA
NA,15,Seer's Linked Helm,Seer's Linked Helm,Rare,177.796,NULL,Quartermaster Urgronn,NA,1,https://tbc.wowhead.com/item=35383,NA,NULL,20,NULL,NULL,24,NULL,NULL,NULL,Meta,Red,NA,NULL,NA,NA
NA,NA,Neck,NA,NA,NULL,NULL,NA,NA,NULL,NA,NA,ap,str,agi,hit,crit,haste,arp,exp,socket,NULL,NA,NULL,NA,NA
NA,1,Braided Eternium Chain (GROUP BUFF),Braided Eternium Chain (GROUP BUFF),Rare,117.056,81.692,Jewelcrafting,Crafted,1,https://tbc.wowhead.com/item=24114,NA,40,NULL,NULL,21,28,NULL,NULL,NULL,NULL,NULL,NA,NULL,NA,NA
NA,2,Choker of Vile Intent,Choker of Vile Intent,Epic,101.232,70.92,Badge of Justice,G'eras,1,https://tbc.wowhead.com/item=29381,NA,42,NULL,20,18,NULL,NULL,NULL,NULL,NULL,NULL,NA,NULL,NA,NA
NA,3,Worgen Claw Necklace,Worgen Claw Necklace,Epic,99.548,70.92,Karazhan,Attumen the Huntsman,1,https://tbc.wowhead.com/item=28509,NA,42,NULL,20,17,NULL,NULL,NULL,NULL,NULL,NULL,NA,NULL,NA,NA
NA,4,Necklace of Trophies,Necklace of Trophies,Rare,93.666,70.09,NA,World Drop,1,https://tbc.wowhead.com/item=31275,NA,NULL,22,15,14,NULL,NULL,NULL,NULL,NULL,NULL,NA,NULL,NA,NA
NA,5,Mithril Chain of Heroism,Mithril Chain of Heroism,Epic,93.412,NULL,Karazhan,Chess Event,1,https://tbc.wowhead.com/item=28745,NA,NULL,28,22,NULL,NULL,NULL,NULL,NULL,NULL,NULL,NA,NULL,NA,NA
NA,6,Haramad's Bargain,Haramad's Bargain,Epic,93.35,NULL,The Consortium,Exalted,1,https://tbc.wowhead.com/item=29119,NA,NULL,26,25,NULL,NULL,NULL,NULL,NULL,NULL,NULL,NA,NULL,NA,NA
NA,7,Natasha's Choker,Natasha's Choker,Rare,89.175,72.335,Blade's Edge Mountains,The Hound-Master,1,https://tbc.wowhead.com/item=31695,NA,50,NULL,NULL,10,15,NULL,NULL,NULL,NULL,NULL,NA,NULL,NA,NA
NA,8,Bone Chain Necklace,Bone Chain Necklace,Rare,85.366,63.474,Underbog,The Black Stalker,1,https://tbc.wowhead.com/item=27779,NA,36,NULL,19,13,NULL,NULL,NULL,NULL,NULL,NULL,NA,NULL,NA,NA
NA,9,Traitor's Noose,Traitor's Noose,Rare,85.01,64.802,Slave Pens,Mennu the Betrayer,1,https://tbc.wowhead.com/item=27546,NA,38,NULL,NULL,12,18,NULL,NULL,NULL,NULL,NULL,NA,NULL,NA,NA
NA,10,Blood Guard's Necklace of Ferocity,Blood Guard's Necklace of Ferocity,Rare,79.313,NULL,Shattered Halls,Blood Guard Porung,1,https://tbc.wowhead.com/item=30710,NA,54,NULL,NULL,NULL,17,NULL,NULL,NULL,NULL,NULL,NA,NULL,NA,NA
NA,11,Adamantine Chain of the Unbroken,Adamantine Chain of the Unbroken,Epic,78.67,NULL,Slave Pens,Quagmirran,1,https://tbc.wowhead.com/item=29349,NA,34,NULL,NULL,NULL,30,NULL,NULL,NULL,NULL,NULL,NA,NULL,NA,NA
NA,12,Skeletal Necklace of Battlerage,Skeletal Necklace of Battlerage,Rare,77.408,57.2,Slave Pens,Rokmar the Crackler,1,https://tbc.wowhead.com/item=27551,NA,NULL,26,NULL,12,NULL,NULL,NULL,NULL,NULL,NULL,NA,NULL,NA,NA
NA,13,Natasha's Pack Collar,Natasha's Pack Collar,Rare,76.69,NULL,Blade's Edge Mountains,The Hound-Master,1,https://tbc.wowhead.com/item=31694,NA,NULL,25,15,NULL,NULL,NULL,NULL,NULL,NULL,NULL,NA,NULL,NA,NA
NA,14,Saberclaw Talisman,Saberclaw Talisman,Epic,76.366,NULL,Karazhan,Shade of Aran,1,https://tbc.wowhead.com/item=28674,NA,46,NULL,21,NULL,NULL,NULL,NULL,NULL,NULL,NULL,NA,NULL,NA,NA
NA,15,Insignia of the Mag'hari Hero,Insignia of the Mag'hari Hero,Rare,75.911,52.335,Durotar,Hero of the Mag'har,0,https://tbc.wowhead.com/item=28168,NA,30,NULL,NULL,14,15,NULL,NULL,NULL,NULL,NULL,NA,NULL,NA,NA
NA,NA,Shoulders,NA,NA,NULL,NULL,NA,NA,NULL,NA,NA,ap,str,agi,hit,crit,haste,arp,exp,socket,NULL,NA,NULL,NA,NA
NA,1,Cyclone Shoulderplates,Cyclone Shoulderplates,Epic,140.874,117.298,NA,NA,1,https://tbc.wowhead.com/item=29043,NA,NULL,26,18,14,NULL,NULL,NULL,NULL,Red,Yellow,NA,NULL,NA,NA
NA,2,Bladed Shoulderpads of the Merciless,Bladed Shoulderpads of the Merciless,Epic,140.681,118.789,Karazhan,Chess Event,1,https://tbc.wowhead.com/item=28755,NA,58,NULL,NULL,13,21,NULL,NULL,NULL,Yellow,Yellow,NA,NULL,NA,NA
NA,3,Mantle of Perenolde,Mantle of Perenolde,Rare,128.179,89.447,Old Hillsbrad Foothills,Epoch Hunter,1,https://tbc.wowhead.com/item=27434,NA,20,NULL,NULL,23,23,NULL,NULL,NULL,Red,Red,NA,NULL,NA,NA
NA,4,Expedition Scout's Epaulets,Expedition Scout's Epaulets,Rare,126.566,86.15,NA,Fel Embers,1,https://tbc.wowhead.com/item=25790,NA,50,NULL,25,24,NULL,NULL,NULL,NULL,NULL,NULL,NA,NULL,NA,NA
NA,5,Wastewalker Shoulderpads,Wastewalker Shoulderpads,Rare,125.694,98.75,Auchenai Crypts,Avatar of the Martyred,1,https://tbc.wowhead.com/item=27797,NA,34,NULL,25,16,NULL,NULL,NULL,NULL,Red,Blue,NA,NULL,NA,NA
NA,6,Talbuk Hide Spaulders,Talbuk Hide Spaulders,Rare,124.18,98.92,Provisioner Nasela,NA,1,https://tbc.wowhead.com/item=29147,NA,70,NULL,20,15,NULL,NULL,NULL,NULL,NULL,NULL,NA,NULL,NA,NA
NA,7,Blackened Leather Spaulders,Blackened Leather Spaulders,Rare,124.18,98.92,Trader Narasu,NA,1,https://tbc.wowhead.com/item=29148,NA,70,NULL,20,15,NULL,NULL,NULL,NULL,NULL,NULL,NA,NULL,NA,NA
NA,8,Shalassi Sentry's Epaulets,Shalassi Sentry's Epaulets,Rare,121.31,96.05,NA,Rescue Deirom!,1,https://tbc.wowhead.com/item=25968,NA,42,NULL,15,15,NULL,NULL,NULL,NULL,Red,Yellow,NA,NULL,NA,NA
NA,9,Sun-Gilded Shouldercaps,Sun-Gilded Shouldercaps,Rare,109.41,84.15,Black Morass,Chrono Lord Deja,1,https://tbc.wowhead.com/item=27995,NA,48,NULL,25,15,NULL,NULL,NULL,NULL,NULL,NULL,NA,NULL,NA,NA
NA,10,Shoulderpads of Assassination,Shoulderpads of Assassination,Rare,107.67,NULL,Sethekk Halls,Talon King Ikiss,1,https://tbc.wowhead.com/item=27776,NA,42,NULL,25,NULL,NULL,NULL,NULL,NULL,Yellow,Yellow,NA,NULL,NA,NA
NA,11,Gladiator's Linked Spaulders,Gladiator's Linked Spaulders,Epic,106.918,NULL,Season 1,PvP,1,https://tbc.wowhead.com/item=25999,NA,NULL,19,NULL,NULL,22,NULL,NULL,NULL,Red,Yellow,NA,NULL,NA,NA
NA,12,Beast Lord Mantle,Beast Lord Mantle,Rare,103.65,NULL,Steamvault,Warlord Kalithresh,1,https://tbc.wowhead.com/item=27801,NA,34,NULL,25,NULL,NULL,NULL,NULL,NULL,Yellow,Red,NA,NULL,NA,NA
NA,13,Mantle of the Unforgiven,Mantle of the Unforgiven,Rare,103.477,83.269,Mana-Tombs,Nexus-Prince Shaffar,1,https://tbc.wowhead.com/item=27831,NA,52,NULL,NULL,12,21,NULL,NULL,NULL,NULL,NULL,NA,NULL,NA,NA
NA,14,Cleansed Fel Pauldrons,Cleansed Fel Pauldrons,Rare,100.828,NULL,NA,Deathblow to the Legion,1,https://tbc.wowhead.com/item=30369,NA,NULL,34,18,NULL,NULL,NULL,NULL,NULL,NULL,NULL,NA,NULL,NA,NA
NA,15,Pauldrons of Desolation,Pauldrons of Desolation,Rare,98.891,70.263,Slave Pens,Quagmirran,1,https://tbc.wowhead.com/item=27713,NA,NULL,NULL,23,17,NULL,NULL,NULL,NULL,Red,Red,NA,NULL,NA,NA
NA,NA,Back,NA,NA,NULL,NULL,NA,NA,NULL,NA,NA,ap,str,agi,hit,crit,haste,arp,exp,socket,NULL,NA,NULL,NA,NA
NA,1,Black-Iron Battlecloak,Black-Iron Battlecloak,Epic,104.67,NULL,Shadowmoon Valley,Doomwalker,1,https://tbc.wowhead.com/item=30729,NA,60,NULL,NULL,NULL,30,NULL,NULL,NULL,NULL,NULL,NA,NULL,NA,NA
NA,2,Vengeance Wrap,Vengeance Wrap,Epic,103.847,NULL,Tailoring,Crafted,1,https://tbc.wowhead.com/item=24259,NA,52,NULL,NULL,NULL,23,NULL,NULL,NULL,Red,NULL,NA,NULL,NA,NA
NA,3,Drape of the Dark Reavers,Drape of the Dark Reavers,Epic,97.332,68.704,Karazhan,Shade of Aran,1,https://tbc.wowhead.com/item=28672,NA,34,NULL,24,17,NULL,NULL,NULL,NULL,NULL,NULL,NA,NULL,NA,NA
NA,4,Cloak of the Pit Stalker,Cloak of the Pit Stalker,Epic,91.736,NULL,Magtheridon's Lair,Magtheridon,1,https://tbc.wowhead.com/item=28777,NA,56,NULL,NULL,NULL,24,NULL,NULL,NULL,NULL,NULL,NA,NULL,NA,NA
NA,5,Auchenai Death Shroud,Auchenai Death Shroud,Rare,86.318,57.69,Auchenai Crypts,Avatar of the Martyred,1,https://tbc.wowhead.com/item=27878,NA,36,NULL,15,17,NULL,NULL,NULL,NULL,NULL,NULL,NA,NULL,NA,NA
NA,6,Royal Cloak of Arathi Kings,Royal Cloak of Arathi Kings,Epic,84.144,57.2,Karazhan,Moroes,1,https://tbc.wowhead.com/item=28529,NA,NULL,26,NULL,16,NULL,NULL,NULL,NULL,NULL,NULL,NA,NULL,NA,NA
NA,7,Cloak of the Inciter,Cloak of the Inciter,Rare,83.746,56.802,Shadow Labyrinth,Blackheart the Inciter,1,https://tbc.wowhead.com/item=27892,NA,30,NULL,NULL,16,18,NULL,NULL,NULL,NULL,NULL,NA,NULL,NA,NA
NA,8,Blood Knight War Cloak,Blood Knight War Cloak,Epic,81.258,NULL,Badge of Justice,G'eras,1,https://tbc.wowhead.com/item=29382,NA,48,NULL,23,NULL,NULL,NULL,NULL,NULL,NULL,NULL,NA,NULL,NA,NA
NA,9,Terokk's Might,Terokk's Might,Epic,79.136,NULL,Terokkar Forest,Terokk,1,https://tbc.wowhead.com/item=32540,NA,56,NULL,16,NULL,NULL,NULL,NULL,NULL,NULL,NULL,NA,NULL,NA,NA
NA,10,Cloak of the Craft,Cloak of the Craft,Rare,78.042,56.15,NA,World Drop,1,https://tbc.wowhead.com/item=31255,NA,20,NULL,25,13,NULL,NULL,NULL,NULL,NULL,NULL,NA,NULL,NA,NA
NA,11,Dawnstrike's Cloak,Dawnstrike's Cloak,Uncommon,74.508,59.352,NA,Down With Daellis,0,https://tbc.wowhead.com/item=29792,NA,42,NULL,12,9,NULL,NULL,NULL,NULL,NULL,NULL,NA,NULL,NA,NA
NA,12,Capacitus' Cloak of Calibration,Capacitus' Cloak of Calibration,Rare,74.428,NULL,The Mechanar,NA,1,https://tbc.wowhead.com/item=28249,NA,NULL,22,18,NULL,NULL,NULL,NULL,NULL,NULL,NULL,NA,NULL,NA,NA
NA,13,Netherfury Cape,Netherfury Cape,Rare,73.069,NULL,Botanica,Warp Splinter,1,https://tbc.wowhead.com/item=28371,NA,NULL,19,NULL,NULL,21,NULL,NULL,NULL,NULL,NULL,NA,NULL,NA,NA
NA,14,Nomad's Woven Cloak,Nomad's Woven Cloak,Rare,72.936,51.044,Nagrand,Bring Me The Egg!,1,https://tbc.wowhead.com/item=28031,NA,NULL,14,14,13,NULL,NULL,NULL,NULL,NULL,NULL,NA,NULL,NA,NA
NA,15,Delicate Green Poncho,Delicate Green Poncho,Rare,71.82,48.244,Nagrand,Bring Me The Egg!,1,https://tbc.wowhead.com/item=28032,NA,28,NULL,14,14,NULL,NULL,NULL,NULL,NULL,NULL,NA,NULL,NA,NA
NA,NA,Chest,NA,NA,NULL,NULL,NA,NA,NULL,NA,NA,ap,str,agi,hit,crit,haste,arp,exp,socket,NULL,NA,NULL,NA,NA
NA,1,Terrorweave Tunic,Terrorweave Tunic,Epic,215.709,180.345,Shadowmoon Valley,Doomwalker,1,https://tbc.wowhead.com/item=30730,NA,96,NULL,NULL,21,25,NULL,NULL,NULL,Red,Yellow,Yellow,NULL,NA,NA
NA,2,Primalstrike Vest,Primalstrike Vest,Epic,183.156,162.948,Leatherworking,Crafted,1,https://tbc.wowhead.com/item=29525,NA,108,NULL,38,12,NULL,NULL,NULL,NULL,NULL,NULL,NA,NULL,NA,NA
NA,3,Chestguard of the Conniver,Chestguard of the Conniver,Epic,180.55,143.502,Karazhan,Nightbane,1,https://tbc.wowhead.com/item=28601,NA,90,NULL,37,22,NULL,NULL,NULL,NULL,NULL,NULL,NA,NULL,NA,NA
NA,4,Ebon Netherscale Breastplate,Ebon Netherscale Breastplate,Epic,165.104,NULL,Leatherworking,Crafted,1,https://tbc.wowhead.com/item=29515,NA,80,NULL,NULL,NULL,31,NULL,NULL,NULL,Blue,Yellow,Blue,NULL,NA,NA
NA,5,Twisting Nether Chain Shirt,Twisting Nether Chain Shirt,Epic,162.587,NULL,Blacksmithing,Crafted,1,https://tbc.wowhead.com/item=23564,NA,68,NULL,NULL,NULL,33,NULL,NULL,NULL,Red,Yellow,Blue,NULL,NA,NA
NA,6,Cyclone Breastplate,Cyclone Breastplate,Epic,161.97,NULL,Magtheridon's Lair,Magtheridon,1,https://tbc.wowhead.com/item=29038,NA,NULL,33,NULL,NULL,25,NULL,NULL,NULL,Red,Red,Yellow,NULL,NA,NA
NA,7,Gladiator's Linked Armor,Gladiator's Linked Armor,Epic,155.452,NULL,Season 1,PvP,1,https://tbc.wowhead.com/item=25997,NA,NULL,29,NULL,NULL,28,NULL,NULL,NULL,Red,Red,Yellow,NULL,NA,NA
NA,8,Hauberk of Karabor,Hauberk of Karabor,Rare,146.358,126.15,Shadowmoon Valley,Varedis Must Be Stopped,1,https://tbc.wowhead.com/item=30933,NA,90,NULL,25,12,NULL,NULL,NULL,NULL,NULL,NULL,NA,NULL,NA,NA
NA,9,Chestguard of the Prowler,Chestguard of the Prowler,Rare,143.454,114.826,Hellfire Ramparts,Vazruden and Nazan,1,https://tbc.wowhead.com/item=27461,NA,70,NULL,31,17,NULL,NULL,NULL,NULL,NULL,NULL,NA,NULL,NA,NA
NA,10,Vest of Vengeance,Vest of Vengeance,Rare,142.926,124.402,Blood Furnace,Keli'dan the Breaker,1,https://tbc.wowhead.com/item=24396,NA,42,NULL,27,11,NULL,NULL,NULL,NULL,Red,Yellow,Blue,NULL,NA,NA
NA,11,Wastewalker Tunic,Wastewalker Tunic,Rare,140.768,NULL,Blood Furnace,Keli'dan the Breaker,1,https://tbc.wowhead.com/item=28264,NA,56,NULL,28,NULL,NULL,NULL,NULL,NULL,Yellow,Yellow,Yellow,NULL,NA,NA
NA,12,Tunic of Assassination,Tunic of Assassination,Rare,140.688,NULL,Mechanar,Pathaleon the Calculator,1,https://tbc.wowhead.com/item=28204,NA,54,NULL,28,NULL,NULL,NULL,NULL,NULL,Red,Red,Blue,NULL,NA,NA
NA,13,Mag'hari Scout's Tunic,Mag'hari Scout's Tunic,Rare,139.466,119.258,Durotar,Hero of the Mag'har,0,https://tbc.wowhead.com/item=28172,NA,86,NULL,23,12,NULL,NULL,NULL,NULL,NULL,NULL,NA,NULL,NA,NA
NA,14,Breastplate of Rapid Striking,Breastplate of Rapid Striking,Rare,139.42,105.74,NA,World Drop,1,https://tbc.wowhead.com/item=31286,NA,46,NULL,40,20,NULL,NULL,NULL,NULL,NULL,NULL,NA,NULL,NA,NA
NA,15,Felstalker Breastplate,Felstalker Breastplate,Rare,138.266,NULL,Leatherworking,Crafted,1,https://tbc.wowhead.com/item=25696,NA,52,NULL,26,NULL,NULL,NULL,NULL,NULL,Red,Red,Blue,NULL,NA,NA
NA,NA,Wrist,NA,NA,NULL,NULL,NA,NA,NULL,NA,NA,ap,str,agi,hit,crit,haste,arp,exp,socket,NULL,NA,NULL,NA,NA
NA,1,Ravager's Wrist-Wraps of the Tiger,Ravager's Wrist-Wraps of the Tiger,Epic,98.442,NULL,Karazhan,Rokad the Ravager,1,https://tbc.wowhead.com/item=30685/ravagers-wrist-wraps,NA,NULL,27,27,NULL,NULL,NULL,NULL,NULL,NULL,NULL,NA,NULL,NA,NA
NA,2,Veteran's Linked Bracers,Veteran's Linked Bracers,Epic,87.318,NULL,Mail Armor,NA,1,https://tbc.wowhead.com/item=32816,NA,NULL,21,NULL,NULL,17,NULL,NULL,NULL,Yellow,NULL,NA,NULL,NA,NA
NA,3,Primalstrike Bracers,Primalstrike Bracers,Epic,85.69,NULL,Leatherworking,Crafted,1,https://tbc.wowhead.com/item=29527,NA,64,NULL,15,NULL,NULL,NULL,NULL,NULL,NULL,NULL,NA,NULL,NA,NA
NA,4,Bracers of Maliciousness,Bracers of Maliciousness,Epic,82.758,NULL,Karazhan,Maiden of Virtue,1,https://tbc.wowhead.com/item=28514,NA,50,NULL,NULL,NULL,22,NULL,NULL,NULL,NULL,NULL,NA,NULL,NA,NA
NA,5,Nightfall Wristguards,Nightfall Wristguards,Epic,80.704,NULL,Old Hillsbrad Foothills,Epoch Hunter,1,https://tbc.wowhead.com/item=29246,NA,46,NULL,24,NULL,NULL,NULL,NULL,NULL,NULL,NULL,NA,NULL,NA,NA
NA,6,General's Linked Bracers,General's Linked Bracers,Epic,79.75,NULL,NA,NA,1,https://tbc.wowhead.com/item=28605,NA,NULL,19,NULL,NULL,15,NULL,NULL,NULL,Yellow,NULL,NA,NULL,NA,NA
NA,7,Marshal's Linked Bracers,Marshal's Linked Bracers,Epic,79.75,NULL,NA,PvP,1,https://tbc.wowhead.com/item=28989,NA,NULL,19,NULL,NULL,15,NULL,NULL,NULL,Yellow,NULL,NA,NULL,NA,NA
NA,8,Ebon Netherscale Bracers,Ebon Netherscale Bracers,Epic,78.833,NULL,Leatherworking,Crafted,1,https://tbc.wowhead.com/item=29517,NA,38,NULL,NULL,NULL,17,NULL,NULL,NULL,Yellow,NULL,NA,NULL,NA,NA
NA,9,Windrager's Coils,Windrager's Coils,Rare,77.868,NULL,NA,NA,1,https://tbc.wowhead.com/item=32532,NA,60,NULL,NULL,NULL,12,NULL,NULL,NULL,NULL,NULL,NA,NULL,NA,NA
NA,10,Felstalker Bracers,Felstalker Bracers,Rare,76.073,NULL,Leatherworking,Crafted,1,https://tbc.wowhead.com/item=25697,NA,38,NULL,18,NULL,NULL,NULL,NULL,NULL,Blue,NULL,NA,NULL,NA,NA
NA,11,Stalker's War Bands,Stalker's War Bands,Epic,75.981,NULL,Karazhan,Attumen the Huntsman,1,https://tbc.wowhead.com/item=28454,NA,44,NULL,21,NULL,NULL,NULL,NULL,NULL,NULL,NULL,NA,NULL,NA,NA
NA,12,Ravager's Wrist-Wraps of the Bandit,Ravager's Wrist-Wraps of the Bandit,Epic,74.812,NULL,Karazhan,Rokad the Ravager,1,https://tbc.wowhead.com/item=30685/ravagers-wrist-wraps,NA,43,NULL,22,NULL,NULL,NULL,NULL,NULL,NULL,NULL,NA,NULL,NA,NA
NA,13,Veteran's Chain Bracers,Veteran's Chain Bracers,Epic,74.542,NULL,Mail Armor,NA,1,https://tbc.wowhead.com/item=32809,NA,18,NULL,20,NULL,8,NULL,NULL,NULL,Yellow,NULL,NA,NULL,NA,NA
NA,14,Nightstalker's Wristguards,Nightstalker's Wristguards,Uncommon,74.508,59.352,NA,Down With Daellis,0,https://tbc.wowhead.com/item=30399,NA,42,NULL,12,9,NULL,NULL,NULL,NULL,NULL,NULL,NA,NULL,NA,NA
NA,15,Ferocious Bands,Ferocious Bands,Uncommon,73.73,56.89,NA,NA,0,https://tbc.wowhead.com/item=30332,NA,NULL,16,15,10,NULL,NULL,NULL,NULL,NULL,NULL,NA,NULL,NA,NA
NA,NA,Hands,NA,NA,NULL,NULL,NA,NA,NULL,NA,NA,ap,str,agi,hit,crit,haste,arp,exp,socket,NULL,NA,NULL,NA,NA
NA,1,Grips of Deftness,Grips of Deftness,Epic,144.984,NULL,Karazhan,Trash,1,https://tbc.wowhead.com/item=30644,NA,60,NULL,29,NULL,NULL,NULL,NULL,15,NULL,NULL,NA,NULL,NA,NA
NA,2,Windslayer Wraps,Windslayer Wraps,Epic,133.856,105.228,Leatherworking,Crafted,1,https://tbc.wowhead.com/item=29507,NA,NULL,36,18,17,NULL,NULL,NULL,NULL,NULL,NULL,NA,NULL,NA,NA
NA,3,Windstrike Gloves,Windstrike Gloves,Epic,133.856,105.228,Leatherworking,Crafted,1,https://tbc.wowhead.com/item=29509,NA,NULL,36,18,17,NULL,NULL,NULL,NULL,NULL,NULL,NA,NULL,NA,NA
NA,4,Fel Leather Gloves,Fel Leather Gloves,Rare,132.724,104.096,Leatherworking,Crafted,1,https://tbc.wowhead.com/item=25685,NA,36,NULL,NULL,17,24,NULL,NULL,NULL,Yellow,Red,NA,NULL,NA,NA
NA,5,Liar's Tongue Gloves,Liar's Tongue Gloves,Epic,132.714,NULL,Magtheridon's Lair,Magtheridon,1,https://tbc.wowhead.com/item=28776,NA,72,NULL,NULL,NULL,26,NULL,NULL,NULL,Blue,Blue,NA,NULL,NA,NA
NA,6,Cyclone Gauntlets,Cyclone Gauntlets,Epic,124.042,92.046,NA,NA,1,https://tbc.wowhead.com/item=29039,NA,NULL,27,21,19,NULL,NULL,NULL,NULL,NULL,NULL,NA,NULL,NA,NA
NA,7,Gloves of Dexterous Manipulation,Gloves of Dexterous Manipulation,Epic,121.21,NULL,Karazhan,Attumen the Huntsman,1,https://tbc.wowhead.com/item=28506,NA,42,NULL,35,NULL,NULL,NULL,NULL,NULL,Red,Blue,NA,NULL,NA,NA
NA,8,Cobrascale Gloves,Cobrascale Gloves,Epic,120.905,87.225,Leatherworking,Crafted,1,https://tbc.wowhead.com/item=29503,NA,50,NULL,NULL,20,25,NULL,NULL,NULL,NULL,NULL,NA,NULL,NA,NA
NA,9,Gauntlets of the Dragonslayer,Gauntlets of the Dragonslayer,Epic,120.469,NULL,Gruul's Lair,Gruul the Dragonkiller,1,https://tbc.wowhead.com/item=28827,NA,48,NULL,24,NULL,NULL,NULL,NULL,NULL,Red,Red,NA,NULL,NA,NA
NA,10,Flesh Handler's Gauntlets,Flesh Handler's Gauntlets,Uncommon,115.842,NULL,Netherstorm,Flesh Handler's Gauntlets,0,https://tbc.wowhead.com/item=30341,NA,NULL,18,17,NULL,NULL,NULL,NULL,18,NULL,NULL,NA,NULL,NA,NA
NA,11,Handgrips of Assassination,Handgrips of Assassination,Rare,114.778,86.15,Black Morass,Aeonus,1,https://tbc.wowhead.com/item=27509,NA,50,NULL,25,17,NULL,NULL,NULL,NULL,NULL,NULL,NA,NULL,NA,NA
NA,12,Predatory Gloves,Predatory Gloves,Rare,111.265,79.269,Mana-Tombs,Tavarok,1,https://tbc.wowhead.com/item=27825,NA,48,NULL,NULL,19,21,NULL,NULL,NULL,NULL,NULL,NA,NULL,NA,NA
NA,13,Rapscallion's Touch,Rapscallion's Touch,Rare,110.579,85.319,NA,Rescue Deirom!,1,https://tbc.wowhead.com/item=25969,NA,NULL,NULL,15,15,21,NULL,NULL,NULL,Red,Yellow,NA,NULL,NA,NA
NA,14,Crystalhide Handwraps,Crystalhide Handwraps,Epic,109.671,NULL,Leatherworking,Crafted,1,https://tbc.wowhead.com/item=32656,NA,56,NULL,11,NULL,NULL,NULL,NULL,NULL,Red,Red,NA,NULL,NA,NA
NA,15,Felfury Gauntlets,Felfury Gauntlets,Epic,108.803,NULL,Blacksmithing,Crafted,1,https://tbc.wowhead.com/item=23531,NA,40,NULL,NULL,NULL,27,NULL,NULL,NULL,Red,Blue,NA,NULL,NA,NA
NA,NA,Waist,NA,NA,NULL,NULL,NA,NA,NULL,NA,NA,ap,str,agi,hit,crit,haste,arp,exp,socket,NULL,NA,NULL,NA,NA
NA,1,Gronn-Stitched Girdle,Gronn-Stitched Girdle,Epic,134.985,NULL,Gruul's Lair,Gruul the Dragonkiller,1,https://tbc.wowhead.com/item=28828,NA,72,NULL,NULL,NULL,25,NULL,NULL,NULL,Blue,Yellow,NA,NULL,NA,NA
NA,2,Lurker's Grasp of the Tiger,Lurker's Grasp of the Tiger,Epic,134.902,NULL,Karazhan,Hyakiss the Lurker,1,https://tbc.wowhead.com/item=30676/lurkers-grasp,NA,NULL,37,37,NULL,NULL,NULL,NULL,NULL,NULL,NULL,NA,NULL,NA,NA
NA,3,Girdle of the Deathdealer,Girdle of the Deathdealer,Epic,130.168,96.488,Black Morass,Aeonus,1,https://tbc.wowhead.com/item=29247,NA,56,NULL,28,20,NULL,NULL,NULL,NULL,NULL,NULL,NA,NULL,NA,NA
NA,4,Rune-Engraved Belt,Rune-Engraved Belt,Rare,126.566,86.15,NA,Fel Embers,1,https://tbc.wowhead.com/item=25789,NA,50,NULL,25,24,NULL,NULL,NULL,NULL,NULL,NULL,NA,NULL,NA,NA
NA,5,Girdle of Treachery,Girdle of Treachery,Epic,119.228,NULL,Karazhan,Chess Event,1,https://tbc.wowhead.com/item=28750,NA,58,NULL,18,NULL,NULL,NULL,NULL,NULL,Red,Red,NA,NULL,NA,NA
NA,6,Socrethar's Girdle,Socrethar's Girdle,Rare,114.938,81.258,NA,Turning Point,1,https://tbc.wowhead.com/item=30372,NA,48,NULL,23,20,NULL,NULL,NULL,NULL,NULL,NULL,NA,NULL,NA,NA
NA,7,Girdle of the Prowler,Girdle of the Prowler,Epic,114.868,86.24,Karazhan,Terestian Illhoof,1,https://tbc.wowhead.com/item=28656,NA,48,NULL,25,17,NULL,NULL,NULL,NULL,NULL,NULL,NA,NULL,NA,NA
NA,8,Primalstrike Belt,Primalstrike Belt,Epic,112.92,NULL,Leatherworking,Crafted,1,https://tbc.wowhead.com/item=29526,NA,84,NULL,20,NULL,NULL,NULL,NULL,NULL,NULL,NULL,NA,NULL,NA,NA
NA,9,Girdle of Ferocity,Girdle of Ferocity,Epic,110.154,86.578,Shadow Labyrinth,Murmur,1,https://tbc.wowhead.com/item=29261,NA,44,NULL,28,14,NULL,NULL,NULL,NULL,NULL,NULL,NA,NULL,NA,NA
NA,10,Dunewind Sash,Dunewind Sash,Rare,108.966,NULL,Underbog,Ghaz'an,1,https://tbc.wowhead.com/item=27760,NA,50,NULL,21,NULL,NULL,NULL,NULL,NULL,Red,Blue,NA,NULL,NA,NA
NA,11,Shattrath's Champion Belt,Shattrath's Champion Belt,Rare,108.619,83.359,NA,How to Break Into the Arcatraz,1,https://tbc.wowhead.com/item=31462,NA,50,NULL,NULL,15,21,NULL,NULL,NULL,NULL,NULL,NA,NULL,NA,NA
NA,12,Belt of the Raven Lord,Belt of the Raven Lord,Rare,108.182,NULL,Sethekk Halls,Anzu,1,https://tbc.wowhead.com/item=32769,NA,NULL,25,17,NULL,NULL,NULL,NULL,NULL,Red,Blue,NA,NULL,NA,NA
NA,13,Ebon Netherscale Belt,Ebon Netherscale Belt,Epic,107.848,NULL,Leatherworking,Crafted,1,https://tbc.wowhead.com/item=29516,NA,48,NULL,NULL,NULL,22,NULL,NULL,NULL,Blue,Yellow,NA,NULL,NA,NA
NA,14,Felstalker Belt,Felstalker Belt,Rare,106.243,NULL,Leatherworking,Crafted,1,https://tbc.wowhead.com/item=25695,NA,50,NULL,18,NULL,NULL,NULL,NULL,NULL,Red,Blue,NA,NULL,NA,NA
NA,15,Terror Pit Girdle,Terror Pit Girdle,Epic,105.959,NULL,Magtheridon's Lair,Magtheridon,1,https://tbc.wowhead.com/item=28778,NA,44,NULL,NULL,NULL,21,NULL,NULL,NULL,Blue,Red,NA,NULL,NA,NA
NA,NA,Ring,NA,NA,NULL,NULL,NA,NA,NULL,NA,NA,ap,str,agi,hit,crit,haste,arp,exp,socket,NULL,NA,NULL,NA,NA
NA,1,Ring of Reciprocity,Ring of Reciprocity,Epic,115.551,90.291,Hellfire Peninsula,Doom Lord Kazzak,1,https://tbc.wowhead.com/item=30738,NA,62,NULL,NULL,15,19,NULL,NULL,NULL,NULL,NULL,NA,NULL,NA,NA
NA,2,Ring of a Thousand Marks,Ring of a Thousand Marks,Epic,110.243,78.247,Karazhan,Prince Malchezaar,1,https://tbc.wowhead.com/item=28757,NA,44,NULL,NULL,19,23,NULL,NULL,NULL,NULL,NULL,NA,NULL,NA,NA
NA,3,Shaffar's Band of Brutality,Shaffar's Band of Brutality,Epic,101.776,69.78,Mana-Tombs,Yor,1,https://tbc.wowhead.com/item=31920,NA,40,NULL,NULL,19,20,NULL,NULL,NULL,NULL,NULL,NA,NULL,NA,NA
NA,4,Garona's Signet Ring,Garona's Signet Ring,Epic,99.232,68.92,Karazhan,The Curator,1,https://tbc.wowhead.com/item=28649,NA,40,NULL,20,18,NULL,NULL,NULL,NULL,NULL,NULL,NA,NULL,NA,NA
NA,5,Violet Signet of the Master Assassin,Violet Signet of the Master Assassin,Epic,98.1,56,Deadwind Pass,Eminence Among the Violet Eye,1,https://tbc.wowhead.com/item=29283,NA,56,NULL,NULL,25,NULL,NULL,NULL,NULL,NULL,NULL,NA,NULL,NA,NA
NA,6,Shapeshifter's Signet,Shapeshifter's Signet,Epic,93.55,NULL,Lower City,Exalted,1,https://tbc.wowhead.com/item=30834,NA,NULL,NULL,25,NULL,NULL,NULL,NULL,20,NULL,NULL,NA,NULL,NA,NA
NA,7,Overseer's Signet,Overseer's Signet,Rare,93.53,76.69,Netherstorm,Shutting Down Manaforge Ara,1,https://tbc.wowhead.com/item=30365,NA,NULL,25,15,10,NULL,NULL,NULL,NULL,NULL,NULL,NA,NULL,NA,NA
NA,8,Violet Signet,Violet Signet,Epic,92.416,52,Deadwind Pass,Distinguished Service,1,https://tbc.wowhead.com/item=29282,NA,52,NULL,NULL,24,NULL,NULL,NULL,NULL,NULL,NULL,NA,NULL,NA,NA
NA,9,Mithril Band of the Unscarred,Mithril Band of the Unscarred,Epic,89.958,NULL,Karazhan,Netherspite,1,https://tbc.wowhead.com/item=28730,NA,NULL,26,NULL,NULL,22,NULL,NULL,NULL,NULL,NULL,NA,NULL,NA,NA
NA,10,Ring of the Recalcitrant,Ring of the Recalcitrant,Epic,88.704,NULL,Magtheridon's Lair,The Fall of Magtheridon,1,https://tbc.wowhead.com/item=28791,NA,54,NULL,24,NULL,NULL,NULL,NULL,NULL,NULL,NULL,NA,NULL,NA,NA
NA,11,Kaylaan's Signet,Kaylaan's Signet,Rare,88.53,71.69,Terokkar Forest,Deathblow to the Legion,1,https://tbc.wowhead.com/item=30860,NA,50,NULL,15,10,NULL,NULL,NULL,NULL,NULL,NULL,NA,NULL,NA,NA
NA,12,Slayer's Mark of the Redemption,Slayer's Mark of the Redemption,Rare,88.53,71.69,Shadowmoon Valley,Dissension Amongst the Ranks...,1,https://tbc.wowhead.com/item=31077,NA,50,NULL,15,10,NULL,NULL,NULL,NULL,NULL,NULL,NA,NULL,NA,NA
NA,13,Violet Signet,Violet Signet,Epic,87.048,50,Deadwind Pass,Down the Violet Path,1,https://tbc.wowhead.com/item=29281,NA,50,NULL,NULL,22,NULL,NULL,NULL,NULL,NULL,NULL,NA,NULL,NA,NA
NA,14,A'dal's Command,A'dal's Command,Epic,86.936,NULL,The Sha'tar,Exalted,1,https://tbc.wowhead.com/item=29177,NA,NULL,29,16,NULL,NULL,NULL,NULL,NULL,NULL,NULL,NA,NULL,NA,NA
NA,15,Band of Anguish,Band of Anguish,Rare,85.638,68.798,Shadowmoon Valley,News of Victory,1,https://tbc.wowhead.com/item=30973,NA,50,NULL,13,10,NULL,NULL,NULL,NULL,NULL,NULL,NA,NULL,NA,NA
NA,NA,Legs,NA,NA,NULL,NULL,NA,NA,NULL,NA,NA,ap,str,agi,hit,crit,haste,arp,exp,socket,NULL,NA,NULL,NA,NA
NA,1,Scaled Greaves of the Marksman,Scaled Greaves of the Marksman,Epic,209.246,182.302,Hellfire Peninsula,Doom Lord Kazzak,1,https://tbc.wowhead.com/item=30739,NA,76,NULL,37,16,NULL,NULL,NULL,NULL,Red,Red,Red,NULL,NA,NA
NA,2,Skulker's Greaves,Skulker's Greaves,Epic,203.624,156.472,Karazhan,Netherspite,1,https://tbc.wowhead.com/item=28741,NA,64,NULL,32,28,NULL,NULL,NULL,NULL,Red,Red,Blue,NULL,NA,NA
NA,3,Clefthoof Hide Leggings,Clefthoof Hide Leggings,Rare,189.668,161.04,Blade's Edge Mountains,Showdown,1,https://tbc.wowhead.com/item=31544,NA,NULL,30,30,17,NULL,NULL,NULL,18,NULL,NULL,NA,NULL,NA,NA
NA,4,Midnight Legguards,Midnight Legguards,Epic,179.031,150.403,Slave Pens,Quagmirran,1,https://tbc.wowhead.com/item=30538,NA,64,NULL,NULL,17,27,NULL,NULL,NULL,Red,Red,Blue,NULL,NA,NA
NA,5,Fel Leather Leggings,Fel Leather Leggings,Rare,178.445,136.345,Leatherworking,Crafted,1,https://tbc.wowhead.com/item=25687,NA,52,NULL,NULL,25,25,NULL,NULL,NULL,Red,Yellow,Yellow,NULL,NA,NA
NA,6,Shattrath Leggings,Shattrath Leggings,Rare,176.29,NULL,Netherstorm,Special Delivery to Shattrath City,1,https://tbc.wowhead.com/item=30257,NA,NULL,35,25,NULL,NULL,NULL,NULL,22,NULL,NULL,NA,NULL,NA,NA
NA,7,Forestwalker Kilt,Forestwalker Kilt,Epic,152.361,NULL,Mana-Tombs,Nexus-Prince Shaffar,1,https://tbc.wowhead.com/item=30535,NA,NULL,33,26,NULL,NULL,NULL,NULL,NULL,Red,Blue,Blue,NULL,NA,NA
NA,8,Wastewalker Leggings,Wastewalker Leggings,Rare,151.022,119.026,Mana-Tombs,Nexus-Prince Shaffar,1,https://tbc.wowhead.com/item=27837,NA,28,NULL,31,19,NULL,NULL,NULL,NULL,Red,Red,Blue,NULL,NA,NA
NA,9,Oilcloth Breeches,Oilcloth Breeches,Rare,146.77,104.67,NA,Showdown,1,https://tbc.wowhead.com/item=31545,NA,60,NULL,NULL,25,30,NULL,NULL,NULL,NULL,NULL,NA,NULL,NA,NA
NA,10,Rip-Flayer Leggings,Rip-Flayer Leggings,Epic,143.902,NULL,Karazhan,Netherspite,1,https://tbc.wowhead.com/item=28740,NA,56,NULL,NULL,NULL,28,NULL,NULL,NULL,Red,Yellow,Blue,NULL,NA,NA
NA,11,Wyrmscale Greaves,Wyrmscale Greaves,Epic,142.514,NULL,Old Hillsbrad Foothills,Epoch Hunter,1,https://tbc.wowhead.com/item=30534,NA,64,NULL,NULL,NULL,26,NULL,NULL,NULL,Blue,Blue,Yellow,NULL,NA,NA
NA,12,Barbaric Legstraps,Barbaric Legstraps,Rare,139.965,NULL,Underbog,The Black Stalker,1,https://tbc.wowhead.com/item=27773,NA,56,NULL,25,NULL,NULL,NULL,NULL,NULL,Red,Red,Blue,NULL,NA,NA
NA,13,Mennu's Scaled Leggings,Mennu's Scaled Leggings,Rare,139.848,NULL,Slave Pens,Mennu the Betrayer,1,https://tbc.wowhead.com/item=27545,NA,46,NULL,NULL,NULL,32,NULL,NULL,NULL,Red,Red,Blue,NULL,NA,NA
NA,14,Leggings of the Unrepentant,Leggings of the Unrepentant,Rare,139.51,NULL,Blood Furnace,Keli'dan the Breaker,1,https://tbc.wowhead.com/item=27514,NA,60,NULL,25,NULL,NULL,NULL,NULL,NULL,Red,Yellow,Blue,NULL,NA,NA
NA,15,Leggings of Assassination,Leggings of Assassination,Rare,138.888,101.84,Shadow Labyrinth,Murmur,1,https://tbc.wowhead.com/item=27908,NA,44,NULL,40,22,NULL,NULL,NULL,NULL,NULL,NULL,NA,NULL,NA,NA
NA,NA,Feet,NA,NA,NULL,NULL,NA,NA,NULL,NA,NA,ap,str,agi,hit,crit,haste,arp,exp,socket,NULL,NA,NULL,NA,NA
NA,1,Edgewalker Longboots,Edgewalker Longboots,Epic,140.186,118.294,Karazhan,Moroes,1,https://tbc.wowhead.com/item=28545,NA,44,NULL,29,13,NULL,NULL,NULL,NULL,Red,Yellow,NA,NULL,NA,NA
NA,2,Fel Leather Boots,Fel Leather Boots,Rare,135.773,93.673,Leatherworking,Crafted,1,https://tbc.wowhead.com/item=25686,NA,36,NULL,NULL,25,17,NULL,NULL,NULL,Yellow,Red,NA,NULL,NA,NA
NA,3,Glider's Boots of the Tiger,Glider's Boots of the Tiger,Epic,134.902,NULL,Karazhan,Shadikith the Glider,1,https://tbc.wowhead.com/item=30681/gliders-boots,NA,NULL,37,37,NULL,NULL,NULL,NULL,NULL,NULL,NULL,NA,NULL,NA,NA
NA,4,Fiend Slayer Boots,Fiend Slayer Boots,Epic,130.344,101.716,Karazhan,Chess Event,1,https://tbc.wowhead.com/item=28746,NA,34,NULL,26,17,NULL,NULL,NULL,NULL,Red,Blue,NA,NULL,NA,NA
NA,5,Rapscallion Boots,Rapscallion Boots,Epic,117.736,NULL,Karazhan,Shade of Aran,1,https://tbc.wowhead.com/item=28669,NA,82,NULL,NULL,NULL,24,NULL,NULL,NULL,NULL,NULL,NA,NULL,NA,NA
NA,6,Zierhut's Lost Treads,Zierhut's Lost Treads,Epic,115.288,NULL,Karazhan,Trash,1,https://tbc.wowhead.com/item=30674,NA,NULL,34,28,NULL,NULL,NULL,NULL,NULL,NULL,NULL,NA,NULL,NA,NA
NA,7,Boots of the Unjust,Boots of the Unjust,Rare,114.183,92.291,Auchenai Crypts,Exarch Maladaar,1,https://tbc.wowhead.com/item=27867,NA,64,NULL,NULL,13,19,NULL,NULL,NULL,NULL,NULL,NA,NULL,NA,NA
NA,8,The Master's Treads,The Master's Treads,Rare,109.648,82.704,NA,NA,1,https://tbc.wowhead.com/item=31288,NA,48,NULL,24,16,NULL,NULL,NULL,NULL,NULL,NULL,NA,NULL,NA,NA
NA,9,Ferocious Swift-Kickers,Ferocious Swift-Kickers,Epic,109.579,NULL,Karazhan,Nightbane,1,https://tbc.wowhead.com/item=28610,NA,58,NULL,NULL,NULL,16,NULL,NULL,NULL,Yellow,Blue,NA,NULL,NA,NA
NA,10,Felboar Hide Shoes,Felboar Hide Shoes,Rare,109.184,94.028,NA,The Cipher of Damnation - The Third Fragment Recovered,1,https://tbc.wowhead.com/item=30939,NA,68,NULL,18,9,NULL,NULL,NULL,NULL,NULL,NULL,NA,NULL,NA,NA
NA,11,Farahlite Studded Boots,Farahlite Studded Boots,Uncommon,102.96,NULL,NA,A Fate Worse Than Death,0,https://tbc.wowhead.com/item=30401,NA,56,NULL,16,NULL,16,NULL,NULL,NULL,NULL,NULL,NA,NULL,NA,NA
NA,12,Boots of the Shifting Sands,Boots of the Shifting Sands,Rare,100.651,NULL,Botanica,Laj,1,https://tbc.wowhead.com/item=28339,NA,40,NULL,NULL,NULL,19,NULL,NULL,NULL,Red,Yellow,NA,NULL,NA,NA
NA,13,Glider's Boots of the Bandit,Glider's Boots of the Bandit,Epic,99.934,NULL,Karazhan,Shadikith the Glider,1,https://tbc.wowhead.com/item=30681/gliders-boots,NA,58,NULL,29,NULL,NULL,NULL,NULL,NULL,NULL,NULL,NA,NULL,NA,NA
NA,14,Shadowstep Striders,Shadowstep Striders,Epic,98.826,NULL,Arcatraz,Harbinger Skyriss,1,https://tbc.wowhead.com/item=29248,NA,54,NULL,31,NULL,NULL,NULL,NULL,NULL,NULL,NULL,NA,NULL,NA,NA
NA,15,Studded Green Anklewraps,Studded Green Anklewraps,Rare,96.824,83.352,NA,Natural Remedies,1,https://tbc.wowhead.com/item=28074,NA,NULL,30,12,8,NULL,NULL,NULL,NULL,NULL,NULL,NA,NULL,NA,NA
NA,NA,Trinket,NA,NA,NULL,NULL,NA,NA,NULL,NA,NA,ap,str,agi,hit,crit,haste,arp,exp,socket,NULL,NA,NULL,NA,NA
NA,1,Dragonspine Trophy,Dragonspine Trophy,Epic,279.72,NULL,Gruul's Lair,Gruul the Dragonkiller,1,https://tbc.wowhead.com/item=28830,NA,40,NULL,NULL,NULL,NULL,130,NULL,NULL,NULL,NULL,NA,NULL,NA,NA
NA,2,Mark of the Champion (undead/demon),Mark of the Champion (undead/demon),Epic,150,NULL,NA,The Fall of Kel'Thuzad,1,https://tbc.wowhead.com/item=23206,NA,150,NULL,NULL,NULL,NULL,NULL,NULL,NULL,NULL,NULL,NA,NULL,NA,NA
NA,3,Bloodlust Brooch,Bloodlust Brooch,Epic,118,NULL,Badge of Justice,G'eras,1,https://tbc.wowhead.com/item=29383,NA,118,NULL,NULL,NULL,NULL,NULL,NULL,NULL,NULL,NULL,NA,NULL,NA,NA
NA,4,Slayer's Crest,Slayer's Crest,Epic,107,NULL,Naxxramas,Sapphiron,0,https://tbc.wowhead.com/item=23041,NA,107,NULL,NULL,NULL,NULL,NULL,NULL,NULL,NULL,NULL,NA,NULL,NA,NA
NA,5,Abacus of Violent Odds,Abacus of Violent Odds,Rare,103.9226,NULL,Mechanar,Pathaleon the Calculator,1,https://tbc.wowhead.com/item=28288,NA,64,NULL,NULL,NULL,NULL,21.65,NULL,NULL,NULL,NULL,NA,NULL,NA,NA
NA,6,Hourglass of the Unraveller,Hourglass of the Unraveller,Rare,97.648,NULL,Black Morass,Temporus,1,https://tbc.wowhead.com/item=28034,NA,50,NULL,NULL,NULL,32,NULL,NULL,NULL,NULL,NULL,NA,NULL,NA,NA
NA,7,Drake Fang Talisman,Drake Fang Talisman,Epic,89.68,56,Blackwing Lair,Ebonroc,0,https://tbc.wowhead.com/item=19406,NA,56,NULL,NULL,20,NULL,NULL,NULL,NULL,NULL,NULL,NA,NULL,NA,NA
NA,8,Core of Ar'kelos,Core of Ar'kelos,Uncommon,85,NULL,Archmage Vargoth,Ar'kelos the Guardian,1,https://tbc.wowhead.com/item=29776,NA,85,NULL,NULL,NULL,NULL,NULL,NULL,NULL,NULL,NULL,NA,NULL,NA,NA
NA,9,Kiss of the Spider,Kiss of the Spider,Epic,83.786,66.946,Classic,NA,0,https://tbc.wowhead.com/item=22954,NA,NULL,NULL,NULL,10,14,25,NULL,NULL,NULL,NULL,NA,NULL,NA,NA
NA,10,Icon of Unyielding Courage,Icon of Unyielding Courage,Rare,77.22,26.7,Blood Furnace,Keli'dan the Breaker,1,https://tbc.wowhead.com/item=28121,NA,NULL,NULL,NULL,30,NULL,NULL,100,NULL,NULL,NULL,NA,NULL,NA,NA
NA,11,Bladefist's Breadth,Bladefist's Breadth,Rare,71.714,NULL,Hellfire Peninsula,Overlord,1,https://tbc.wowhead.com/item=28041,NA,33,NULL,NULL,NULL,26,NULL,NULL,NULL,NULL,NULL,NA,NULL,NA,NA
NA,12,Figurine - Felsteel Boar,Figurine - Felsteel Boar,Rare,68,NULL,Jewelcrafting,Crafted,1,https://tbc.wowhead.com/item=24124,NA,68,NULL,NULL,NULL,NULL,NULL,NULL,NULL,NULL,NULL,NA,NULL,NA,NA
NA,13,Ancient Draenei War Talisman,Ancient Draenei War Talisman,Uncommon,64.599,NULL,NA,The Vengeful Harbinger,0,https://tbc.wowhead.com/item=31617,NA,33.33,NULL,NULL,NULL,21,NULL,NULL,NULL,NULL,NULL,NA,NULL,NA,NA
NA,14,Terokkar Tablet of Precision,Terokkar Tablet of Precision,Uncommon,60.378,23.33,Terokkar Forest,Torgos!,1,https://tbc.wowhead.com/item=25937,NA,23.33,NULL,NULL,22,NULL,NULL,NULL,NULL,NULL,NULL,NA,NULL,NA,NA
NA,15,Terokkar Tablet of Precision,Terokkar Tablet of Precision,Uncommon,60.048,23,Taela Everstride,Torgos!,1,https://tbc.wowhead.com/item=25937,NA,23,NULL,NULL,22,NULL,NULL,NULL,NULL,NULL,NULL,NA,NULL,NA,NA
NA,NA,One Hand,NA,NA,NULL,NULL,NA,NA,NULL,NA,NA,type,NULL,dps,spd,ap,str,agi,hit,crit,haste,arp,exp,socket,NA
NA,1,Dragonmaw (melee proc),Dragonmaw (melee proc),Epic,782.6728,NULL,Blacksmithing,Crafted,1,https://tbc.wowhead.com/item=28438,NA,Main Hand,Mace,91.1,2.7,NULL,NULL,NULL,NULL,NULL,63.6,NA,NULL,NA,NA
NA,2,Black Planar Edge,Black Planar Edge,Epic,740.6634,NULL,Blacksmithing,Crafted,1,https://tbc.wowhead.com/item=28432,NA,Main Hand,Axe,91.1,2.7,44,NULL,NULL,NULL,21,NULL,NA,NULL,NA,NA
NA,3,Drakefist Hammer (melee proc),Drakefist Hammer (melee proc),Epic,733.0056,NULL,Blacksmithing,Crafted,1,https://tbc.wowhead.com/item=28437,NA,Main Hand,Mace,84.3,2.7,NULL,NULL,NULL,NULL,NULL,63.6,NA,NULL,NA,NA
NA,4,Gladiator's Right Ripper,Gladiator's Right Ripper,Epic,732.3462,717.1902,Season 1,PvP,1,https://tbc.wowhead.com/item=28313,NA,Main Hand,Fist,91.3,2.6,28,NULL,NULL,9,15,NULL,NA,NULL,NA,NA
NA,5,Gladiator's Pummeler,Gladiator's Pummeler,Epic,731.6158,716.4598,Season 1,PvP,1,https://tbc.wowhead.com/item=28305,NA,One Hand,Mace,91.2,2.6,28,NULL,NULL,9,15,NULL,NA,NULL,NA,NA
NA,6,Gladiator's Cleaver,Gladiator's Cleaver,Epic,731.6158,716.4598,Season 1,PvP,1,https://tbc.wowhead.com/item=28308,NA,One Hand,Axe,91.2,2.6,28,NULL,NULL,9,15,NULL,NA,NULL,NA,NA
NA,7,Gladiator's Bonecracker,Gladiator's Bonecracker,Epic,730.155,714.999,Season 1,PvP,1,https://tbc.wowhead.com/item=28302,NA,Off Hand,Mace,91,1.5,28,NULL,NULL,9,15,NULL,NA,NULL,NA,NA
NA,8,Gladiator's Hacker,Gladiator's Hacker,Epic,730.155,714.999,Season 1,PvP,1,https://tbc.wowhead.com/item=28309,NA,Off Hand,Axe,91,1.5,28,NULL,NULL,9,15,NULL,NA,NULL,NA,NA
NA,9,Gladiator's Left Ripper,Gladiator's Left Ripper,Epic,730.155,714.999,Season 1,PvP,1,https://tbc.wowhead.com/item=28314,NA,Off Hand,Fist,91,1.5,28,NULL,NULL,9,15,NULL,NA,NULL,NA,NA
NA,10,Fool's Bane,Fool's Bane,Epic,719.596,NULL,Karazhan,Terestian Illhoof,1,https://tbc.wowhead.com/item=28657,NA,Main Hand,Mace,87.5,2.6,30,NULL,NULL,NULL,24,NULL,NA,NULL,Yellow,NA
NA,11,The Decapitator,The Decapitator,Epic,712.9014,NULL,Karazhan,Prince Malchezaar,1,https://tbc.wowhead.com/item=28767,NA,Main Hand,Axe,92.1,2.6,NULL,NULL,NULL,NULL,27,NULL,NA,NULL,NA,NA
NA,12,Big Bad Wolf's Paw,Big Bad Wolf's Paw,Epic,694.1924,NULL,Karazhan,The Big Bad Wolf,1,https://tbc.wowhead.com/item=28584,NA,Main Hand,Fist,87.6,2.5,NULL,NULL,17,NULL,20,NULL,NA,NULL,NA,NA
NA,13,The Planar Edge,The Planar Edge,Epic,687.5072,NULL,Blacksmithing,Crafted,1,https://tbc.wowhead.com/item=28431,NA,Main Hand,Axe,84.3,2.7,42,NULL,NULL,NULL,20,NULL,NA,NULL,NA,NA
NA,14,Fel Edged Battleaxe,Fel Edged Battleaxe,Epic,681.5986,658.0226,Amani'shi Axe,NA,1,https://tbc.wowhead.com/item=23542,NA,One Hand,Axe,83.4,2.2,NULL,NULL,NULL,14,21,NULL,NA,NULL,Red,NA
NA,15,Runic Hammer,Runic Hammer,Epic,659.884,NULL,Blacksmithing,Crafted,1,https://tbc.wowhead.com/item=23544,NA,One Hand,Mace,83.5,2.4,50,NULL,NULL,NULL,NULL,NULL,NA,NULL,NA,NA
NA,16,The Bladefist,The Bladefist,Epic,611.3448,NULL,Shattered Halls,Warchief Kargath Bladefist,1,https://tbc.wowhead.com/item=29348,NA,Main Hand,Fist,83.7,2.6,NULL,NULL,NULL,NULL,NULL,NULL,NA,NULL,NA,NA
NA,17,Warbringer,Warbringer,Epic,604.1424,592.3544,Thrallmar,Exalted,1,https://tbc.wowhead.com/item=29165,NA,One Hand,Axe,81.1,1.8,NULL,NULL,NULL,7,NULL,NULL,NA,NULL,NA,NA
NA,18,Firebrand Battleaxe,Firebrand Battleaxe,Rare,601.2768,NULL,Blood Furnace,Broggok,1,https://tbc.wowhead.com/item=27490,NA,One Hand,Axe,71.7,2.4,NULL,17,NULL,NULL,NULL,NULL,NA,14,NA,NA
NA,19,Demonblood Eviscerator,Demonblood Eviscerator,Rare,600.4868,NULL,Shattered Halls,Warchief Kargath Bladefist,1,https://tbc.wowhead.com/item=27533,NA,Main Hand,Fist,71.7,2.6,28,NULL,NULL,NULL,NULL,NULL,NA,17,NA,NA
NA,20,Claw of the Watcher,Claw of the Watcher,Rare,593.4344,NULL,Auchenai Crypts,Shirrak the Dead Watcher,1,https://tbc.wowhead.com/item=27846,NA,Main Hand,Fist,71.6,2.5,24,NULL,NULL,NULL,12,NULL,NA,NULL,Blue,Red
NA,21,Apexis Crystal Mace,Apexis Crystal Mace,Rare,588.9488,575.4768,Blacksmithing,Crafted,1,https://tbc.wowhead.com/item=32661,NA,One Hand,Mace,71.7,1.8,22,NULL,NULL,8,20,NULL,NA,NULL,NA,NA
NA,22,Reflex Blades,Reflex Blades,Rare,582.6408,555.6968,Arcatraz,Dalliah the Doomsayer,1,https://tbc.wowhead.com/item=28392,NA,Main Hand,Fist,71.7,2.7,32,NULL,NULL,16,NULL,NULL,NA,NULL,NA,NA
NA,23,High Warlord's Right Ripper,High Warlord's Right Ripper,Rare,582.5258,569.0538,NA,PvP,1,https://tbc.wowhead.com/item=28928,NA,Main Hand,Fist,71.7,2.6,26,NULL,NULL,8,13,NULL,NA,NULL,NA,NA
NA,24,Grand Marshal's Right Ripper,Grand Marshal's Right Ripper,Rare,582.5258,569.0538,NA,PvP,1,https://tbc.wowhead.com/item=28953,NA,Main Hand,Fist,71.7,2.6,26,NULL,NULL,8,13,NULL,NA,NULL,NA,NA
NA,25,High Warlord's Left Ripper,High Warlord's Left Ripper,Rare,582.5258,569.0538,NA,PvP,1,https://tbc.wowhead.com/item=28922,NA,Off Hand,Fist,71.7,1.8,26,NULL,NULL,8,13,NULL,NA,NULL,NA,NA
NA,26,Grand Marshal's Left Ripper,Grand Marshal's Left Ripper,Rare,582.5258,569.0538,NA,PvP,1,https://tbc.wowhead.com/item=28947,NA,Off Hand,Fist,71.7,1.8,26,NULL,NULL,8,13,NULL,NA,NULL,NA,NA
NA,27,High Warlord's Cleaver,High Warlord's Cleaver,Rare,582.5258,569.0538,NA,PvP,1,https://tbc.wowhead.com/item=28920,NA,One Hand,Axe,71.7,2.6,26,NULL,NULL,8,13,NULL,NA,NULL,NA,NA
NA,28,High Warlord's Hacker,High Warlord's Hacker,Rare,582.5258,569.0538,NA,PvP,1,https://tbc.wowhead.com/item=28921,NA,One Hand,Axe,71.7,1.8,26,NULL,NULL,8,13,NULL,NA,NULL,NA,NA
NA,29,High Warlord's Bonecracker,High Warlord's Bonecracker,Rare,582.5258,569.0538,NA,PvP,1,https://tbc.wowhead.com/item=28924,NA,One Hand,Mace,71.7,1.8,26,NULL,NULL,8,13,NULL,NA,NULL,NA,NA
NA,30,High Warlord's Pummeler,High Warlord's Pummeler,Rare,582.5258,569.0538,NA,PvP,1,https://tbc.wowhead.com/item=28925,NA,One Hand,Mace,71.7,2.6,26,NULL,NULL,8,13,NULL,NA,NULL,NA,NA
NA,31,Grand Marshal's Cleaver,Grand Marshal's Cleaver,Rare,582.5258,569.0538,NA,PvP,1,https://tbc.wowhead.com/item=28944,NA,One Hand,Axe,71.7,2.6,26,NULL,NULL,8,13,NULL,NA,NULL,NA,NA
NA,32,Grand Marshal's Hacker,Grand Marshal's Hacker,Rare,582.5258,569.0538,NA,PvP,1,https://tbc.wowhead.com/item=28946,NA,One Hand,Axe,71.7,1.8,26,NULL,NULL,8,13,NULL,NA,NULL,NA,NA
NA,33,Grand Marshal's Bonecracker,Grand Marshal's Bonecracker,Rare,582.5258,569.0538,NA,PvP,1,https://tbc.wowhead.com/item=28950,NA,One Hand,Mace,71.7,1.8,26,NULL,NULL,8,13,NULL,NA,NULL,NA,NA
NA,34,Grand Marshal's Pummeler,Grand Marshal's Pummeler,Rare,582.5258,569.0538,NA,PvP,1,https://tbc.wowhead.com/item=28951,NA,One Hand,Mace,71.7,2.6,26,NULL,NULL,8,13,NULL,NA,NULL,NA,NA
NA,35,The Harvester of Souls,The Harvester of Souls,Rare,581.2318,NULL,Auchenai Crypts,Exarch Maladaar,1,https://tbc.wowhead.com/item=27872,NA,One Hand,Axe,71.7,2.6,NULL,16,NULL,NULL,15,NULL,NA,NULL,NA,NA
NA,36,Bogreaver,Bogreaver,Rare,579.2292,NULL,Underbog,Swamplord Musel'ek,1,https://tbc.wowhead.com/item=27767,NA,One Hand,Axe,71.8,1.7,28,NULL,NULL,NULL,18,NULL,NA,NULL,NA,NA
NA,37,Terokk's Nightmace,Terokk's Nightmace,Rare,578.9572,NULL,Sethekk Halls,Talon King Ikiss,1,https://tbc.wowhead.com/item=27980,NA,One Hand,Mace,71.8,2,NULL,NULL,NULL,NULL,NULL,NULL,NA,19,NA,NA
NA,38,Bloodskull Destroyer,Bloodskull Destroyer,Rare,576.9658,NULL,Old Hillsbrad Foothills,Lieutenant Drake,1,https://tbc.wowhead.com/item=28210,NA,One Hand,Mace,71.7,2.6,22,NULL,NULL,NULL,21,NULL,NA,NULL,NA,NA
NA,39,Stormreaver Warblades,Stormreaver Warblades,Rare,576.2354,NULL,Botanica,High Botanist Freywinn,1,https://tbc.wowhead.com/item=28315,NA,Off Hand,Fist,71.6,1.6,22,NULL,NULL,NULL,21,NULL,NA,NULL,NA,NA
NA,40,Stellaris,Stellaris,Rare,575.3324,NULL,Mechanar,Nethermancer Sepethrea,1,https://tbc.wowhead.com/item=28263,NA,One Hand,Axe,71.6,1.9,22,NULL,21,NULL,NULL,NULL,NA,NULL,NA,NA
NA,41,Boggspine Knuckles,Boggspine Knuckles,Rare,573.9108,555.3868,Underbog,Hungarfen,1,https://tbc.wowhead.com/item=27747,NA,Off Hand,Fist,71.7,2.6,10,NULL,15,11,NULL,NULL,NA,NULL,NA,NA
NA,42,Claw of the Frost Wyrm,Claw of the Frost Wyrm,Epic,561.3828,544.5428,Naxxramas,Sapphiron,1,https://tbc.wowhead.com/item=23242,NA,Off Hand,Fist,71.7,1.5,NULL,NULL,NULL,10,14,NULL,NA,NULL,NA,NA
NA,43,Truncheon of Five Hells,Truncheon of Five Hells,Rare,547.2728,523.6968,Hellfire Ramparts,Omor the Unscarred,1,https://tbc.wowhead.com/item=27476,NA,One Hand,Mace,71.7,1.8,NULL,NULL,NULL,14,NULL,NULL,NA,NULL,NA,NA
NA,44,Blackout Truncheon,Blackout Truncheon,Rare,541.4488,NULL,Shadow Labyrinth,Grandmaster Vorpil,1,https://tbc.wowhead.com/item=27901,NA,One Hand,Mace,69.7,1.5,NULL,NULL,NULL,NULL,NULL,NULL,NA,NULL,Red,Yellow
NA,45,Hatchet of Sundered Bone,Hatchet of Sundered Bone,Epic,534.5276,NULL,Naxxramas,Noth the Plaguebringer,1,https://tbc.wowhead.com/item=22816,NA,One Hand,Axe,65.4,2.6,36,NULL,NULL,NULL,14,NULL,NA,NULL,NA,NA
