Fire Phase 1,...2,...3,...4,...5,Value Credit: Elitist Jerks Mage Guide + RAWR b16.1,...7,...8,...9,...10,...11,...12,...13,...14,...15,...16,...17,...18,...19,...20
NA,NA,Item,Item,NA,EPV,"If Hit 
Capped",Location,NA,Phase,NA,NA,Stats,NULL,NULL,NULL,NULL,NA,NA,NA
NA,NA,Head,NA,NA,NULL,NULL,NA,NA,NULL,NA,NA,SP,int,hit,crit,haste,Sockets,NA,NA
NA,1,Spellstrike Hood,Spellstrike Hood,Epic,152.284,128.284,Tailoring,Crafted,1,https://tbc.wowhead.com/item=24266,NA,46,12,16,24,NULL,Blue,Yellow,Red
NA,2,Uni-Mind Headdress,Uni-Mind Headdress,Epic,129.01,100.51,Karazhan,Netherspite,1,https://tbc.wowhead.com/item=28744,NA,46,40,19,25,NULL,NA,NA,NA
NA,3,Collar of the Aldor,Collar of the Aldor,Epic,124.222,NULL,Karazhan,Prince Malchezaar,1,https://tbc.wowhead.com/item=29076,NA,41,35,NULL,27,NULL,Meta,Blue,NA
NA,4,Evoker's Helmet of Second Sight,Evoker's Helmet of Second Sight,Rare,116.564,NULL,NA,"Teron Gorefiend, I am...",1,https://tbc.wowhead.com/item=31104,NA,35,15,NULL,24,NULL,Blue,Blue,Yellow
NA,5,Gnomish Power Goggles,Gnomish Power Goggles,Epic,109.008,NULL,Engineering,Crafted,1,https://tbc.wowhead.com/item=23828,NA,59,21,NULL,28,NULL,NA,NA,NA
NA,6,Wicked Witch's Hat,Wicked Witch's Hat,Epic,102.442,NULL,Karazhan,The Crone,1,https://tbc.wowhead.com/item=28586,NA,43,38,NULL,32,NULL,NA,NA,NA
NA,7,Collar of Cho'gall,Collar of Cho'gall,Epic,101.36,NULL,Gruul's Lair,Gruul the Dragonkiller,1,https://tbc.wowhead.com/item=28804,NA,68,36,NULL,NULL,NULL,NA,NA,NA
NA,8,Mana-Binders Cowl,Mana-Binders Cowl,Epic,101.22,NULL,Badge of Justice,G'eras,1,https://tbc.wowhead.com/item=32089,NA,34,29,NULL,15,NULL,Yellow,Meta,NA
NA,9,Mag'hari Ritualist's Horns,Mag'hari Ritualist's Horns,Rare,101.17,83.17,NA,NA,1,https://tbc.wowhead.com/item=28169,NA,50,16,12,15,NULL,NA,NA,NA
NA,10,Gladiator's Silk Cowl,Gladiator's Silk Cowl,Epic,100.268,NULL,Season 1,PvP,1,https://tbc.wowhead.com/item=25855,NA,37,15,NULL,18,NULL,Meta,Red,NA
NA,11,Incanter's Cowl,Incanter's Cowl,Rare,97.894,NULL,Mechanar,Pathaleon the Calculator,1,https://tbc.wowhead.com/item=28278,NA,29,27,NULL,19,NULL,Yellow,Meta,NA
NA,12,Elementalist Skullcap of Wrath,Elementalist Skullcap of Wrath,Uncommon,96.8,NULL,NA,World Drop,1,https://tbc.wowhead.com/item=24689,NA,80,NULL,NULL,NULL,NULL,NA,NA,NA
NA,13,Battlecast Hood,Battlecast Hood,Epic,95.91,NULL,Tailoring,Crafted,1,https://tbc.wowhead.com/item=24267,NA,43,28,NULL,NULL,NULL,Red,Blue,NA
NA,14,Hood of Oblivion,Hood of Oblivion,Rare,95.88,NULL,Archatraz,Harbinger Skyriss,1,https://tbc.wowhead.com/item=28415,NA,40,32,NULL,NULL,NULL,Blue,Meta,NA
NA,15,Demonfang Ritual Helm,Demonfang Ritual Helm,Rare,87.96,59.46,Underbog,The Black Stalker,1,https://tbc.wowhead.com/item=27781,NA,36,30,19,NULL,NULL,NA,NA,NA
NA,NA,Neck,NA,NA,NULL,NULL,NA,NA,NULL,NA,NA,SP,int,hit,crit,haste,Sockets,NA,NA
NA,1,Eye of the Night (GROUP BUFF),Eye of the Night (GROUP BUFF),Rare,89.736,65.736,Jewelcrafting,Crafted,1,https://tbc.wowhead.com/item=24116,NA,34,NULL,16,26,NULL,NA,NA,NA
NA,2,Chain of the Twilight Owl (GROUP BUFF),Chain of the Twilight Owl (GROUP BUFF),Rare,77.17968,NULL,Jewelcrafting,Crafted,1,https://tbc.wowhead.com/item=24121,NA,21,19,NULL,44.08,NULL,NA,NA,NA
NA,3,Adornment of Stolen Souls,Adornment of Stolen Souls,Epic,66.238,NULL,Karazhan,Prince Malchezaar,1,https://tbc.wowhead.com/item=28762,NA,28,20,NULL,23,NULL,NA,NA,NA
NA,4,Brooch of Unquenchable Fury,Brooch of Unquenchable Fury,Epic,65.09,42.59,Karazhan,Moroes,1,https://tbc.wowhead.com/item=28530,NA,26,21,15,NULL,NULL,NA,NA,NA
NA,5,Brooch of Heightened Potential,Brooch of Heightened Potential,Rare,60.784,47.284,Shadow Labyrinth,Blackheart the Inciter,1,https://tbc.wowhead.com/item=28134,NA,22,14,9,14,NULL,NA,NA,NA
NA,6,Hydra-fang Necklace,Hydra-fang Necklace,Rare,55.47,31.47,Underbog,Ghaz'an,1,https://tbc.wowhead.com/item=27758,NA,19,16,16,NULL,NULL,NA,NA,NA
NA,7,Natasha's Ember Necklace,Natasha's Ember Necklace,Rare,52.5,NULL,NA,The Hound-Master,1,https://tbc.wowhead.com/item=31692,NA,29,15,NULL,10,NULL,NA,NA,NA
NA,8,Torc of the Sethekk Prophet,Torc of the Sethekk Prophet,Rare,52.396,NULL,Terokkar Forest,Brother Against Brother,1,https://tbc.wowhead.com/item=29333,NA,19,18,NULL,21,NULL,NA,NA,NA
NA,9,Pendant of Dominance,Pendant of Dominance,Epic,52.34,NULL,NA,PvP,1,https://tbc.wowhead.com/item=28245,NA,26,12,NULL,NULL,NULL,Yellow,NA,NA
NA,10,Luminous Pearls of Insight,Luminous Pearls of Insight,Rare,48.606,NULL,The Underbog,Ghaz'an,1,https://tbc.wowhead.com/item=24462,NA,25,15,NULL,11,NULL,NA,NA,NA
NA,11,Amulet of Vek'nilash,Amulet of Vek'nilash,Epic,48.564,NULL,Classic,NA,0,https://tbc.wowhead.com/item=21608,NA,27,5,NULL,14,NULL,NA,NA,NA
NA,12,Gem of Trapped Innocents,Gem of Trapped Innocents,Epic,48.348,NULL,Naxxramas,Kel'Thuzad,1,https://tbc.wowhead.com/item=23057,NA,15,7,NULL,28,NULL,NA,NA,NA
NA,13,Warp Engineer's Prismatic Chain,Warp Engineer's Prismatic Chain,Rare,47.666,NULL,Mechanar,Mechano-Lord Capacitus,1,https://tbc.wowhead.com/item=28254,NA,19,18,NULL,16,NULL,NA,NA,NA
NA,14,Choker of the Arctic Flow,Choker of the Arctic Flow,Epic,45.54,NULL,NA,NA,1,https://tbc.wowhead.com/item=35508,NA,28,22,NULL,NULL,NULL,NA,NA,NA
NA,15,Amulet of Unstable Power,Amulet of Unstable Power,Rare,43.538,NULL,NA,World Drop,1,https://tbc.wowhead.com/item=31178,NA,18,NULL,NULL,23,NULL,NA,NA,NA
NA,NA,Shoulders,NA,NA,NULL,NULL,NA,NA,NULL,NA,NA,SP,int,hit,crit,haste,Sockets,NA,NA
NA,1,Pauldrons of the Aldor,Pauldrons of the Aldor,Epic,89.68,NULL,Gruul's Lair,High King Maulgar,1,https://tbc.wowhead.com/item=29079,NA,27,26,NULL,15,NULL,Yellow,Red,NA
NA,2,Gladiator's Silk Amice,Gladiator's Silk Amice,Epic,86.948,NULL,Season 1,PvP,1,https://tbc.wowhead.com/item=25854,NA,32,13,NULL,13,NULL,Blue,Yellow,NA
NA,3,Mana-Etched Spaulders,Mana-Etched Spaulders,Rare,77.386,NULL,Slave Pens,Quagmirran,1,https://tbc.wowhead.com/item=27796,NA,20,17,NULL,16,NULL,Yellow,Red,NA
NA,4,Grand Marshal's Silk Amice,Grand Marshal's Silk Amice,Rare,75.338,NULL,NA,PvP,1,https://tbc.wowhead.com/item=28714,NA,25,16,NULL,8,NULL,Blue,Yellow,NA
NA,5,High Warlord's Silk Amice,High Warlord's Silk Amice,Rare,75.338,NULL,NA,PvP,1,https://tbc.wowhead.com/item=28866,NA,25,16,NULL,8,NULL,Blue,Yellow,NA
NA,6,Evoker's Silk Amice,Evoker's Silk Amice,Rare,75.338,NULL,Quartermaster Urgronn,NA,1,https://tbc.wowhead.com/item=35343,NA,25,16,NULL,8,NULL,Blue,Yellow,NA
NA,7,Evoker's Silk Amice,Evoker's Silk Amice,Rare,75.338,NULL,Logistics Officer,NA,1,https://tbc.wowhead.com/item=35465,NA,25,16,NULL,8,NULL,Blue,Yellow,NA
NA,8,Spaulders of Oblivion,Spaulders of Oblivion,Rare,73.14,NULL,Shadow Labyrinth,Murmur,1,https://tbc.wowhead.com/item=27778,NA,29,17,NULL,NULL,NULL,Yellow,Blue,NA
NA,9,Spaulders of the Torn-heart,Spaulders of the Torn-heart,Rare,69.138,NULL,NA,The Cipher of Damnation - The Third Fragment Recovered,1,https://tbc.wowhead.com/item=30925,NA,40,7,NULL,18,NULL,NA,NA,NA
NA,10,Rime Covered Mantle,Rime Covered Mantle,Epic,66.794,NULL,Naxxramas,Gluth,1,https://tbc.wowhead.com/item=22983,NA,39,12,NULL,14,NULL,NA,NA,NA
NA,11,Mantle of Three Terrors,Mantle of Three Terrors,Rare,66.34,48.34,Black Morass,Chrono Lord Deja,1,https://tbc.wowhead.com/item=27994,NA,29,25,12,NULL,NULL,NA,NA,NA
NA,12,Incanter's Pauldrons,Incanter's Pauldrons,Rare,62.25,NULL,Steamvault,Warlord Kalithresh,1,https://tbc.wowhead.com/item=27738,NA,20,17,NULL,NULL,NULL,Yellow,Red,NA
NA,13,Mantle of the Mind Flayer,Mantle of the Mind Flayer,Epic,57.72,NULL,Karazhan,Shade of Aran,1,https://tbc.wowhead.com/item=28726,NA,35,29,NULL,NULL,NULL,NA,NA,NA
NA,14,Destroyers' Mantle,Destroyers' Mantle,Rare,57.224,NULL,NA,Natural Remedies,1,https://tbc.wowhead.com/item=28075,NA,35,12,NULL,9,NULL,NA,NA,NA
NA,15,Mindrage Pauldrons,Mindrage Pauldrons,Rare,49.09,NULL,Mana-Tombs,Pandemonius,1,https://tbc.wowhead.com/item=27816,NA,34,15,NULL,NULL,NULL,NA,NA,NA
NA,NA,Back,NA,NA,NULL,NULL,NA,NA,NULL,NA,NA,SP,int,hit,crit,haste,Sockets,NA,NA
NA,1,Ruby Drape of the Mysticant,Ruby Drape of the Mysticant,Epic,74.43,47.43,Karazhan,Prince Malchezaar,1,https://tbc.wowhead.com/item=28766,NA,30,21,18,NULL,NULL,NA,NA,NA
NA,2,Ancient Spellcloak of the Highborne,Ancient Spellcloak of the Highborne,Epic,69.484,NULL,Hellfire Peninsula,Doom Lord Kazzak,1,https://tbc.wowhead.com/item=30735,NA,36,15,NULL,19,NULL,NA,NA,NA
NA,3,Brute Cloak of the Ogre-Magi,Brute Cloak of the Ogre-Magi,Epic,66.238,NULL,Gruul's Lair,High King Maulgar,1,https://tbc.wowhead.com/item=28797,NA,28,20,NULL,23,NULL,NA,NA,NA
NA,4,Cloak of the Necropolis,Cloak of the Necropolis,Epic,62.534,50.534,Naxxramas,Sapphiron,1,https://tbc.wowhead.com/item=23050,NA,26,11,8,14,NULL,NA,NA,NA
NA,5,Illidari Cloak of Wrath,Illidari Cloak of Wrath,Rare,56.87,NULL,NA,World Drop,1,https://tbc.wowhead.com/item=31201,NA,47,NULL,NULL,NULL,NULL,NA,NA,NA
NA,6,Shawl of Shifting Probabilities,Shawl of Shifting Probabilities,Epic,54.702,NULL,Badge of Justice,G'eras,1,https://tbc.wowhead.com/item=29369,NA,21,16,NULL,22,NULL,NA,NA,NA
NA,7,Sethekk Oracle Cloak,Sethekk Oracle Cloak,Rare,54.16,36.16,Sethekk Halls,Talon King Ikiss,1,https://tbc.wowhead.com/item=27981,NA,22,18,12,NULL,NULL,NA,NA,NA
NA,8,Cloak of the Devoured,Cloak of the Devoured,Epic,53.6,41.6,Classic,NA,0,https://tbc.wowhead.com/item=22731,NA,30,10,8,NULL,NULL,NA,NA,NA
NA,9,Shadow-Cloak of Dalaran,Shadow-Cloak of Dalaran,Epic,53.1,NULL,Karazhan,Moroes,1,https://tbc.wowhead.com/item=28570,NA,36,18,NULL,NULL,NULL,NA,NA,NA
NA,10,Cloak of Entropy,Cloak of Entropy,Rare,51.08,36.08,NA,World Drop,1,https://tbc.wowhead.com/item=31140,NA,25,11,10,NULL,NULL,NA,NA,NA
NA,11,Ambusher's Cloak of Wrath,Ambusher's Cloak of Wrath,Uncommon,50.82,NULL,NA,World Drop,1,https://tbc.wowhead.com/item=25041,NA,42,NULL,NULL,NULL,NULL,NA,NA,NA
NA,12,Ogre Slayer's Cover,Ogre Slayer's Cover,Rare,48.876,NULL,Nagrand,Cho'war the Pillager,1,https://tbc.wowhead.com/item=25777,NA,20,18,NULL,16,NULL,NA,NA,NA
NA,13,Terokk's Wisdom,Terokk's Wisdom,Epic,48.41,NULL,Terokkar Forest,Terokk,1,https://tbc.wowhead.com/item=32541,NA,33,16,NULL,NULL,NULL,NA,NA,NA
NA,14,Cloak of the Black Void,Cloak of the Black Void,Rare,48.18,NULL,Tailoring,Crafted,1,https://tbc.wowhead.com/item=24252,NA,35,11,NULL,NULL,NULL,NA,NA,NA
NA,15,Baba's Cloak of Arcanistry,Baba's Cloak of Arcanistry,Rare,47.814,NULL,Mechanar,Pathaleon the Calculator,1,https://tbc.wowhead.com/item=28269,NA,22,15,NULL,14,NULL,NA,NA,NA
NA,NA,Chest,NA,NA,NULL,NULL,NA,NA,NULL,NA,NA,SP,int,hit,crit,haste,Sockets,NA,NA
NA,1,Spellfire Robe (Fire/Arcane),Spellfire Robe (Fire/Arcane),Epic,151.658,NULL,Tailoring,Crafted,1,https://tbc.wowhead.com/item=21848,NA,72,17,NULL,28,NULL,Yellow,Blue,NA
NA,2,Auchenai Anchorite's Robe,Auchenai Anchorite's Robe,Rare,124.66,90.16,Terokkar Forest,Everything Will Be Alright,1,https://tbc.wowhead.com/item=29341,NA,28,24,23,NULL,NULL,Yellow,Yellow,Red
NA,3,Vestments of the Aldor,Vestments of the Aldor,Epic,119.81,NULL,Magtheridon's Lair,Magtheridon,1,https://tbc.wowhead.com/item=29077,NA,49,32,NULL,NULL,NULL,Yellow,Blue,Blue
NA,4,Robe of the Crimson Order,Robe of the Crimson Order,Rare,117.69,72.69,NA,NA,1,https://tbc.wowhead.com/item=31297,NA,50,23,30,NULL,NULL,NA,NA,NA
NA,5,Gladiator's Silk Raiment,Gladiator's Silk Raiment,Epic,115.47,NULL,Season 1,PvP,1,https://tbc.wowhead.com/item=25856,NA,32,18,NULL,25,NULL,Red,Yellow,Yellow
NA,6,Warp Infused Drape,Warp Infused Drape,Rare,112.7,94.7,Botanica,Warp Splinter,1,https://tbc.wowhead.com/item=28342,NA,30,28,12,NULL,NULL,Red,Blue,Yellow
NA,7,Will of Edward the Odd,Will of Edward the Odd,Epic,108.41,NULL,NA,World Drop,1,https://tbc.wowhead.com/item=31340,NA,53,30,NULL,30,NULL,NA,NA,NA
NA,8,Mana-Etched Vestments,Mana-Etched Vestments,Rare,107.982,NULL,Old Hillsbrad Foothills,Epoch Hunter,1,https://tbc.wowhead.com/item=28191,NA,29,25,NULL,17,NULL,Red,Blue,Yellow
NA,9,Robe of Oblivion,Robe of Oblivion,Rare,102.56,NULL,Shadow Labyrinth,Murmur,1,https://tbc.wowhead.com/item=28232,NA,40,20,NULL,NULL,NULL,Red,Yellow,Blue
NA,10,Anchorite's Robes,Anchorite's Robes,Rare,98.79,NULL,Quartermaster Endarin,NA,1,https://tbc.wowhead.com/item=29129,NA,29,38,NULL,NULL,NULL,Yellow,Blue,Yellow
NA,11,Incanter's Robe,Incanter's Robe,Rare,97.878,NULL,Botanica,Warp Splinter,1,https://tbc.wowhead.com/item=28229,NA,29,22,NULL,8,NULL,Yellow,Yellow,Red
NA,12,Grand Marshal's Silk Raiment,Grand Marshal's Silk Raiment,Rare,95.422,NULL,NA,PvP,1,https://tbc.wowhead.com/item=28717,NA,23,15,NULL,17,NULL,Red,Yellow,Yellow
NA,13,High Warlord's Silk Raiment,High Warlord's Silk Raiment,Rare,95.422,NULL,NA,PvP,1,https://tbc.wowhead.com/item=28869,NA,23,15,NULL,17,NULL,Red,Yellow,Yellow
NA,14,Evoker's Silk Raiment,Evoker's Silk Raiment,Rare,95.422,NULL,NA,Alurmi,1,https://tbc.wowhead.com/item=35346,NA,23,15,NULL,17,NULL,Red,Yellow,Yellow
NA,15,Robes of the Augurer,Robes of the Augurer,Rare,86.98,NULL,The Underbog,The Black Stalker,1,https://tbc.wowhead.com/item=24481,NA,28,18,NULL,NULL,NULL,Red,Yellow,Blue
NA,NA,Wrist,NA,NA,NULL,NULL,NA,NA,NULL,NA,NA,SP,int,hit,crit,haste,Sockets,NA,NA
NA,1,Ravager's Cuffs of Wrath,Ravager's Cuffs of Wrath,Epic,71.39,NULL,Karazhan,Rokad the Ravager,1,https://tbc.wowhead.com/item=30684/ravagers-cuffs,NA,59,NULL,NULL,NULL,NULL,NA,NA,NA
NA,2,Ravager's Cuffs of the Invoker,Ravager's Cuffs of the Invoker,Epic,62.722,NULL,Karazhan,Rokad the Ravager,1,https://tbc.wowhead.com/item=30684/ravagers-cuffs,NA,25,22,NULL,22,NULL,NA,NA,NA
NA,3,General's Silk Cuffs,General's Silk Cuffs,Epic,59.082,NULL,Season 1,PvP,1,https://tbc.wowhead.com/item=28411,NA,20,17,NULL,12,NULL,Yellow,NA,NA
NA,4,Marshal's Silk Cuffs,Marshal's Silk Cuffs,Epic,59.082,NULL,NA,PvP,1,https://tbc.wowhead.com/item=29002,NA,20,17,NULL,12,NULL,Yellow,NA,NA
NA,5,Bracers of Havok,Bracers of Havok,Rare,57.18,NULL,Tailoring,Crafted,1,https://tbc.wowhead.com/item=24250,NA,30,12,NULL,NULL,NULL,Yellow,NA,NA
NA,6,Illidari Bindings of Wrath,Illidari Bindings of Wrath,Rare,56.87,NULL,Shadowmoon Valley,Ambassador Jerrikar,1,https://tbc.wowhead.com/item=31225/illidari-bindings,NA,47,NULL,NULL,NULL,NULL,NA,NA,NA
NA,7,Elementalist Bracelets of Wrath,Elementalist Bracelets of Wrath,Uncommon,54.45,NULL,NA,World Drop,1,https://tbc.wowhead.com/item=24692,NA,45,NULL,NULL,NULL,NULL,NA,NA,NA
NA,8,Crimson Bracers of Gloom,Crimson Bracers of Gloom,Rare,54.16,36.16,Hellfire Ramparts,Omor the Unscarred,1,https://tbc.wowhead.com/item=27462,NA,22,18,12,NULL,NULL,NA,NA,NA
NA,9,Bands of Nefarious Deeds,Bands of Nefarious Deeds,Epic,50.38,NULL,Karazhan,Maiden of Virtue,1,https://tbc.wowhead.com/item=28515,NA,32,22,NULL,NULL,NULL,NA,NA,NA
NA,10,General's Dreadweave Cuffs,General's Dreadweave Cuffs,Epic,48.56,NULL,Season 1,PvP,1,https://tbc.wowhead.com/item=28405,NA,22,14,NULL,NULL,NULL,Yellow,NA,NA
NA,11,Marshal's Dreadweave Cuffs,Marshal's Dreadweave Cuffs,Epic,48.56,NULL,NA,PvP,1,https://tbc.wowhead.com/item=28981,NA,22,14,NULL,NULL,NULL,Yellow,NA,NA
NA,12,Shattrath Wraps,Shattrath Wraps,Rare,47.88,NULL,NA,The Soul Devices,1,https://tbc.wowhead.com/item=28174,NA,21,15,NULL,NULL,NULL,Red,NA,NA
NA,13,Bands of Negation,Bands of Negation,Epic,46.75,NULL,Mana-Tombs,Nexus-Prince Shaffar,1,https://tbc.wowhead.com/item=29240,NA,29,22,NULL,NULL,NULL,NA,NA,NA
NA,14,The Soul Harvester's Bindings,The Soul Harvester's Bindings,Epic,44.484,NULL,Naxxramas,Gothik the Harvester,1,https://tbc.wowhead.com/item=23021,NA,21,11,NULL,14,NULL,NA,NA,NA
NA,15,Arcanium Signet Bands,Arcanium Signet Bands,Rare,44.25,NULL,Underbog,Hungarfen,1,https://tbc.wowhead.com/item=27746,NA,30,15,NULL,NULL,NULL,NA,NA,NA
NA,NA,Hands,NA,NA,NULL,NULL,NA,NA,NULL,NA,NA,SP,int,hit,crit,haste,Sockets,NA,NA
NA,1,Anger-Spark Gloves,Anger-Spark Gloves,Epic,118.99,88.99,Shadowmoon Valley,Doomwalker,1,https://tbc.wowhead.com/item=30725,NA,30,NULL,20,25,NULL,Red,Red,NA
NA,2,Spellfire Gloves (Fire/Arcane),Spellfire Gloves (Fire/Arcane),Epic,116.598,NULL,Tailoring,Crafted,1,https://tbc.wowhead.com/item=21847,NA,50,10,NULL,23,NULL,Yellow,Blue,NA
NA,3,Soul-Eater's Handwraps,Soul-Eater's Handwraps,Epic,105.186,NULL,Magtheridon's Lair,Magtheridon,1,https://tbc.wowhead.com/item=28780,NA,36,24,NULL,21,NULL,Yellow,Blue,NA
NA,4,Handwraps of Flowing Thought,Handwraps of Flowing Thought,Epic,104.05,83.05,Karazhan,Attumen the Huntsman,1,https://tbc.wowhead.com/item=28507,NA,35,22,14,NULL,NULL,Yellow,Blue,NA
NA,5,Gloves of the Aldor,Gloves of the Aldor,Epic,97.484,71.984,Karazhan,The Curator,1,https://tbc.wowhead.com/item=29080,NA,35,22,17,19,NULL,NA,NA,NA
NA,6,Manaspark Gloves,Manaspark Gloves,Rare,78.32,55.82,The Underbog,Hungarfen,1,https://tbc.wowhead.com/item=24450,NA,16,14,15,NULL,NULL,Red,Yellow,NA
NA,7,Mana-Etched Gloves,Mana-Etched Gloves,Rare,77.386,NULL,Hellfire Ramparts,Omor the Unscarred,1,https://tbc.wowhead.com/item=27465,NA,20,17,NULL,16,NULL,Red,Yellow,NA
NA,8,Gloves of the Deadwatcher,Gloves of the Deadwatcher,Rare,74.81,47.81,Auchenai Crypts,Shirrak the Dead Watcher,1,https://tbc.wowhead.com/item=27493,NA,29,24,18,NULL,NULL,NA,NA,NA
NA,9,Gloves of Pandemonium,Gloves of Pandemonium,Rare,74.012,59.012,NA,World Drop,1,https://tbc.wowhead.com/item=31149,NA,25,15,10,22,NULL,NA,NA,NA
NA,10,Hands of the Sun (Fire),Hands of the Sun (Fire),Rare,73.196,NULL,Underbog,Swamplord Musel'ek,1,https://tbc.wowhead.com/item=27764,NA,34,23,NULL,21,NULL,NA,NA,NA
NA,11,Gloves of Oblivion,Gloves of Oblivion,Rare,72.59,42.59,Shattered Halls,Warchief Kargath Bladefist,1,https://tbc.wowhead.com/item=27537,NA,26,21,20,NULL,NULL,NA,NA,NA
NA,12,Tempest's Touch,Tempest's Touch,Rare,72.31,NULL,NA,Return to Andormu,1,https://tbc.wowhead.com/item=29317,NA,27,20,NULL,NULL,NULL,Blue,Blue,NA
NA,13,Gladiator's Silk Handguards,Gladiator's Silk Handguards,Epic,66.006,NULL,Season 1,PvP,1,https://tbc.wowhead.com/item=25857,NA,32,14,NULL,21,NULL,NA,NA,NA
NA,14,Dark Storm Gauntlets,Dark Storm Gauntlets,Epic,64.72,52.72,Classic,NA,0,https://tbc.wowhead.com/item=21585,NA,37,15,8,NULL,NULL,NA,NA,NA
NA,15,Gloves of the High Magus,Gloves of the High Magus,Rare,61.812,NULL,NA,News of Victory,1,https://tbc.wowhead.com/item=30924,NA,26,18,NULL,22,NULL,NA,NA,NA
NA,NA,Waist,NA,NA,NULL,NULL,NA,NA,NULL,NA,NA,SP,int,hit,crit,haste,Sockets,NA,NA
NA,1,Spellfire Belt (Fire/Arcane),Spellfire Belt (Fire/Arcane),Epic,116.108,NULL,Tailoring,Crafted,1,https://tbc.wowhead.com/item=21846,NA,50,18,NULL,18,NULL,Yellow,Blue,NA
NA,2,Inferno Waist Cord (Fire),Inferno Waist Cord (Fire),Epic,103.634,NULL,Karazhan,Trash,1,https://tbc.wowhead.com/item=30673,NA,59,18,NULL,24,NULL,NA,NA,NA
NA,3,Girdle of Ruination,Girdle of Ruination,Epic,102.04,NULL,Tailoring,Crafted,1,https://tbc.wowhead.com/item=24256,NA,39,13,NULL,20,NULL,Red,Yellow,NA
NA,4,Lurker's Cord of the Wrath,Lurker's Cord of the Wrath,Epic,95.59,NULL,Karazhan,Hyakiss the Lurker,1,https://tbc.wowhead.com/item=30675/lurkers-cord,NA,79,NULL,NULL,NULL,NULL,NA,NA,NA
NA,5,Belt of Divine Inspiration,Belt of Divine Inspiration,Epic,94.85,NULL,Gruul's Lair,High King Maulgar,1,https://tbc.wowhead.com/item=28799,NA,43,26,NULL,NULL,NULL,Yellow,Blue,NA
NA,6,Glyph-Lined Sash,Glyph-Lined Sash,Rare,86.044,NULL,Mana-Tombs,Nexus-Prince Shaffar,1,https://tbc.wowhead.com/item=27843,NA,30,23,NULL,9,NULL,Yellow,Yellow,NA
NA,7,Lurker's Cord of Invoker,Lurker's Cord of Invoker,Epic,83.944,NULL,Karazhan,Hyakiss the Lurker,1,https://tbc.wowhead.com/item=30675/lurkers-cord,NA,34,29,NULL,29,NULL,NA,NA,NA
NA,8,Belt of Depravity,Belt of Depravity,Epic,80.95,55.45,Arcatraz,Harbinger Skyriss,1,https://tbc.wowhead.com/item=29241,NA,34,27,17,NULL,NULL,NA,NA,NA
NA,9,Malefic Girdle,Malefic Girdle,Epic,78.416,NULL,Karazhan,Terestian Illhoof,1,https://tbc.wowhead.com/item=28654,NA,37,26,NULL,21,NULL,NA,NA,NA
NA,10,A'dal's Gift,A'dal's Gift,Rare,74.256,NULL,NA,How to Break Into the Arcatraz,1,https://tbc.wowhead.com/item=31461,NA,34,25,NULL,21,NULL,NA,NA,NA
NA,11,Mindfire Waistband,Mindfire Waistband,Rare,72.276,NULL,Blood Furnace,Keli'dan the Breaker,1,https://tbc.wowhead.com/item=24395,NA,21,14,NULL,11,NULL,Yellow,Blue,NA
NA,12,Sash of Sealed Fate,Sash of Sealed Fate,Rare,72.058,NULL,NA,World Drop,1,https://tbc.wowhead.com/item=31283,NA,35,15,NULL,23,NULL,NA,NA,NA
NA,13,General's Silk Belt,General's Silk Belt,Epic,68.774,NULL,Season 1,PvP,1,https://tbc.wowhead.com/item=28409,NA,28,23,NULL,24,NULL,NA,NA,NA
NA,14,Marshal's Silk Belt,Marshal's Silk Belt,Epic,68.774,NULL,NA,PvP,1,https://tbc.wowhead.com/item=29001,NA,28,23,NULL,24,NULL,NA,NA,NA
NA,15,Unyielding Girdle,Unyielding Girdle,Epic,67.76,NULL,Tailoring,Crafted,1,https://tbc.wowhead.com/item=24255,NA,32,NULL,NULL,NULL,NULL,Blue,Yellow,NA
NA,NA,Ring,NA,NA,NULL,NULL,NA,NA,NULL,NA,NA,SP,int,hit,crit,haste,Sockets,NA,NA
NA,1,Band of Crimson Fury,Band of Crimson Fury,Epic,69.54,45.54,Magtheridon's Lair,The Fall of Magtheridon,1,https://tbc.wowhead.com/item=28793,NA,28,22,16,NULL,NULL,NA,NA,NA
NA,2,Ring of Recurrence,Ring of Recurrence,Epic,64.644,NULL,Karazhan,Chess Event,1,https://tbc.wowhead.com/item=28753,NA,32,15,NULL,19,NULL,NA,NA,NA
NA,3,Violet Signet of the Archmage,Violet Signet of the Archmage,Epic,63.362,NULL,Deadwind Pass,Eminence Among the Violet Eye,1,https://tbc.wowhead.com/item=29287,NA,29,23,NULL,17,NULL,NA,NA,NA
NA,4,Sparking Arcanite Ring,Sparking Arcanite Ring,Rare,62.284,47.284,Old Hillsbrad Foothills,Epoch Hunter,1,https://tbc.wowhead.com/item=28227,NA,22,14,10,14,NULL,NA,NA,NA
NA,5,Violet Signet,Violet Signet,Epic,61.622,NULL,Deadwind Pass,Distinguished Service,1,https://tbc.wowhead.com/item=29286,NA,28,22,NULL,17,NULL,NA,NA,NA
NA,6,Ring of the Fallen God,Ring of the Fallen God,Epic,59.95,47.95,Classic,NA,0,https://tbc.wowhead.com/item=21709,NA,37,6,8,NULL,NULL,NA,NA,NA
NA,7,Ring of the Eternal Flame (Fire),Ring of the Eternal Flame (Fire),Epic,59.684,NULL,Naxxramas,Zone Drop,1,https://tbc.wowhead.com/item=23237,NA,34,10,NULL,14,NULL,NA,NA,NA
NA,8,Ashyen's Gift,Ashyen's Gift,Epic,59.33,27.83,Cenarion Expedition,Exalted,1,https://tbc.wowhead.com/item=29172,NA,23,NULL,21,NULL,NULL,NA,NA,NA
NA,9,Violet Signet,Violet Signet,Epic,56.78,NULL,Deadwind Pass,Down the Violet Path,1,https://tbc.wowhead.com/item=29285,NA,26,21,NULL,15,NULL,NA,NA,NA
NA,10,Band of the Inevitable,Band of the Inevitable,Epic,55.56,43.56,Naxxramas,Noth the Plaguebringer,1,https://tbc.wowhead.com/item=23031,NA,36,NULL,8,NULL,NULL,NA,NA,NA
NA,11,Band of Dominion,Band of Dominion,Rare,53.746,NULL,NA,NA,1,https://tbc.wowhead.com/item=31290,NA,28,NULL,NULL,21,NULL,NA,NA,NA
NA,12,Manastorm Band,Manastorm Band,Rare,52.5,NULL,Netherstorm,Shutting Down Manaforge Ara,1,https://tbc.wowhead.com/item=30366,NA,29,15,NULL,10,NULL,NA,NA,NA
NA,13,Evoker's Mark of the Redemption,Evoker's Mark of the Redemption,Rare,52.5,NULL,Shadowmoon Valley,Dissension Amongst the Ranks...,1,https://tbc.wowhead.com/item=31075,NA,29,15,NULL,10,NULL,NA,NA,NA
NA,14,Seer's Signet,Seer's Signet,Epic,52.492,NULL,The Scryers,Exalted,1,https://tbc.wowhead.com/item=29126,NA,34,NULL,NULL,12,NULL,NA,NA,NA
NA,15,Seal of the Exorcist,Seal of the Exorcist,Epic,51.88,33.88,Spirit Shard,PvP,1,https://tbc.wowhead.com/item=28555,NA,28,NULL,12,NULL,NULL,NA,NA,NA
NA,NA,Legs,NA,NA,NULL,NULL,NA,NA,NULL,NA,NA,SP,int,hit,crit,haste,Sockets,NA,NA
NA,1,Leggings of the Seventh Circle,Leggings of the Seventh Circle,Epic,166.37,139.37,Hellfire Peninsula,Doom Lord Kazzak,1,https://tbc.wowhead.com/item=30734,NA,50,22,18,25,NULL,Red,Yellow,Yellow
NA,2,Spellstrike Pants,Spellstrike Pants,Epic,161.056,128.056,Tailoring,Crafted,1,https://tbc.wowhead.com/item=24262,NA,46,8,22,26,NULL,Blue,Yellow,Red
NA,3,Trial-Fire Trousers,Trial-Fire Trousers,Epic,124.05,NULL,Karazhan,The Big Bad Wolf,1,https://tbc.wowhead.com/item=28594,NA,49,40,NULL,NULL,NULL,Yellow,Yellow,Yellow
NA,4,Breeches of the Occultist,Breeches of the Occultist,Epic,120.538,NULL,Black Morass,Aeonus,1,https://tbc.wowhead.com/item=30531,NA,36,22,NULL,23,NULL,Blue,Yellow,Yellow
NA,5,Legwraps of the Aldor,Legwraps of the Aldor,Epic,116.49,80.49,Gruul's Lair,Gruul the Dragonkiller,1,https://tbc.wowhead.com/item=29078,NA,49,40,24,NULL,NULL,NA,NA,NA
NA,6,Aran's Sorcerous Slacks,Aran's Sorcerous Slacks,Rare,106.096,NULL,Old Hillsbrad Foothills,Lieutenant Drake,1,https://tbc.wowhead.com/item=28212,NA,23,28,NULL,21,NULL,Red,Yellow,Blue
NA,7,Kirin Tor Master's Trousers,Kirin Tor Master's Trousers,Epic,102.49,NULL,Shadow Labyrinth,Murmur,1,https://tbc.wowhead.com/item=30532,NA,36,29,NULL,NULL,NULL,Red,Yellow,Blue
NA,8,Battlecast Pants,Battlecast Pants,Epic,99.01,NULL,Tailoring,Crafted,1,https://tbc.wowhead.com/item=24263,NA,46,27,NULL,NULL,NULL,Red,Blue,NA
NA,9,Khadgar's Kilt of Abjuration,Khadgar's Kilt of Abjuration,Rare,98.78,NULL,Black Morass,Temporus,1,https://tbc.wowhead.com/item=28185,NA,36,22,NULL,NULL,NULL,Yellow,Blue,Blue
NA,10,Pantaloons of Flaming Wrath,Pantaloons of Flaming Wrath,Rare,94.502,NULL,Shattered Halls,Blood Guard Porung,1,https://tbc.wowhead.com/item=30709,NA,33,28,NULL,42,NULL,NA,NA,NA
NA,11,Devil-Stitched Leggings,Devil-Stitched Leggings,Rare,93.49,NULL,Botanica,Laj,1,https://tbc.wowhead.com/item=28338,NA,29,28,NULL,NULL,NULL,Red,Yellow,Blue
NA,12,Gladiator's Silk Trousers,Gladiator's Silk Trousers,Epic,90.558,NULL,Season 1,PvP,1,https://tbc.wowhead.com/item=25858,NA,42,25,NULL,28,NULL,NA,NA,NA
NA,13,Leggings of Polarity,Leggings of Polarity,Epic,87.148,NULL,Naxxramas,Thaddius,1,https://tbc.wowhead.com/item=23070,NA,44,14,NULL,28,NULL,NA,NA,NA
NA,14,Incanter's Trousers,Incanter's Trousers,Rare,83.748,NULL,Sethekk Halls,Talon King Ikiss,1,https://tbc.wowhead.com/item=27838,NA,42,30,NULL,18,NULL,NA,NA,NA
NA,15,Trousers of Oblivion,Trousers of Oblivion,Rare,82.68,64.68,Sethekk Halls,Talon King Ikiss,1,https://tbc.wowhead.com/item=27948,NA,39,33,12,NULL,NULL,NA,NA,NA
NA,NA,Feet,NA,NA,NULL,NULL,NA,NA,NULL,NA,NA,SP,int,hit,crit,haste,Sockets,NA,NA
NA,1,Glider's Foot-Wraps of Wrath,Glider's Foot-Wraps of Wrath,Epic,95.59,NULL,Karazhan,Shadikith the Glider,1,https://tbc.wowhead.com/item=30680/gliders-foot-wraps,NA,79,NULL,NULL,NULL,NULL,NA,NA,NA
NA,2,Boots of Foretelling,Boots of Foretelling,Epic,90.664,NULL,Karazhan,Maiden of Virtue,1,https://tbc.wowhead.com/item=28517,NA,26,23,NULL,19,NULL,Red,Yellow,NA
NA,3,Glider's Foot-Wraps of the Invoker,Glider's Foot-Wraps of the Invoker,Epic,83.944,NULL,Karazhan,Shadikith the Glider,1,https://tbc.wowhead.com/item=30680/gliders-foot-wraps,NA,34,29,NULL,29,NULL,NA,NA,NA
NA,4,Ruby Slippers,Ruby Slippers,Epic,81.72,57.72,Karazhan,The Crone,1,https://tbc.wowhead.com/item=28585,NA,35,29,16,NULL,NULL,NA,NA,NA
NA,5,Sigil-Laced Boots,Sigil-Laced Boots,Rare,78.862,NULL,Arcatraz,Harbinger Skyriss,1,https://tbc.wowhead.com/item=28406,NA,20,18,NULL,17,NULL,Red,Yellow,NA
NA,6,Shalassi Oracle's Sandals,Shalassi Oracle's Sandals,Rare,76.14,NULL,NA,Rescue Deirom!,1,https://tbc.wowhead.com/item=25970,NA,18,21,NULL,15,NULL,Red,Yellow,NA
NA,7,Shattrath Jumpers,Shattrath Jumpers,Rare,73.14,NULL,NA,Into the Heart of the Labyrinth,1,https://tbc.wowhead.com/item=28179,NA,29,17,NULL,NULL,NULL,Blue,Yellow,NA
NA,8,Extravagant Boots of Malice,Extravagant Boots of Malice,Rare,70.02,49.02,Mana-Tombs,Tavarok,1,https://tbc.wowhead.com/item=27821,NA,30,24,14,NULL,NULL,NA,NA,NA
NA,9,General's Silk Footguards,General's Silk Footguards,Epic,68.774,NULL,Season 1,PvP,1,https://tbc.wowhead.com/item=28410,NA,28,23,NULL,24,NULL,NA,NA,NA
NA,10,Marshal's Silk Footguards,Marshal's Silk Footguards,Epic,68.774,NULL,NA,PvP,1,https://tbc.wowhead.com/item=29003,NA,28,23,NULL,24,NULL,NA,NA,NA
NA,11,Shimmering Azure Boots,Shimmering Azure Boots,Uncommon,61.9,37.9,NA,Securing the Celestial Ridge,0,https://tbc.wowhead.com/item=29808,NA,23,19,16,NULL,NULL,NA,NA,NA
NA,12,Boots of the Nexus Warden,Boots of the Nexus Warden,Uncommon,61.42,34.42,NA,The Flesh Lies...,1,https://tbc.wowhead.com/item=30519,NA,21,17,18,NULL,NULL,NA,NA,NA
NA,13,Embroidered Spellpyre Boots,Embroidered Spellpyre Boots,Rare,60.74,NULL,Blood Furnace,Broggok,1,https://tbc.wowhead.com/item=27848,NA,41,21,NULL,NULL,NULL,NA,NA,NA
NA,14,Boots of Blasphemy,Boots of Blasphemy,Epic,58.93,NULL,Slave Pens,Quagmirran,1,https://tbc.wowhead.com/item=29242,NA,36,29,NULL,NULL,NULL,NA,NA,NA
NA,15,Ethereal Boots of the Skystrider,Ethereal Boots of the Skystrider,Rare,57.612,NULL,Mana-Tombs,Nexus-Prince Shaffar,1,https://tbc.wowhead.com/item=25957,NA,26,19,NULL,17,NULL,NA,NA,NA
NA,NA,Trinket,NA,NA,NULL,NULL,NA,NA,NULL,NA,NA,SP,int,hit,crit,haste,Sockets,NA,NA
NA,1,Mark of the Champion (undead/demon),Mark of the Champion (undead/demon),Epic,102.85,NULL,Naxxramas,The Fall of Kel'Thuzad,1,https://tbc.wowhead.com/item=23207,NA,85,NULL,NULL,NULL,NULL,NA,NA,NA
NA,2,Quagmirran's Eye,Quagmirran's Eye,Rare,89.97,NULL,Slave Pens,Quagmirran,1,https://tbc.wowhead.com/item=27683,NA,37,NULL,NULL,NULL,40,NA,NA,NA
NA,3,Eye of Magtheridon,Eye of Magtheridon,Epic,85.91,NULL,Magtheridon's Lair,Magtheridon,1,https://tbc.wowhead.com/item=28789,NA,71,NULL,NULL,NULL,NULL,NA,NA,NA
NA,4,Icon of the Silver Crescent,Icon of the Silver Crescent,Epic,83.49,NULL,Badge of Justice,G'eras,1,https://tbc.wowhead.com/item=29370,NA,69,NULL,NULL,NULL,NULL,NA,NA,NA
NA,5,Scryer's Bloodgem,Scryer's Bloodgem,Rare,78.25,30.25,The Scryers,Revered,1,https://tbc.wowhead.com/item=29132,NA,25,NULL,32,NULL,NULL,NA,NA,NA
NA,6,Shiffar's Nexus-Horn,Shiffar's Nexus-Horn,Rare,77.99,NULL,Arcatraz,Harbinger Skyriss,1,https://tbc.wowhead.com/item=28418,NA,41,NULL,NULL,30,NULL,NA,NA,NA
NA,7,Neltharion's Tear,Neltharion's Tear,Epic,77.24,53.24,Classic,NA,0,https://tbc.wowhead.com/item=19379,NA,44,NULL,16,NULL,NULL,NA,NA,NA
NA,8,The Restrained Essence of Sapphiron,The Restrained Essence of Sapphiron,Epic,75.02,NULL,Naxxramas,Sapphiron,0,https://tbc.wowhead.com/item=23046,NA,62,NULL,NULL,NULL,NULL,NA,NA,NA
NA,9,Arcanist's Stone,Arcanist's Stone,Rare,72.59,35.09,Old Hillsbrad Foothills,Epoch Hunter,1,https://tbc.wowhead.com/item=28223,NA,29,NULL,25,NULL,NULL,NA,NA,NA
NA,10,Starkiller's Bauble,Starkiller's Bauble,Uncommon,64.2043,25.2043,NA,The Horrors of Pollution,0,https://tbc.wowhead.com/item=30340,NA,20.83,NULL,26,NULL,NULL,NA,NA,NA
NA,11,Xi'ri's Gift,Xi'ri's Gift,Rare,60.522,NULL,The Sha'tar,Revered,1,https://tbc.wowhead.com/item=29179,NA,25,NULL,NULL,32,NULL,NA,NA,NA
NA,12,Ancient Crystal Talisman,Ancient Crystal Talisman,Uncommon,52.03,NULL,Seer Janidi,A Spirit Ally?,1,https://tbc.wowhead.com/item=25620,NA,43,NULL,NULL,NULL,NULL,NA,NA,NA
NA,13,Terokkar Tablet of Vim,Terokkar Tablet of Vim,Uncommon,49.94,16.94,Terokkar Forest,Torgos!,1,https://tbc.wowhead.com/item=25936,NA,14,NULL,22,NULL,NULL,NA,NA,NA
NA,14,Vengeance of the Illidari,Vengeance of the Illidari,Rare,48.796,NULL,NA,Cruel's Intentions,1,https://tbc.wowhead.com/item=28040,NA,20,NULL,NULL,26,NULL,NA,NA,NA
NA,15,Ancient Draenei Arcane Relic,Ancient Draenei Arcane Relic,Uncommon,44.066,NULL,NA,The Vengeful Harbinger,0,https://tbc.wowhead.com/item=31615,NA,20,NULL,NULL,21,NULL,NA,NA,NA
NA,NA,One Hand,NA,NA,NULL,NULL,NA,NA,NULL,NA,NA,SP,int,hit,crit,haste,Sockets,NA,NA
NA,1,Talon of the Tempest,Talon of the Tempest,Epic,300.554,287.054,Shadowmoon Valley,Doomwalker,1,https://tbc.wowhead.com/item=30723,NA,194,10,9,19,NULL,Yellow,Yellow,NA
NA,2,Bloodmaw Magus-Blade,Bloodmaw Magus-Blade,Epic,277.23,NULL,Gruul's Lair,Gruul the Dragonkiller,1,https://tbc.wowhead.com/item=28802,NA,203,15,NULL,25,NULL,NA,NA,NA
NA,3,Nathrezim Mindblade,Nathrezim Mindblade,Epic,276.928,NULL,Karazhan,Prince Malchezaar,1,https://tbc.wowhead.com/item=28770,NA,203,18,NULL,23,NULL,NA,NA,NA
NA,4,Gladiator's Spellblade,Gladiator's Spellblade,Epic,250.33,NULL,Season 1,PvP,1,https://tbc.wowhead.com/item=28297,NA,199,18,NULL,NULL,NULL,NA,NA,NA
NA,5,Illidari-Bane Mageblade (Demon),Illidari-Bane Mageblade (Demon),Rare,248.6,NULL,Shadowmoon Valley,Quenching the Blade,1,https://tbc.wowhead.com/item=30787,NA,185,11,NULL,20,NULL,NA,NA,NA
NA,6,Eternium Runed Blade,Eternium Runed Blade,Epic,233.216,NULL,Blacksmithing,Crafted,1,https://tbc.wowhead.com/item=23554,NA,168,19,NULL,21,NULL,NA,NA,NA
NA,7,Blade of Wizardry,Blade of Wizardry,Epic,226.742,NULL,NA,World Drop,1,https://tbc.wowhead.com/item=31336,NA,159,NULL,NULL,NULL,30.4,NA,NA,NA
NA,8,Stormcaller,Stormcaller,Epic,218.616,NULL,Quartermaster Urgronn,NA,1,https://tbc.wowhead.com/item=29155,NA,159,12,NULL,21,NULL,NA,NA,NA
NA,9,Blade of the Archmage,Blade of the Archmage,Epic,218.086,NULL,Logistics Officer,NA,1,https://tbc.wowhead.com/item=29153,NA,159,11,NULL,21,NULL,NA,NA,NA
NA,10,Greatsword of Horrid Dreams,Greatsword of Horrid Dreams,Rare,185.72,164.72,Shadow Labyrinth,Murmur,1,https://tbc.wowhead.com/item=27905,NA,130,14,14,NULL,NULL,NA,NA,NA
NA,11,Starlight Dagger,Starlight Dagger,Rare,178.36,154.36,Slave Pens,Mennu the Betrayer,1,https://tbc.wowhead.com/item=27543,NA,121,15,16,NULL,NULL,NA,NA,NA
NA,12,High Warlord's Spellblade,High Warlord's Spellblade,Rare,172.8,153.3,NA,PvP,1,https://tbc.wowhead.com/item=28931,NA,121,13,13,NULL,NULL,NA,NA,NA
NA,13,Grand Marshal's Spellblade,Grand Marshal's Spellblade,Rare,172.8,153.3,NA,PvP,1,https://tbc.wowhead.com/item=28957,NA,121,13,13,NULL,NULL,NA,NA,NA
NA,14,Runesong Dagger,Runesong Dagger,Rare,171.16,NULL,Shattered Halls,Warbringer O'mrogg,1,https://tbc.wowhead.com/item=27868,NA,121,11,NULL,20,NULL,NA,NA,NA
NA,15,The Willbreaker,The Willbreaker,Rare,169.912,NULL,Blood Furnace,Keli'dan the Breaker,1,https://tbc.wowhead.com/item=27512,NA,121,14,NULL,17,NULL,NA,NA,NA
NA,NA,Off Hand,NA,NA,NULL,NULL,NA,NA,NULL,NA,NA,SP,int,hit,crit,haste,Sockets,NA,NA
NA,1,Flametongue Seal (Fire),Flametongue Seal (Fire),Epic,75.372,NULL,Badge of Justice,G'eras,1,https://tbc.wowhead.com/item=29270,NA,49,NULL,NULL,17,NULL,NA,NA,NA
NA,2,Jewel of Infinite Possibilities,Jewel of Infinite Possibilities,Epic,68.87,37.37,Karazhan,Netherspite,1,https://tbc.wowhead.com/item=28734,NA,23,18,21,NULL,NULL,NA,NA,NA
NA,3,Lamp of Peaceful Radiance,Lamp of Peaceful Radiance,Rare,63.128,45.128,Arcatraz,Harbinger Skyriss,1,https://tbc.wowhead.com/item=28412,NA,21,14,12,13,NULL,NA,NA,NA
NA,4,Talisman of Nightbane,Talisman of Nightbane,Epic,60.032,NULL,Karazhan,Nightbane,1,https://tbc.wowhead.com/item=28603,NA,28,19,NULL,17,NULL,NA,NA,NA
NA,5,Khadgar's Knapsack,Khadgar's Knapsack,Epic,59.29,NULL,Badge of Justice,Weapons Vendor,1,https://tbc.wowhead.com/item=29273,NA,49,NULL,NULL,NULL,NULL,NA,NA,NA
NA,6,Karaborian Talisman,Karaborian Talisman,Epic,54.54,NULL,Magtheridon's Lair,Magtheridon,1,https://tbc.wowhead.com/item=28781,NA,35,23,NULL,NULL,NULL,NA,NA,NA
NA,7,Draenei Crystal Rod of Wrath,Draenei Crystal Rod of Wrath,Uncommon,54.45,NULL,NA,World Drop,1,https://tbc.wowhead.com/item=25099,NA,45,NULL,NULL,NULL,NULL,NA,NA,NA
NA,8,Star-Heart Lamp,Star-Heart Lamp,Rare,54.16,36.16,Black Morass,Temporus,1,https://tbc.wowhead.com/item=28187,NA,22,18,12,NULL,NULL,NA,NA,NA
NA,9,Karrog's Shard,Karrog's Shard,Rare,53.702,NULL,NA,NA,1,https://tbc.wowhead.com/item=32533,NA,35,NULL,NULL,12,NULL,NA,NA,NA
NA,10,Manual of the Nethermancer,Manual of the Nethermancer,Rare,51.334,NULL,Mechanar,Nethermancer Sepethrea,1,https://tbc.wowhead.com/item=28260,NA,21,15,NULL,19,NULL,NA,NA,NA
NA,11,Sapphiron's Left Eye,Sapphiron's Left Eye,Epic,48.944,NULL,Naxxramas,Sapphiron,1,https://tbc.wowhead.com/item=23049,NA,26,8,NULL,14,NULL,NA,NA,NA
NA,12,Crystal Orb of Enlightenment,Crystal Orb of Enlightenment,Epic,48.41,NULL,Jho'nass,NA,1,https://tbc.wowhead.com/item=32651,NA,33,16,NULL,NULL,NULL,NA,NA,NA
NA,13,The Saga of Terokk,The Saga of Terokk,Rare,46.07,NULL,NA,Terokk's Legacy,1,https://tbc.wowhead.com/item=29330,NA,28,23,NULL,NULL,NULL,NA,NA,NA
NA,14,Netherwing Sorceror's Charm,Netherwing Sorceror's Charm,Rare,43.92,NULL,NA,Ally of the Netherwing,1,https://tbc.wowhead.com/item=31494,NA,18,15,NULL,15,NULL,NA,NA,NA
NA,15,Imbued Draenethyst Crystal,Imbued Draenethyst Crystal,Uncommon,43.648,NULL,NA,Teleport This!,0,https://tbc.wowhead.com/item=31699,NA,25,11,NULL,8,NULL,NA,NA,NA
NA,NA,Two Hand,NA,NA,NULL,NULL,NA,NA,NULL,NA,NA,SP,int,hit,crit,haste,Sockets,NA,NA
NA,1,Gladiator's War Staff,Gladiator's War Staff,Epic,324.896,293.396,Season 1,PvP,1,https://tbc.wowhead.com/item=24557,NA,199,35,21,36,NULL,NA,NA,NA
NA,2,Staff of Infinite Mysteries,Staff of Infinite Mysteries,Epic,285.38,250.88,Karazhan,The Curator,1,https://tbc.wowhead.com/item=28633,NA,185,51,23,NULL,NULL,NA,NA,NA
NA,3,Terokk's Shadowstaff,Terokk's Shadowstaff,Epic,260.542,NULL,Sethekk Halls,Talon King Ikiss,1,https://tbc.wowhead.com/item=29355,NA,168,42,NULL,37,NULL,NA,NA,NA
NA,4,"Atiesh, Greatstaff of the Guardian","Atiesh, Greatstaff of the Guardian",Legendary,248.948,224.948,Classic,NA,0,https://tbc.wowhead.com/item=22589,NA,150,32,16,28,NULL,NA,NA,NA
NA,5,Auchenai Staff,Auchenai Staff,Rare,223.886,195.386,Quartermaster Endarin,NA,1,https://tbc.wowhead.com/item=29130,NA,121,46,19,26,NULL,NA,NA,NA
NA,6,High Warlord's War Staff,High Warlord's War Staff,Rare,220.69,190.69,NA,PvP,1,https://tbc.wowhead.com/item=28935,NA,121,30,20,30,NULL,NA,NA,NA
NA,7,Grand Marshal's War Staff,Grand Marshal's War Staff,Rare,220.69,190.69,NA,PvP,1,https://tbc.wowhead.com/item=28959,NA,121,30,20,30,NULL,NA,NA,NA
NA,8,Warpstaff of Arcanum,Warpstaff of Arcanum,Rare,215.146,191.146,Botanica,Warp Splinter,1,https://tbc.wowhead.com/item=28341,NA,121,38,16,26,NULL,NA,NA,NA
NA,9,The Bringer of Death,The Bringer of Death,Rare,202.572,NULL,NA,NA,1,https://tbc.wowhead.com/item=31308,NA,121,31,NULL,42,NULL,NA,NA,NA
NA,10,Grand Scepter of the Nexus-Kings,Grand Scepter of the Nexus-Kings,Rare,197.7,169.2,Mana-Tombs,Nexus-Prince Shaffar,1,https://tbc.wowhead.com/item=27842,NA,121,43,19,NULL,NULL,NA,NA,NA
NA,11,Flaming Quartz Staff,Flaming Quartz Staff,Rare,195.386,NULL,Apex Crystal,Crafted,1,https://tbc.wowhead.com/item=32662,NA,121,46,NULL,26,NULL,NA,NA,NA
NA,12,Soulseeker,Soulseeker,Epic,195.378,NULL,Naxxramas,Kel'Thuzad,0,https://tbc.wowhead.com/item=22799,NA,126,31,NULL,28,NULL,NA,NA,NA
NA,13,Bloodfire Greatstaff,Bloodfire Greatstaff,Rare,195.158,NULL,Black Morass,Aeonus,1,https://tbc.wowhead.com/item=28188,NA,121,42,NULL,28,NULL,NA,NA,NA
NA,14,Ameer's Impulse Taser,Ameer's Impulse Taser,Rare,189.982,164.482,NA,Nexus-King Salhadaar,1,https://tbc.wowhead.com/item=30011,NA,103,27,17,27,NULL,NA,NA,NA
NA,15,Brimstone Staff,Brimstone Staff,Epic,176.63,152.63,Naxxramas,Loatheb,1,https://tbc.wowhead.com/item=22800,NA,113,30,16,NULL,NULL,NA,NA,NA
NA,NA,Ranged,NA,NA,NULL,NULL,NA,NA,NULL,NA,NA,SP,int,hit,crit,haste,Sockets,NA,NA
NA,1,Tirisfal Wand of Ascendancy,Tirisfal Wand of Ascendancy,Epic,39.42,22.92,Karazhan,Shade of Aran,1,https://tbc.wowhead.com/item=28673,NA,15,9,11,NULL,NULL,NA,NA,NA
NA,2,Eredar Wand of Obliteration,Eredar Wand of Obliteration,Epic,38.434,NULL,Magtheridon's Lair,Magtheridon,1,https://tbc.wowhead.com/item=28783,NA,16,11,NULL,14,NULL,NA,NA,NA
NA,3,The Black Stalk,The Black Stalk,Epic,34.606,NULL,Underbog,The Black Stalker,1,https://tbc.wowhead.com/item=29350,NA,20,NULL,NULL,11,NULL,NA,NA,NA
NA,4,Nether Core's Control Rod,Nether Core's Control Rod,Rare,33.03,21.03,Arcatraz,Dalliah the Doomsayer,1,https://tbc.wowhead.com/item=28386,NA,13,10,8,NULL,NULL,NA,NA,NA
NA,5,Doomfinger,Doomfinger,Epic,32.604,NULL,Naxxramas,Kel'Thuzad,1,https://tbc.wowhead.com/item=22821,NA,16,NULL,NULL,14,NULL,NA,NA,NA
NA,6,Illidari Rod of Discipline,Illidari Rod of Discipline,Uncommon,30.25,NULL,NA,Subdue the Subduer,0,https://tbc.wowhead.com/item=32872,NA,13,NULL,NULL,NULL,NULL,Blue,NA,NA
NA,7,Flawless Wand of Wrath,Flawless Wand of Wrath,Uncommon,30.25,NULL,NA,World Drop,1,https://tbc.wowhead.com/item=25295,NA,25,NULL,NULL,NULL,NULL,NA,NA,NA
NA,8,Wand of Fates,Wand of Fates,Epic,30.23,18.23,Naxxramas,Patchwerk,1,https://tbc.wowhead.com/item=22820,NA,12,7,8,NULL,NULL,NA,NA,NA
NA,9,Voidfire Wand,Voidfire Wand,Rare,28.58,18.08,Mana-Tombs,Pandemonius,1,https://tbc.wowhead.com/item=25939,NA,11,9,7,NULL,NULL,NA,NA,NA
NA,10,Nesingwary Safari Stick,Nesingwary Safari Stick,Rare,28.292,NULL,NA,The Ultimate Bloodsport,1,https://tbc.wowhead.com/item=25640,NA,14,NULL,NULL,12,NULL,NA,NA,NA
NA,11,Nethekurse's Rod of Torment,Nethekurse's Rod of Torment,Rare,28.07,NULL,Hellfire Peninsula,Turning the Tide,1,https://tbc.wowhead.com/item=25806,NA,11,10,NULL,10,NULL,NA,NA,NA
NA,12,Rod of Dire Shadows,Rod of Dire Shadows,Rare,28.07,NULL,Hellfire Peninsula,The Will of the Warchief,1,https://tbc.wowhead.com/item=25808,NA,11,10,NULL,10,NULL,NA,NA,NA
NA,13,Wand of the Seer,Wand of the Seer,Rare,26.02,NULL,Terokkar Forest,Turning Point,1,https://tbc.wowhead.com/item=30859,NA,18,8,NULL,NULL,NULL,NA,NA,NA
NA,14,Nexus Torch,Nexus Torch,Rare,25.386,NULL,Shattered Halls,Warchief Kargath Bladefist,1,https://tbc.wowhead.com/item=27540,NA,8,10,NULL,11,NULL,NA,NA,NA
NA,15,Gladiator's Touch of Defeat,Gladiator's Touch of Defeat,Epic,22.77,NULL,Season 1,PvP,1,https://tbc.wowhead.com/item=28320,NA,14,11,NULL,NULL,NULL,NA,NA,NA
