Fury Phase 2,...2,...3,...4,...5,"Credit: Custom values, private server",...7,...8,...9,...10,...11,...12,...13,...14,...15,...16,...17,...18,...19,...20,...21,...22,...23,...24,...25
NA,NA,Item,NA,NA,EPV,"If Hit 
Capped",Location,NA,Phase,NA,NA,Stats,NULL,NULL,NULL,NULL,NULL,NULL,NULL,NULL,NULL,NULL,NULL,NA
NA,NA,Head,NA,NA,NULL,NULL,NA,NA,NULL,NA,NA,ap,str,agi,hit,crit,haste,arp,exp,socket,NULL,NULL,NULL,NA
NA,1,Destroyer Battle-Helm,Destroyer Battle-Helm,Epic,127.55,116,Serpentshrine Cavern,Lady Vashj,2,https://tbc.wowhead.com/item=30120,NA,NULL,47,NULL,21,36,NULL,NULL,NULL,Meta,Blue,NULL,NULL,NA
NA,2,Furious Gizmatic Goggles,Furious Gizmatic Goggles,Epic,125.51,118.36,Engineering,Crafted,2,https://tbc.wowhead.com/item=32461,NA,NULL,48,NULL,13,38,NULL,NULL,NULL,Meta,Blue,NULL,NULL,NA
NA,3,Surestrike Goggles v2.0,Surestrike Goggles v2.0,Epic,122.15,115,Engineering,Crafted,2,https://tbc.wowhead.com/item=32474,NA,96,NULL,NULL,13,38,NULL,NULL,NULL,Meta,Blue,NULL,NULL,NA
NA,4,Warbringer Battle-Helm,Warbringer Battle-Helm,Epic,112.66,104.96,Karazhan,Prince Malchezaar,1,https://tbc.wowhead.com/item=29021,NA,NULL,45,NULL,14,24,NULL,NULL,NULL,Meta,Yellow,NULL,NULL,NA
NA,5,Deathblow X11 Goggles,Deathblow X11 Goggles,Epic,111.77,105.72,Engineering,Crafted,2,https://tbc.wowhead.com/item=32478,NA,76,NULL,48,11,NULL,NULL,NULL,NULL,Meta,Blue,NULL,NULL,NA
NA,6,Mask of the Deceiver,Mask of the Deceiver,Epic,100.98,92.18,Badge of Justice,G'eras,1,https://tbc.wowhead.com/item=32087,NA,64,NULL,32,16,NULL,NULL,NULL,NULL,Yellow,Meta,NULL,NULL,NA
NA,7,Wastewalker Helm,Wastewalker Helm,Rare,98.06,88.16,Old Hillsbrad Foothills,Epoch Hunter,1,https://tbc.wowhead.com/item=28224,NA,56,NULL,NULL,18,22,NULL,NULL,NULL,Blue,Meta,NULL,NULL,NA
NA,8,Helm of the Claw,Helm of the Claw,Rare,96.53,88.83,Zangarmarsh,The Warlord's Hideout,1,https://tbc.wowhead.com/item=28182,NA,66,NULL,25,14,NULL,NULL,NULL,NULL,Yellow,Meta,NULL,NULL,NA
NA,9,Gladiator's Plate Helm,Gladiator's Plate Helm,Epic,96.42,NULL,Season 1,PvP,1,https://tbc.wowhead.com/item=24545,NA,NULL,30,NULL,NULL,28,NULL,NULL,NULL,Meta,Yellow,NULL,NULL,NA
NA,10,Helm of Assassination,Helm of Assassination,Rare,94.08,NULL,Arcatraz,Harbinger Skyriss,1,https://tbc.wowhead.com/item=28414,NA,66,NULL,NULL,NULL,25,NULL,NULL,NULL,Yellow,Meta,NULL,NULL,NA
NA,11,Destroyer Greathelm,Destroyer Greathelm,Epic,88.98,NULL,Serpentshrine Cavern,Lady Vashj,2,https://tbc.wowhead.com/item=30115,NA,NULL,28,28,NULL,NULL,NULL,NULL,NULL,Meta,Red,NULL,NULL,NA
NA,12,Cowl of Beastly Rage,Cowl of Beastly Rage,Epic,88.6,NULL,Badge of Justice,G'eras,1,https://tbc.wowhead.com/item=32088,NA,NULL,29,26,NULL,NULL,NULL,NULL,NULL,Yellow,Meta,NULL,NULL,NA
NA,13,Fel-Steel Warhelm,Fel-Steel Warhelm,Epic,87.14,70.64,Tempest Keep,Void Reaver,2,https://tbc.wowhead.com/item=29983,NA,NULL,46,NULL,30,44,NULL,NULL,NULL,NULL,NULL,NULL,NULL,NA
NA,14,Grand Marshal's Plate Helm,Grand Marshal's Plate Helm,Rare,85.46,NULL,NA,PvP,0,https://tbc.wowhead.com/item=28701,NA,NULL,20,NULL,NULL,24,NULL,NULL,NULL,Meta,Yellow,NULL,NULL,NA
NA,15,High Warlord's Plate Helm,High Warlord's Plate Helm,Rare,85.46,NULL,NA,PvP,0,https://tbc.wowhead.com/item=28853,NA,NULL,20,NULL,NULL,24,NULL,NULL,NULL,Meta,Yellow,NULL,NULL,NA
NA,NA,Neck,NA,NA,NULL,NULL,NA,NA,NULL,NA,NA,ap,str,agi,hit,crit,haste,arp,exp,socket,NULL,NULL,NULL,NA
NA,1,Braided Eternium Chain (GROUP BUFF),Braided Eternium Chain (GROUP BUFF),Rare,47.87,36.32,Jewelcrafting,Crafted,1,https://tbc.wowhead.com/item=24114,NA,40,NULL,NULL,21,28,NULL,NULL,NULL,NULL,NULL,NULL,NULL,NA
NA,2,Pendant of the Perilous,Pendant of the Perilous,Epic,43.13,NULL,Serpentshrine Cavern,Trash,2,https://tbc.wowhead.com/item=30022,NA,NULL,32,NULL,NULL,23,NULL,NULL,NULL,NULL,NULL,NULL,NULL,NA
NA,3,Choker of Animalistic Fury,Choker of Animalistic Fury,Epic,40.89,NULL,Serpentshrine Cavern,The Lurker Below,2,https://tbc.wowhead.com/item=30059,NA,64,NULL,NULL,NULL,23,NULL,NULL,NULL,NULL,NULL,NULL,NULL,NA
NA,4,Telonicus's Pendant of Mayhem,Telonicus's Pendant of Mayhem,Epic,40.51,NULL,Tempest Keep,Kael'thas and the Verdant Sphere,2,https://tbc.wowhead.com/item=30017,NA,70,NULL,27,NULL,NULL,NULL,NULL,NULL,NULL,NULL,NULL,NULL,NA
NA,5,Choker of Vile Intent,Choker of Vile Intent,Epic,36.41,26.51,Badge of Justice,G'eras,1,https://tbc.wowhead.com/item=29381,NA,42,NULL,20,18,NULL,NULL,NULL,NULL,NULL,NULL,NULL,NULL,NA
NA,6,Worgen Claw Necklace,Worgen Claw Necklace,Epic,35.86,26.51,Karazhan,Attumen the Huntsman,1,https://tbc.wowhead.com/item=28509,NA,42,NULL,20,17,NULL,NULL,NULL,NULL,NULL,NULL,NULL,NULL,NA
NA,7,Adamantine Chain of the Unbroken,Adamantine Chain of the Unbroken,Epic,35.77,NULL,Slave Pens,Quagmirran,1,https://tbc.wowhead.com/item=29349,NA,34,NULL,NULL,NULL,30,NULL,NULL,NULL,NULL,NULL,NULL,NULL,NA
NA,8,Natasha's Choker,Natasha's Choker,Rare,35.1,29.6,Blade's Edge Mountains,The Hound-Master,1,https://tbc.wowhead.com/item=31695,NA,50,NULL,NULL,10,15,NULL,NULL,NULL,NULL,NULL,NULL,NULL,NA
NA,9,Haramad's Bargain,Haramad's Bargain,Epic,34.78,NULL,The Consortium,Exalted,1,https://tbc.wowhead.com/item=29119,NA,NULL,26,25,NULL,NULL,NULL,NULL,NULL,NULL,NULL,NULL,NULL,NA
NA,10,Mithril Chain of Heroism,Mithril Chain of Heroism,Epic,34.6,NULL,Karazhan,Chess Event,1,https://tbc.wowhead.com/item=28745,NA,NULL,28,22,NULL,NULL,NULL,NULL,NULL,NULL,NULL,NULL,NULL,NA
NA,11,Traitor's Noose,Traitor's Noose,Rare,34.31,27.71,Slave Pens,Mennu the Betrayer,1,https://tbc.wowhead.com/item=27546,NA,38,NULL,NULL,12,18,NULL,NULL,NULL,NULL,NULL,NULL,NULL,NA
NA,12,Necklace of Trophies,Necklace of Trophies,Rare,33.56,25.86,NA,World Drop,1,https://tbc.wowhead.com/item=31275,NA,NULL,22,15,14,NULL,NULL,NULL,NULL,NULL,NULL,NULL,NULL,NA
NA,13,Blood Guard's Necklace of Ferocity,Blood Guard's Necklace of Ferocity,Rare,32.6,NULL,Shattered Halls,Blood Guard Porung,1,https://tbc.wowhead.com/item=30710,NA,54,NULL,NULL,NULL,17,NULL,NULL,NULL,NULL,NULL,NULL,NULL,NA
NA,14,Stormrage's Talisman of Seething,Stormrage's Talisman of Seething,Epic,31.35,NULL,Naxxramas,Kel'Thuzad,1,https://tbc.wowhead.com/item=23053,NA,26,NULL,NULL,NULL,28,NULL,NULL,NULL,NULL,NULL,NULL,NULL,NA
NA,15,Bone Chain Necklace,Bone Chain Necklace,Rare,30.95,23.8,Underbog,The Black Stalker,1,https://tbc.wowhead.com/item=27779,NA,36,NULL,19,13,NULL,NULL,NULL,NULL,NULL,NULL,NULL,NULL,NA
NA,NA,Shoulders,NA,NA,NULL,NULL,NA,NA,NULL,NA,NA,ap,str,agi,hit,crit,haste,arp,exp,socket,NULL,NULL,NULL,NA
NA,1,Shoulderpads of the Stranger,Shoulderpads of the Stranger,Epic,72.88,NULL,Serpentshrine Cavern,Hydross the Unstable,2,https://tbc.wowhead.com/item=30055,NA,60,NULL,33,NULL,16,NULL,NULL,10,Red,NULL,NULL,NULL,NA
NA,2,Ripfiend Shoulderplates,Ripfiend Shoulderplates,Epic,70.75,63.6,Hellfire Peninsula,Doom Lord Kazzak,1,https://tbc.wowhead.com/item=30740,NA,NULL,39,NULL,13,22,NULL,NULL,NULL,Yellow,Yellow,NULL,NULL,NA
NA,3,Destroyer Shoulderblades,Destroyer Shoulderblades,Epic,69.58,59.68,Tempest Keep,Void Reaver,2,https://tbc.wowhead.com/item=30122,NA,NULL,36,NULL,18,20,NULL,NULL,NULL,Yellow,Blue,NULL,NULL,NA
NA,4,Pauldrons of the Wardancer,Pauldrons of the Wardancer,Epic,68.35,NULL,Serpentshrine Cavern,Hydross the Unstable,2,https://tbc.wowhead.com/item=30053,NA,NULL,38,NULL,NULL,29,NULL,NULL,NULL,Red,Blue,NULL,NULL,NA
NA,5,Mantle of the Tireless Tracker,Mantle of the Tireless Tracker,Epic,61.55,NULL,Serpentshrine Cavern,Morogrim Tidewalker,2,https://tbc.wowhead.com/item=30085,NA,64,NULL,22,NULL,33,NULL,NULL,NULL,NULL,NULL,NULL,NULL,NA
NA,6,Warbringer Shoulderplates,Warbringer Shoulderplates,Epic,60.67,53.52,Gruul's Lair,High King Maulgar,1,https://tbc.wowhead.com/item=29023,NA,NULL,32,22,13,NULL,NULL,NULL,NULL,Yellow,Blue,NULL,NULL,NA
NA,7,Bladed Shoulderpads of the Merciless,Bladed Shoulderpads of the Merciless,Epic,60.13,52.98,Karazhan,Chess Event,1,https://tbc.wowhead.com/item=28755,NA,58,NULL,NULL,13,21,NULL,NULL,NULL,Yellow,Yellow,NULL,NULL,NA
NA,8,Ragesteel Shoulders,Ragesteel Shoulders,Rare,59.14,54.19,Blacksmithing,Crafted,1,https://tbc.wowhead.com/item=33173,NA,NULL,32,NULL,9,17,NULL,NULL,NULL,Yellow,Yellow,NULL,NULL,NA
NA,9,Mantle of Perenolde,Mantle of Perenolde,Rare,53.72,41.07,Old Hillsbrad Foothills,Epoch Hunter,1,https://tbc.wowhead.com/item=27434,NA,20,NULL,NULL,23,23,NULL,NULL,NULL,Red,Red,NULL,NULL,NA
NA,10,Wastewalker Shoulderpads,Wastewalker Shoulderpads,Rare,51.17,42.37,Auchenai Crypts,Avatar of the Martyred,1,https://tbc.wowhead.com/item=27797,NA,34,NULL,25,16,NULL,NULL,NULL,NULL,Red,Blue,NULL,NULL,NA
NA,11,Gladiator's Plate Shoulders,Gladiator's Plate Shoulders,Epic,51.13,NULL,Season 1,PvP,1,https://tbc.wowhead.com/item=24546,NA,NULL,22,NULL,NULL,23,NULL,NULL,NULL,Red,Yellow,NULL,NULL,NA
NA,12,Shalassi Sentry's Epaulets,Shalassi Sentry's Epaulets,Rare,47.66,39.41,NA,Rescue Deirom!,1,https://tbc.wowhead.com/item=25968,NA,42,NULL,15,15,NULL,NULL,NULL,NULL,Red,Yellow,NULL,NULL,NA
NA,13,Doomplate Shoulderguards,Doomplate Shoulderguards,Rare,46.42,NULL,Underbog,The Black Stalker,1,https://tbc.wowhead.com/item=27771,NA,NULL,19,NULL,NULL,20,NULL,NULL,NULL,Red,Red,NULL,NULL,NA
NA,14,Expedition Scout's Epaulets,Expedition Scout's Epaulets,Rare,45.45,32.25,NA,Fel Embers,1,https://tbc.wowhead.com/item=25790,NA,50,NULL,25,24,NULL,NULL,NULL,NULL,NULL,NULL,NULL,NULL,NA
NA,15,Shoulderpads of Assassination,Shoulderpads of Assassination,Rare,45.21,NULL,Sethekk Halls,Talon King Ikiss,1,https://tbc.wowhead.com/item=27776,NA,42,NULL,25,NULL,NULL,NULL,NULL,NULL,Yellow,Yellow,NULL,NULL,NA
NA,NA,Back,NA,NA,NULL,NULL,NA,NA,NULL,NA,NA,ap,str,agi,hit,crit,haste,arp,exp,socket,NULL,NULL,NULL,NA
NA,1,Black-Iron Battlecloak,Black-Iron Battlecloak,Epic,45,NULL,Shadowmoon Valley,Doomwalker,1,https://tbc.wowhead.com/item=30729,NA,60,NULL,NULL,NULL,30,NULL,NULL,NULL,NULL,NULL,NULL,NULL,NA
NA,2,Vengeance Wrap,Vengeance Wrap,Epic,44.53,NULL,Tailoring,Crafted,1,https://tbc.wowhead.com/item=24259,NA,52,NULL,NULL,NULL,23,NULL,NULL,NULL,Red,NULL,NULL,NULL,NA
NA,3,Thalassian Wildercloak,Thalassian Wildercloak,Epic,40.38,NULL,Tempest Keep,Kael'thas Sunstrider,2,https://tbc.wowhead.com/item=29994,NA,68,NULL,28,NULL,NULL,NULL,NULL,NULL,NULL,NULL,NULL,NULL,NA
NA,4,Razor-Scale Battlecloak,Razor-Scale Battlecloak,Epic,39.08,NULL,Serpentshrine Cavern,Morogrim Tidewalker,2,https://tbc.wowhead.com/item=30098,NA,NULL,33,23,NULL,NULL,NULL,NULL,NULL,NULL,NULL,NULL,NULL,NA
NA,5,Cloak of the Pit Stalker,Cloak of the Pit Stalker,Epic,38.84,NULL,Magtheridon's Lair,Magtheridon,1,https://tbc.wowhead.com/item=28777,NA,56,NULL,NULL,NULL,24,NULL,NULL,NULL,NULL,NULL,NULL,NULL,NA
NA,6,Drape of the Dark Reavers,Drape of the Dark Reavers,Epic,35.34,25.99,Karazhan,Shade of Aran,1,https://tbc.wowhead.com/item=28672,NA,34,NULL,24,17,NULL,NULL,NULL,NULL,NULL,NULL,NULL,NULL,NA
NA,7,Cloak of the Inciter,Cloak of the Inciter,Rare,33.67,24.87,Shadow Labyrinth,Blackheart the Inciter,1,https://tbc.wowhead.com/item=27892,NA,30,NULL,NULL,16,18,NULL,NULL,NULL,NULL,NULL,NULL,NULL,NA
NA,8,Netherfury Cape,Netherfury Cape,Rare,31.41,NULL,Botanica,Warp Splinter,1,https://tbc.wowhead.com/item=28371,NA,NULL,19,NULL,NULL,21,NULL,NULL,NULL,NULL,NULL,NULL,NULL,NA
NA,9,Auchenai Death Shroud,Auchenai Death Shroud,Rare,30.83,21.48,Auchenai Crypts,Avatar of the Martyred,1,https://tbc.wowhead.com/item=27878,NA,36,NULL,15,17,NULL,NULL,NULL,NULL,NULL,NULL,NULL,NULL,NA
NA,10,Blood Knight War Cloak,Blood Knight War Cloak,Epic,30.38,NULL,Badge of Justice,G'eras,1,https://tbc.wowhead.com/item=29382,NA,48,NULL,23,NULL,NULL,NULL,NULL,NULL,NULL,NULL,NULL,NULL,NA
NA,11,Terokk's Might,Terokk's Might,Epic,29.16,NULL,Terokkar Forest,Terokk,1,https://tbc.wowhead.com/item=32540,NA,56,NULL,16,NULL,NULL,NULL,NULL,NULL,NULL,NULL,NULL,NULL,NA
NA,12,Royal Cloak of Arathi Kings,Royal Cloak of Arathi Kings,Epic,29.08,20.28,Karazhan,Moroes,1,https://tbc.wowhead.com/item=28529,NA,NULL,26,NULL,16,NULL,NULL,NULL,NULL,NULL,NULL,NULL,NULL,NA
NA,13,Shroud of Frenzy,Shroud of Frenzy,Rare,29.02,NULL,NA,World Drop,1,https://tbc.wowhead.com/item=31143,NA,NULL,21,NULL,NULL,16,NULL,NULL,NULL,NULL,NULL,NULL,NULL,NA
NA,14,Cloak of the Craft,Cloak of the Craft,Rare,28.75,21.6,NA,World Drop,1,https://tbc.wowhead.com/item=31255,NA,20,NULL,25,13,NULL,NULL,NULL,NULL,NULL,NULL,NULL,NULL,NA
NA,15,Sergeant's Heavy Cloak,Sergeant's Heavy Cloak,Epic,28.5,NULL,NA,PvP,1,https://tbc.wowhead.com/item=28377,NA,38,NULL,NULL,NULL,19,NULL,NULL,NULL,NULL,NULL,NULL,NULL,NA
NA,NA,Chest,NA,NA,NULL,NULL,NA,NA,NULL,NA,NA,ap,str,agi,hit,crit,haste,arp,exp,socket,NULL,NULL,NULL,NA
NA,1,Bloodsea Brigand's Vest,Bloodsea Brigand's Vest,Epic,99.65,84.8,Serpentshrine Cavern,Fathom-Lord Karathress,2,https://tbc.wowhead.com/item=30101,NA,92,NULL,NULL,27,36,NULL,NULL,NULL,Yellow,Yellow,Blue,NULL,NA
NA,2,Destroyer Breastplate,Destroyer Breastplate,Epic,97.02,88.77,Tempest Keep,Kael'thas Sunstrider,2,https://tbc.wowhead.com/item=30118,NA,NULL,50,NULL,15,33,NULL,NULL,NULL,Yellow,Blue,Red,NULL,NA
NA,3,Bulwark of Kings,Bulwark of Kings,Epic,92.88,80.23,Blacksmithing,Crafted,1,https://tbc.wowhead.com/item=28484,NA,NULL,35,NULL,23,37,NULL,NULL,NULL,Blue,Yellow,Yellow,NULL,NA
NA,4,Terrorweave Tunic,Terrorweave Tunic,Epic,89.08,77.53,Shadowmoon Valley,Doomwalker,1,https://tbc.wowhead.com/item=30730,NA,96,NULL,NULL,21,25,NULL,NULL,NULL,Red,Yellow,Yellow,NULL,NA
NA,5,Krakken-Heart Breastplate,Krakken-Heart Breastplate,Epic,89.02,72.52,Serpentshrine Cavern,Lady Vashj,2,https://tbc.wowhead.com/item=30102,NA,NULL,61,43,30,NULL,NULL,NULL,NULL,NULL,NULL,NULL,NULL,NA
NA,6,Ranger-General's Chestguard,Ranger-General's Chestguard,Epic,86.88,NULL,Serpentshrine Cavern,Hydross the Unstable,2,https://tbc.wowhead.com/item=30054,NA,88,NULL,36,NULL,14,NULL,NULL,NULL,Blue,Red,Yellow,NULL,NA
NA,7,Breastplate of Kings,Breastplate of Kings,Epic,83.37,72.37,Blacksmithing,Crafted,1,https://tbc.wowhead.com/item=28483,NA,NULL,31,NULL,20,31,NULL,NULL,NULL,Blue,Yellow,Yellow,NULL,NA
NA,8,Warbringer Breastplate,Warbringer Breastplate,Epic,78.56,NULL,Magtheridon's Lair,Magtheridon,1,https://tbc.wowhead.com/item=29019,NA,NULL,44,NULL,NULL,26,NULL,NULL,NULL,Yellow,Blue,Blue,NULL,NA
NA,9,Ebon Netherscale Breastplate,Ebon Netherscale Breastplate,Epic,76.59,NULL,Leatherworking,Crafted,1,https://tbc.wowhead.com/item=29515,NA,80,NULL,NULL,NULL,31,NULL,NULL,NULL,Blue,Yellow,Blue,NULL,NA
NA,10,Twisting Nether Chain Shirt,Twisting Nether Chain Shirt,Epic,73.91,NULL,Blacksmithing,Crafted,1,https://tbc.wowhead.com/item=23564,NA,68,NULL,NULL,NULL,33,NULL,NULL,NULL,Red,Yellow,Blue,NULL,NA
NA,11,Gladiator's Plate Chestpiece,Gladiator's Plate Chestpiece,Epic,71.94,65.34,Season 1,PvP,1,https://tbc.wowhead.com/item=24544,NA,NULL,23,NULL,12,30,NULL,NULL,NULL,Red,Red,Yellow,NULL,NA
NA,12,Destroyer Chestguard,Destroyer Chestguard,Epic,71.48,58.28,Tempest Keep,Kael'thas Sunstrider,2,https://tbc.wowhead.com/item=30113,NA,NULL,25,26,24,NULL,NULL,NULL,NULL,Blue,Yellow,Red,NULL,NA
NA,13,Primalstrike Vest,Primalstrike Vest,Epic,66.98,60.38,Leatherworking,Crafted,1,https://tbc.wowhead.com/item=29525,NA,108,NULL,38,12,NULL,NULL,NULL,NULL,NULL,NULL,NULL,NULL,NA
NA,14,Chestguard of the Conniver,Chestguard of the Conniver,Epic,65.51,53.41,Karazhan,Nightbane,1,https://tbc.wowhead.com/item=28601,NA,90,NULL,37,22,NULL,NULL,NULL,NULL,NULL,NULL,NULL,NULL,NA
NA,15,Chestguard of Exile,Chestguard of Exile,Epic,62.76,NULL,NA,World Drop,1,https://tbc.wowhead.com/item=31320,NA,NULL,44,NULL,NULL,36,NULL,NULL,NULL,NULL,NULL,NULL,NULL,NA
NA,NA,Wrist,NA,NA,NULL,NULL,NA,NA,NULL,NA,NA,ap,str,agi,hit,crit,haste,arp,exp,socket,NULL,NULL,NULL,NA
NA,1,Bracers of Eradication,Bracers of Eradication,Epic,55.71,46.36,Serpentshrine Cavern,The Lurker Below,2,https://tbc.wowhead.com/item=30057,NA,NULL,25,NULL,17,24,NULL,NULL,NULL,Blue,NULL,NULL,NULL,NA
NA,2,Bladespire Warbands,Bladespire Warbands,Epic,50.36,NULL,Gruul's Lair,High King Maulgar,1,https://tbc.wowhead.com/item=28795,NA,NULL,20,NULL,NULL,24,NULL,NULL,NULL,Blue,Red,NULL,NULL,NA
NA,3,True-Aim Stalker Bands,True-Aim Stalker Bands,Epic,44.61,NULL,Serpentshrine Cavern,Leotheras the Blind,2,https://tbc.wowhead.com/item=30091,NA,50,NULL,NULL,NULL,24,NULL,NULL,NULL,Yellow,NULL,NULL,NULL,NA
NA,4,Bands of the Celestial Archer,Bands of the Celestial Archer,Epic,40.33,NULL,Tempest Keep,Trash,2,https://tbc.wowhead.com/item=30026,NA,48,NULL,17,NULL,17,NULL,NULL,NULL,NULL,NULL,NULL,NULL,NA
NA,5,Vambraces of Ending,Vambraces of Ending,Epic,40.28,NULL,Tempest Keep,High Astromancer Solarian,2,https://tbc.wowhead.com/item=29966,NA,52,NULL,24,NULL,NULL,NULL,NULL,NULL,Blue,NULL,NULL,NULL,NA
NA,6,Veteran's Linked Bracers,Veteran's Linked Bracers,Epic,37.71,NULL,Mail Armor,NA,1,https://tbc.wowhead.com/item=32816,NA,NULL,21,NULL,NULL,17,NULL,NULL,NULL,Yellow,NULL,NULL,NULL,NA
NA,7,Black Felsteel Bracers,Black Felsteel Bracers,Epic,37.66,NULL,Blacksmithing,Crafted,1,https://tbc.wowhead.com/item=23537,NA,NULL,26,NULL,NULL,22,NULL,NULL,NULL,NULL,NULL,NULL,NULL,NA
NA,8,Ravager's Wrist-Wraps of the Tiger,Ravager's Wrist-Wraps of the Tiger,Epic,36.72,NULL,Karazhan,Rokad the Ravager,1,https://tbc.wowhead.com/item=30685/ravagers-wrist-wraps,NA,NULL,27,27,NULL,NULL,NULL,NULL,NULL,NULL,NULL,NULL,NULL,NA
NA,9,Bracers of Maliciousness,Bracers of Maliciousness,Epic,35.13,NULL,Karazhan,Maiden of Virtue,1,https://tbc.wowhead.com/item=28514,NA,50,NULL,NULL,NULL,22,NULL,NULL,NULL,NULL,NULL,NULL,NULL,NA
NA,10,Ebon Netherscale Bracers,Ebon Netherscale Bracers,Epic,34.82,NULL,Leatherworking,Crafted,1,https://tbc.wowhead.com/item=29517,NA,38,NULL,NULL,NULL,17,NULL,NULL,NULL,Yellow,NULL,NULL,NULL,NA
NA,11,General's Linked Bracers,General's Linked Bracers,Epic,34.57,NULL,NA,NA,1,https://tbc.wowhead.com/item=28605,NA,NULL,19,NULL,NULL,15,NULL,NULL,NULL,Yellow,NULL,NULL,NULL,NA
NA,12,Marshal's Linked Bracers,Marshal's Linked Bracers,Epic,34.57,NULL,NA,PvP,1,https://tbc.wowhead.com/item=28989,NA,NULL,19,NULL,NULL,15,NULL,NULL,NULL,Yellow,NULL,NULL,NULL,NA
NA,13,General's Plate Bracers,General's Plate Bracers,Epic,33.78,NULL,Season 1,PvP,1,https://tbc.wowhead.com/item=28381,NA,NULL,19,NULL,NULL,14,NULL,NULL,NULL,Yellow,NULL,NULL,NULL,NA
NA,14,Marshal's Plate Bracers,Marshal's Plate Bracers,Epic,33.78,NULL,NA,PvP,1,https://tbc.wowhead.com/item=28996,NA,NULL,19,NULL,NULL,14,NULL,NULL,NULL,Yellow,NULL,NULL,NULL,NA
NA,15,General's Scaled Bracers,General's Scaled Bracers,Epic,33.71,NULL,Season 1,PvP,1,https://tbc.wowhead.com/item=28646,NA,NULL,26,NULL,NULL,7,NULL,NULL,NULL,Yellow,NULL,NULL,NULL,NA
NA,NA,Hands,NA,NA,NULL,NULL,NA,NA,NULL,NA,NA,ap,str,agi,hit,crit,haste,arp,exp,socket,NULL,NULL,NULL,NA
NA,1,Gloves of the Searing Grip,Gloves of the Searing Grip,Epic,63.99,NULL,Tempest Keep,Al'ar,2,https://tbc.wowhead.com/item=29947,NA,66,NULL,33,NULL,NULL,NULL,NULL,18,NULL,NULL,NULL,NULL,NA
NA,2,Gauntlets of Martial Perfection,Gauntlets of Martial Perfection,Epic,62.05,NULL,Gruul's Lair,Gruul the Dragonkiller,1,https://tbc.wowhead.com/item=28824,NA,NULL,36,NULL,NULL,23,NULL,NULL,NULL,Blue,Yellow,NULL,NULL,NA
NA,3,Liar's Tongue Gloves,Liar's Tongue Gloves,Epic,61.9,NULL,Magtheridon's Lair,Magtheridon,1,https://tbc.wowhead.com/item=28776,NA,72,NULL,NULL,NULL,26,NULL,NULL,NULL,Blue,Blue,NULL,NULL,NA
NA,4,Destroyer Gauntlets,Destroyer Gauntlets,Epic,58.02,NULL,Serpentshrine Cavern,Leotheras the Blind,2,https://tbc.wowhead.com/item=30119,NA,NULL,44,NULL,NULL,30,NULL,NULL,NULL,NULL,NULL,NULL,NULL,NA
NA,5,Fel Leather Gloves,Fel Leather Gloves,Rare,56.89,47.54,Leatherworking,Crafted,1,https://tbc.wowhead.com/item=25685,NA,36,NULL,NULL,17,24,NULL,NULL,NULL,Yellow,Red,NULL,NULL,NA
NA,6,Grips of Deftness,Grips of Deftness,Epic,55.97,NULL,Karazhan,Trash,1,https://tbc.wowhead.com/item=30644,NA,60,NULL,29,NULL,NULL,NULL,NULL,15,NULL,NULL,NULL,NULL,NA
NA,7,Felfury Gauntlets,Felfury Gauntlets,Epic,51.33,NULL,Blacksmithing,Crafted,1,https://tbc.wowhead.com/item=23531,NA,40,NULL,NULL,NULL,27,NULL,NULL,NULL,Red,Blue,NULL,NULL,NA
NA,8,Gloves of Dexterous Manipulation,Gloves of Dexterous Manipulation,Epic,51.01,NULL,Karazhan,Attumen the Huntsman,1,https://tbc.wowhead.com/item=28506,NA,42,NULL,35,NULL,NULL,NULL,NULL,NULL,Red,Blue,NULL,NULL,NA
NA,9,Warbringer Gauntlets,Warbringer Gauntlets,Epic,49.76,39.86,Karazhan,The Curator,1,https://tbc.wowhead.com/item=29020,NA,NULL,34,23,18,NULL,NULL,NULL,NULL,NULL,NULL,NULL,NULL,NA
NA,10,Rapscallion's Touch,Rapscallion's Touch,Rare,49.34,41.09,NA,Rescue Deirom!,1,https://tbc.wowhead.com/item=25969,NA,NULL,NULL,15,15,21,NULL,NULL,NULL,Red,Yellow,NULL,NULL,NA
NA,11,Ragesteel Gloves,Ragesteel Gloves,Rare,48.63,NULL,Blacksmithing,Crafted,1,https://tbc.wowhead.com/item=23520,NA,NULL,35,NULL,NULL,27,NULL,NULL,NULL,NULL,NULL,NULL,NULL,NA
NA,12,Cobrascale Gloves,Cobrascale Gloves,Epic,48.5,37.5,Leatherworking,Crafted,1,https://tbc.wowhead.com/item=29503,NA,50,NULL,NULL,20,25,NULL,NULL,NULL,NULL,NULL,NULL,NULL,NA
NA,13,Doomplate Gauntlets,Doomplate Gauntlets,Rare,47.88,NULL,Blood Furnace,Keli'dan the Breaker,1,https://tbc.wowhead.com/item=27497,NA,NULL,31,NULL,NULL,NULL,NULL,NULL,NULL,Yellow,Yellow,Blue,NULL,NA
NA,14,Windslayer Wraps,Windslayer Wraps,Epic,47.87,38.52,Leatherworking,Crafted,1,https://tbc.wowhead.com/item=29507,NA,NULL,36,18,17,NULL,NULL,NULL,NULL,NULL,NULL,NULL,NULL,NA
NA,15,Windstrike Gloves,Windstrike Gloves,Epic,47.87,38.52,Leatherworking,Crafted,1,https://tbc.wowhead.com/item=29509,NA,NULL,36,18,17,NULL,NULL,NULL,NULL,NULL,NULL,NULL,NULL,NA
NA,NA,Waist,NA,NA,NULL,NULL,NA,NA,NULL,NA,NA,ap,str,agi,hit,crit,haste,arp,exp,socket,NULL,NULL,NULL,NA
NA,1,Belt of One-Hundred Deaths,Belt of One-Hundred Deaths,Epic,88.64,NULL,Serpentshrine Cavern,Lady Vashj,2,https://tbc.wowhead.com/item=30106,NA,74,NULL,29,NULL,NULL,NULL,NULL,25,Red,Blue,NULL,NULL,NA
NA,2,Red Belt of Battle,Red Belt of Battle,Epic,74.44,66.74,Blacksmithing,Crafted,2,https://tbc.wowhead.com/item=30032,NA,NULL,41,NULL,14,24,NULL,NULL,NULL,Blue,Yellow,NULL,NULL,NA
NA,3,Belt of Deep Shadow,Belt of Deep Shadow,Epic,67.69,57.79,Leatherworking,Crafted,2,https://tbc.wowhead.com/item=30040,NA,66,NULL,32,18,NULL,NULL,NULL,NULL,Blue,Blue,NULL,NULL,NA
NA,4,Girdle of the Endless Pit,Girdle of the Endless Pit,Epic,64.44,NULL,Magtheridon's Lair,Magtheridon,1,https://tbc.wowhead.com/item=28779,NA,NULL,34,NULL,NULL,28,NULL,NULL,NULL,Red,Blue,NULL,NULL,NA
NA,5,Belt of the Black Eagle,Belt of the Black Eagle,Epic,62.52,NULL,Leatherworking,Crafted,2,https://tbc.wowhead.com/item=30046,NA,66,NULL,17,NULL,17,NULL,NULL,NULL,Blue,Yellow,NULL,NULL,NA
NA,6,Gronn-Stitched Girdle,Gronn-Stitched Girdle,Epic,61.11,NULL,Gruul's Lair,Gruul the Dragonkiller,1,https://tbc.wowhead.com/item=28828,NA,72,NULL,NULL,NULL,25,NULL,NULL,NULL,Blue,Yellow,NULL,NULL,NA
NA,7,Girdle of the Tidal Call,Girdle of the Tidal Call,Epic,53.37,NULL,Serpentshrine Cavern,Morogrim Tidewalker,2,https://tbc.wowhead.com/item=30068,NA,NULL,35,NULL,NULL,33,NULL,NULL,NULL,NULL,NULL,NULL,NULL,NA
NA,8,Lurker's Grasp of the Tiger,Lurker's Grasp of the Tiger,Epic,50.32,NULL,Karazhan,Hyakiss the Lurker,1,https://tbc.wowhead.com/item=30676/lurkers-grasp,NA,NULL,37,37,NULL,NULL,NULL,NULL,NULL,NULL,NULL,NULL,NULL,NA
NA,9,Ebon Netherscale Belt,Ebon Netherscale Belt,Epic,50.22,NULL,Leatherworking,Crafted,1,https://tbc.wowhead.com/item=29516,NA,48,NULL,NULL,NULL,22,NULL,NULL,NULL,Blue,Yellow,NULL,NULL,NA
NA,10,Belt of Natural Power,Belt of Natural Power,Epic,50.02,NULL,Leatherworking,Crafted,2,https://tbc.wowhead.com/item=30042,NA,NULL,29,20,NULL,NULL,NULL,NULL,NULL,Red,Red,NULL,NULL,NA
NA,11,Deathforge Girdle,Deathforge Girdle,Rare,48.76,NULL,Sethekk Halls,Talon King Ikiss,1,https://tbc.wowhead.com/item=27985,NA,NULL,22,NULL,NULL,20,NULL,NULL,NULL,Red,Blue,NULL,NULL,NA
NA,12,Terror Pit Girdle,Terror Pit Girdle,Epic,48.01,NULL,Magtheridon's Lair,Magtheridon,1,https://tbc.wowhead.com/item=28778,NA,44,NULL,NULL,NULL,21,NULL,NULL,NULL,Blue,Red,NULL,NULL,NA
NA,13,Girdle of the Deathdealer,Girdle of the Deathdealer,Epic,47.12,36.12,Black Morass,Aeonus,1,https://tbc.wowhead.com/item=29247,NA,56,NULL,28,20,NULL,NULL,NULL,NULL,NULL,NULL,NULL,NULL,NA
NA,14,Girdle of Treachery,Girdle of Treachery,Epic,46.83,NULL,Karazhan,Chess Event,1,https://tbc.wowhead.com/item=28750,NA,58,NULL,18,NULL,NULL,NULL,NULL,NULL,Red,Red,NULL,NULL,NA
NA,15,Dunewind Sash,Dunewind Sash,Rare,45.73,NULL,Underbog,Ghaz'an,1,https://tbc.wowhead.com/item=27760,NA,50,NULL,21,NULL,NULL,NULL,NULL,NULL,Red,Blue,NULL,NULL,NA
NA,NA,Ring,NA,NA,NULL,NULL,NA,NA,NULL,NA,NA,ap,str,agi,hit,crit,haste,arp,exp,socket,NULL,NULL,NULL,NA
NA,1,Band of the Ranger-General,Band of the Ranger-General,Epic,51.9,42,Tempest Keep,Kael'thas Sunstrider,2,https://tbc.wowhead.com/item=29997,NA,56,NULL,NULL,18,28,NULL,NULL,NULL,NULL,NULL,NULL,NULL,NA
NA,2,Ring of Reciprocity,Ring of Reciprocity,Epic,45.27,37.02,Hellfire Peninsula,Doom Lord Kazzak,1,https://tbc.wowhead.com/item=30738,NA,62,NULL,NULL,15,19,NULL,NULL,NULL,NULL,NULL,NULL,NULL,NA
NA,3,Ring of a Thousand Marks,Ring of a Thousand Marks,Epic,44.24,33.79,Karazhan,Prince Malchezaar,1,https://tbc.wowhead.com/item=28757,NA,44,NULL,NULL,19,23,NULL,NULL,NULL,NULL,NULL,NULL,NULL,NA
NA,4,Ring of Lethality,Ring of Lethality,Epic,42.12,31.67,Serpentshrine Cavern,Hydross the Unstable,2,https://tbc.wowhead.com/item=30052,NA,50,NULL,24,19,NULL,NULL,NULL,NULL,NULL,NULL,NULL,NULL,NA
NA,5,Shaffar's Band of Brutality,Shaffar's Band of Brutality,Epic,40.45,30,Mana-Tombs,Yor,1,https://tbc.wowhead.com/item=31920,NA,40,NULL,NULL,19,20,NULL,NULL,NULL,NULL,NULL,NULL,NULL,NA
NA,6,Shapeshifter's Signet,Shapeshifter's Signet,Epic,38.3,NULL,Lower City,Exalted,1,https://tbc.wowhead.com/item=30834,NA,NULL,NULL,25,NULL,NULL,NULL,NULL,20,NULL,NULL,NULL,NULL,NA
NA,7,Mithril Band of the Unscarred,Mithril Band of the Unscarred,Epic,37.66,NULL,Karazhan,Netherspite,1,https://tbc.wowhead.com/item=28730,NA,NULL,26,NULL,NULL,22,NULL,NULL,NULL,NULL,NULL,NULL,NULL,NA
NA,8,Ancestral Ring of Conquest,Ancestral Ring of Conquest,Epic,37.14,NULL,Serpentshrine Cavern,The Lurker Below,2,https://tbc.wowhead.com/item=30061,NA,NULL,32,21,NULL,NULL,NULL,NULL,NULL,NULL,NULL,NULL,NULL,NA
NA,9,Garona's Signet Ring,Garona's Signet Ring,Epic,35.7,25.8,Karazhan,The Curator,1,https://tbc.wowhead.com/item=28649,NA,40,NULL,20,18,NULL,NULL,NULL,NULL,NULL,NULL,NULL,NULL,NA
NA,10,Overseer's Signet,Overseer's Signet,Rare,33.7,28.2,Netherstorm,Shutting Down Manaforge Ara,1,https://tbc.wowhead.com/item=30365,NA,NULL,25,15,10,NULL,NULL,NULL,NULL,NULL,NULL,NULL,NULL,NA
NA,11,Violet Signet of the Master Assassin,Violet Signet of the Master Assassin,Epic,33.63,19.88,Deadwind Pass,Eminence Among the Violet Eye,1,https://tbc.wowhead.com/item=29283,NA,56,NULL,NULL,25,NULL,NULL,NULL,NULL,NULL,NULL,NULL,NULL,NA
NA,12,Ring of the Recalcitrant,Ring of the Recalcitrant,Epic,33.09,NULL,Magtheridon's Lair,The Fall of Magtheridon,1,https://tbc.wowhead.com/item=28791,NA,54,NULL,24,NULL,NULL,NULL,NULL,NULL,NULL,NULL,NULL,NULL,NA
NA,13,Ring of the Shadow Deeps,Ring of the Shadow Deeps,Rare,32.26,25.11,Underbog,Ghaz'an,1,https://tbc.wowhead.com/item=27761,NA,24,NULL,NULL,13,21,NULL,NULL,NULL,NULL,NULL,NULL,NULL,NA
NA,14,Weathered Band of the Swamplord,Weathered Band of the Swamplord,Rare,32.19,NULL,Underbog,Swamplord Musel'ek,1,https://tbc.wowhead.com/item=27762,NA,NULL,20,NULL,NULL,21,NULL,NULL,NULL,NULL,NULL,NULL,NULL,NA
NA,15,Reavers' Ring,Reavers' Ring,Rare,32.16,NULL,Hellfire Ramparts,NA,1,https://tbc.wowhead.com/item=27460,NA,NULL,23,NULL,NULL,18,NULL,NULL,NULL,NULL,NULL,NULL,NULL,NA
NA,NA,Legs,NA,NA,NULL,NULL,NA,NA,NULL,NA,NA,ap,str,agi,hit,crit,haste,arp,exp,socket,NULL,NULL,NULL,NA
NA,1,Leggings of Murderous Intent,Leggings of Murderous Intent,Epic,87.99,NULL,Tempest Keep,Kael'thas Sunstrider,2,https://tbc.wowhead.com/item=29995,NA,92,NULL,45,NULL,37,NULL,NULL,NULL,NULL,NULL,NULL,NULL,NA
NA,2,Greaves of the Bloodwarder,Greaves of the Bloodwarder,Epic,86.41,NULL,Tempest Keep,High Astromancer Solarian,2,https://tbc.wowhead.com/item=29950,NA,NULL,49,NULL,NULL,31,NULL,NULL,NULL,Red,Yellow,Blue,NULL,NA
NA,3,Destroyer Greaves,Destroyer Greaves,Epic,85.84,73.74,Serpentshrine Cavern,Fathom-Lord Karathress,2,https://tbc.wowhead.com/item=30121,NA,NULL,52,NULL,22,32,NULL,NULL,NULL,Red,NULL,NULL,NULL,NA
NA,4,Scaled Greaves of the Marksman,Scaled Greaves of the Marksman,Epic,80.94,72.14,Hellfire Peninsula,Doom Lord Kazzak,1,https://tbc.wowhead.com/item=30739,NA,76,NULL,37,16,NULL,NULL,NULL,NULL,Red,Red,Red,NULL,NA
NA,5,Skulker's Greaves,Skulker's Greaves,Epic,80.38,64.98,Karazhan,Netherspite,1,https://tbc.wowhead.com/item=28741,NA,64,NULL,32,28,NULL,NULL,NULL,NULL,Red,Red,Blue,NULL,NA
NA,6,Midnight Legguards,Midnight Legguards,Epic,77.1,67.75,Slave Pens,Quagmirran,1,https://tbc.wowhead.com/item=30538,NA,64,NULL,NULL,17,27,NULL,NULL,NULL,Red,Red,Blue,NULL,NA
NA,7,Void Reaver Greaves,Void Reaver Greaves,Epic,76.4,NULL,Tempest Keep,Void Reaver,2,https://tbc.wowhead.com/item=29985,NA,88,NULL,37,NULL,NULL,NULL,NULL,NULL,Red,Yellow,Blue,NULL,NA
NA,8,Fel Leather Leggings,Fel Leather Leggings,Rare,75.66,61.91,Leatherworking,Crafted,1,https://tbc.wowhead.com/item=25687,NA,52,NULL,NULL,25,25,NULL,NULL,NULL,Red,Yellow,Yellow,NULL,NA
NA,9,Clefthoof Hide Leggings,Clefthoof Hide Leggings,Rare,71.57,62.22,Blade's Edge Mountains,Showdown,1,https://tbc.wowhead.com/item=31544,NA,NULL,30,30,17,NULL,NULL,NULL,18,NULL,NULL,NULL,NULL,NA
NA,10,Vanquisher's Legplates,Vanquisher's Legplates,Epic,69.95,NULL,Mechanar,Pathaleon the Calculator,1,https://tbc.wowhead.com/item=30533,NA,NULL,36,NULL,NULL,23,NULL,NULL,NULL,Red,Red,Blue,NULL,NA
NA,11,Warbringer Greaves,Warbringer Greaves,Epic,69.01,NULL,Gruul's Lair,Gruul the Dragonkiller,1,https://tbc.wowhead.com/item=29022,NA,NULL,51,NULL,NULL,37,NULL,NULL,NULL,NULL,NULL,NULL,NULL,NA
NA,12,Shattrath Leggings,Shattrath Leggings,Rare,67.98,NULL,Netherstorm,Special Delivery to Shattrath City,1,https://tbc.wowhead.com/item=30257,NA,NULL,35,25,NULL,NULL,NULL,NULL,22,NULL,NULL,NULL,NULL,NA
NA,13,Wyrmscale Greaves,Wyrmscale Greaves,Epic,66.96,NULL,Old Hillsbrad Foothills,Epoch Hunter,1,https://tbc.wowhead.com/item=30534,NA,64,NULL,NULL,NULL,26,NULL,NULL,NULL,Blue,Blue,Yellow,NULL,NA
NA,14,Gladiator's Plate Legguards,Gladiator's Plate Legguards,Epic,66.24,59.64,Season 1,PvP,1,https://tbc.wowhead.com/item=24547,NA,NULL,40,NULL,12,36,NULL,NULL,NULL,NULL,NULL,NULL,NULL,NA
NA,15,Rip-Flayer Leggings,Rip-Flayer Leggings,Epic,65.7,NULL,Karazhan,Netherspite,1,https://tbc.wowhead.com/item=28740,NA,56,NULL,NULL,NULL,28,NULL,NULL,NULL,Red,Yellow,Blue,NULL,NA
NA,NA,Feet,NA,NA,NULL,NULL,NA,NA,NULL,NA,NA,ap,str,agi,hit,crit,haste,arp,exp,socket,NULL,NULL,NULL,NA
NA,1,Boots of Utter Darkness,Boots of Utter Darkness,Epic,61.36,48.71,Leatherworking,Crafted,2,https://tbc.wowhead.com/item=30039,NA,66,NULL,NULL,23,32,NULL,NULL,NULL,NULL,NULL,NULL,NULL,NA
NA,2,Warboots of Obliteration,Warboots of Obliteration,Epic,58.81,NULL,Serpentshrine Cavern,Morogrim Tidewalker,2,https://tbc.wowhead.com/item=30081,NA,NULL,44,NULL,NULL,31,NULL,NULL,NULL,NULL,NULL,NULL,NULL,NA
NA,3,Star-Strider Boots,Star-Strider Boots,Epic,58.37,NULL,Tempest Keep,High Astromancer Solarian,2,https://tbc.wowhead.com/item=29951,NA,66,NULL,33,NULL,NULL,NULL,NULL,NULL,Blue,Blue,NULL,NULL,NA
NA,4,Cobra-Lash Boots,Cobra-Lash Boots,Epic,58.37,NULL,Serpentshrine Cavern,Lady Vashj,2,https://tbc.wowhead.com/item=30104,NA,66,NULL,33,NULL,NULL,NULL,NULL,NULL,Blue,Red,NULL,NULL,NA
NA,5,Fel Leather Boots,Fel Leather Boots,Rare,55.76,42.01,Leatherworking,Crafted,1,https://tbc.wowhead.com/item=25686,NA,36,NULL,NULL,25,17,NULL,NULL,NULL,Yellow,Red,NULL,NULL,NA
NA,6,Edgewalker Longboots,Edgewalker Longboots,Epic,55.39,48.24,Karazhan,Moroes,1,https://tbc.wowhead.com/item=28545,NA,44,NULL,29,13,NULL,NULL,NULL,NULL,Red,Yellow,NULL,NULL,NA
NA,7,Ironstriders of Urgency,Ironstriders of Urgency,Epic,53.14,NULL,Karazhan,Nightbane,1,https://tbc.wowhead.com/item=28608,NA,NULL,33,20,NULL,NULL,NULL,NULL,NULL,Red,Yellow,NULL,NULL,NA
NA,8,Fiend Slayer Boots,Fiend Slayer Boots,Epic,52.3,42.95,Karazhan,Chess Event,1,https://tbc.wowhead.com/item=28746,NA,34,NULL,26,17,NULL,NULL,NULL,NULL,Red,Blue,NULL,NULL,NA
NA,9,Boots of the Crimson Hawk,Boots of the Crimson Hawk,Epic,51.84,NULL,Leatherworking,Crafted,2,https://tbc.wowhead.com/item=30045,NA,58,NULL,28,NULL,19,NULL,NULL,NULL,NULL,NULL,NULL,NULL,NA
NA,10,Glider's Boots of the Tiger,Glider's Boots of the Tiger,Epic,50.32,NULL,Karazhan,Shadikith the Glider,1,https://tbc.wowhead.com/item=30681/gliders-boots,NA,NULL,37,37,NULL,NULL,NULL,NULL,NULL,NULL,NULL,NULL,NULL,NA
NA,11,Ferocious Swift-Kickers,Ferocious Swift-Kickers,Epic,49.03,NULL,Karazhan,Nightbane,1,https://tbc.wowhead.com/item=28610,NA,58,NULL,NULL,NULL,16,NULL,NULL,NULL,Yellow,Blue,NULL,NULL,NA
NA,12,Boots of Natural Grace,Boots of Natural Grace,Epic,48.52,40.82,Leatherworking,Crafted,2,https://tbc.wowhead.com/item=30041,NA,NULL,33,26,14,NULL,NULL,NULL,NULL,NULL,NULL,NULL,NULL,NA
NA,13,Rapscallion Boots,Rapscallion Boots,Epic,48.07,NULL,Karazhan,Shade of Aran,1,https://tbc.wowhead.com/item=28669,NA,82,NULL,NULL,NULL,24,NULL,NULL,NULL,NULL,NULL,NULL,NULL,NA
NA,14,Sha'tari Wrought Greaves,Sha'tari Wrought Greaves,Rare,46.7,NULL,Shadow Labyrinth,Into the Heart of the Labyrinth,1,https://tbc.wowhead.com/item=28176,NA,NULL,24,21,NULL,NULL,NULL,NULL,NULL,Red,Blue,NULL,NULL,NA
NA,15,Boots of the Shifting Sands,Boots of the Shifting Sands,Rare,45.01,NULL,Botanica,Laj,1,https://tbc.wowhead.com/item=28339,NA,40,NULL,NULL,NULL,19,NULL,NULL,NULL,Red,Yellow,NULL,NULL,NA
NA,NA,Trinket,NA,NA,NULL,NULL,NA,NA,NULL,NA,NA,ap,str,agi,hit,crit,haste,arp,exp,socket,NULL,NULL,NULL,NA
NA,1,Solarian's Sapphire (Group AP Buff),Solarian's Sapphire (Group AP Buff),Epic,124.25,NULL,Tempest Keep,High Astromancer Solarian,2,https://tbc.wowhead.com/item=30446,NA,350,NULL,NULL,NULL,NULL,NULL,NULL,NULL,NULL,NULL,NULL,NULL,NA
NA,2,Dragonspine Trophy,Dragonspine Trophy,Epic,120.8,NULL,Gruul's Lair,Gruul the Dragonkiller,1,https://tbc.wowhead.com/item=28830,NA,40,NULL,NULL,NULL,NULL,130,NULL,NULL,NULL,NULL,NULL,NULL,NA
NA,3,Tsunami Talisman,Tsunami Talisman,Epic,57.4661,51.9661,Serpentshrine Cavern,Leotheras the Blind,2,https://tbc.wowhead.com/item=30627,NA,61.82,NULL,NULL,10,38,NULL,NULL,NULL,NULL,NULL,NULL,NULL,NA
NA,4,Mark of the Champion (undead/demon),Mark of the Champion (undead/demon),Epic,53.25,NULL,NA,The Fall of Kel'Thuzad,1,https://tbc.wowhead.com/item=23206,NA,150,NULL,NULL,NULL,NULL,NULL,NULL,NULL,NULL,NULL,NULL,NULL,NA
NA,5,Hourglass of the Unraveller,Hourglass of the Unraveller,Rare,43.03,NULL,Black Morass,Temporus,1,https://tbc.wowhead.com/item=28034,NA,50,NULL,NULL,NULL,32,NULL,NULL,NULL,NULL,NULL,NULL,NULL,NA
NA,6,Bloodlust Brooch,Bloodlust Brooch,Epic,41.89,NULL,Badge of Justice,G'eras,1,https://tbc.wowhead.com/item=29383,NA,118,NULL,NULL,NULL,NULL,NULL,NULL,NULL,NULL,NULL,NULL,NULL,NA
NA,7,Abacus of Violent Odds,Abacus of Violent Odds,Rare,40.473,NULL,Mechanar,Pathaleon the Calculator,1,https://tbc.wowhead.com/item=28288,NA,64,NULL,NULL,NULL,NULL,21.65,NULL,NULL,NULL,NULL,NULL,NULL,NA
NA,8,Slayer's Crest,Slayer's Crest,Epic,37.985,NULL,Naxxramas,Sapphiron,0,https://tbc.wowhead.com/item=23041,NA,107,NULL,NULL,NULL,NULL,NULL,NULL,NULL,NULL,NULL,NULL,NULL,NA
NA,9,Kiss of the Spider,Kiss of the Spider,Epic,37.06,31.56,Classic,NA,0,https://tbc.wowhead.com/item=22954,NA,NULL,NULL,NULL,10,14,25,NULL,NULL,NULL,NULL,NULL,NULL,NA
NA,10,Bladefist's Breadth,Bladefist's Breadth,Rare,32.255,NULL,Hellfire Peninsula,Overlord,1,https://tbc.wowhead.com/item=28041,NA,33,NULL,NULL,NULL,26,NULL,NULL,NULL,NULL,NULL,NULL,NULL,NA
NA,11,Drake Fang Talisman,Drake Fang Talisman,Epic,30.88,19.88,Blackwing Lair,Ebonroc,0,https://tbc.wowhead.com/item=19406,NA,56,NULL,NULL,20,NULL,NULL,NULL,NULL,NULL,NULL,NULL,NULL,NA
NA,12,Core of Ar'kelos,Core of Ar'kelos,Uncommon,30.175,NULL,Archmage Vargoth,Ar'kelos the Guardian,1,https://tbc.wowhead.com/item=29776,NA,85,NULL,NULL,NULL,NULL,NULL,NULL,NULL,NULL,NULL,NULL,NULL,NA
NA,13,Icon of Unyielding Courage,Icon of Unyielding Courage,Rare,28.875,12.375,Blood Furnace,Keli'dan the Breaker,1,https://tbc.wowhead.com/item=28121,NA,NULL,NULL,NULL,30,NULL,NULL,100,NULL,NULL,NULL,NULL,NULL,NA
NA,14,Ancient Draenei War Talisman,Ancient Draenei War Talisman,Uncommon,28.42215,NULL,NA,The Vengeful Harbinger,0,https://tbc.wowhead.com/item=31617,NA,33.33,NULL,NULL,NULL,21,NULL,NULL,NULL,NULL,NULL,NULL,NULL,NA
NA,15,Figurine - Felsteel Boar,Figurine - Felsteel Boar,Rare,24.14,NULL,Jewelcrafting,Crafted,1,https://tbc.wowhead.com/item=24124,NA,68,NULL,NULL,NULL,NULL,NULL,NULL,NULL,NULL,NULL,NULL,NULL,NA
NA,NA,Ranged,NA,NA,NULL,NULL,NA,NA,NULL,NA,NA,ap,str,agi,hit,crit,haste,arp,exp,socket,NULL,NULL,NULL,NA
NA,1,Serpent Spine Longbow,Serpent Spine Longbow,Epic,26.13,NULL,Serpentshrine Cavern,Lady Vashj,2,https://tbc.wowhead.com/item=30105,NA,38,NULL,NULL,NULL,16,NULL,NULL,NULL,NULL,NULL,NULL,NULL,NA
NA,2,Barrel-Blade Longrifle,Barrel-Blade Longrifle,Epic,25.08,NULL,Shadowmoon Valley,Doomwalker,1,https://tbc.wowhead.com/item=30724,NA,NULL,NULL,16,NULL,NULL,NULL,NULL,NULL,Red,Red,NULL,NULL,NA
NA,3,Sunfury Bow of the Phoenix,Sunfury Bow of the Phoenix,Epic,23.09,NULL,Karazhan,Prince Malchezaar,1,https://tbc.wowhead.com/item=28772,NA,34,NULL,19,NULL,NULL,NULL,NULL,NULL,NULL,NULL,NULL,NULL,NA
NA,4,Arcanite Steam-Pistol,Arcanite Steam-Pistol,Epic,22.05,11.6,Tempest Keep,Al'ar,2,https://tbc.wowhead.com/item=29949,NA,NULL,NULL,20,19,NULL,NULL,NULL,NULL,NULL,NULL,NULL,NULL,NA
NA,5,Mama's Insurance,Mama's Insurance,Uncommon,21.9,NULL,NA,Declawing Doomclaw,1,https://tbc.wowhead.com/item=30279,NA,32,NULL,10,NULL,6,NULL,NULL,NULL,NULL,NULL,NULL,NULL,NA
NA,6,Veteran's Musket,Veteran's Musket,Epic,20.82,14.77,Honor Hold,Exalted,1,https://tbc.wowhead.com/item=29151,NA,22,NULL,12,11,NULL,NULL,NULL,NULL,NULL,NULL,NULL,NULL,NA
NA,7,Marksman's Bow,Marksman's Bow,Epic,20.82,14.77,Thrallmar,Exalted,1,https://tbc.wowhead.com/item=29152,NA,22,NULL,12,11,NULL,NULL,NULL,NULL,NULL,NULL,NULL,NULL,NA
NA,8,Wolfslayer Sniper Rifle,Wolfslayer Sniper Rifle,Epic,20.06,NULL,Karazhan,The Big Bad Wolf,1,https://tbc.wowhead.com/item=28581,NA,32,NULL,15,NULL,NULL,NULL,NULL,NULL,NULL,NULL,NULL,NULL,NA
NA,9,Nerubian Slavemaker,Nerubian Slavemaker,Epic,19.58,NULL,Naxxramas,Kel'Thuzad,1,https://tbc.wowhead.com/item=22812,NA,24,NULL,NULL,NULL,14,NULL,NULL,NULL,NULL,NULL,NULL,NULL,NA
NA,10,Steelhawk Crossbow,Steelhawk Crossbow,Epic,19.45,10.65,Karazhan,Attumen the Huntsman,1,https://tbc.wowhead.com/item=28504,NA,30,NULL,NULL,16,NULL,NULL,NULL,NULL,NULL,NULL,NULL,NULL,NA
NA,11,Emberhawk Crossbow,Emberhawk Crossbow,Rare,19.19,NULL,Arcatraz,Wrath-Scryer Soccothrates,1,https://tbc.wowhead.com/item=28397,NA,14,NULL,NULL,NULL,18,NULL,NULL,NULL,NULL,NULL,NULL,NULL,NA
NA,12,Wrathfire Hand-Cannon,Wrathfire Hand-Cannon,Rare,18.55,NULL,Shadow Labyrinth,Grandmaster Vorpil,1,https://tbc.wowhead.com/item=27898,NA,30,NULL,NULL,NULL,10,NULL,NULL,NULL,NULL,NULL,NULL,NULL,NA
NA,13,Wrathtide Longbow,Wrathtide Longbow,Epic,18.06,NULL,Steamvault,Warlord Kalithresh,1,https://tbc.wowhead.com/item=29351,NA,28,NULL,14,NULL,NULL,NULL,NULL,NULL,NULL,NULL,NULL,NULL,NA
NA,14,Hemet's Elekk Gun,Hemet's Elekk Gun,Rare,18,NULL,Nagrand,The Ultimate Bloodsport,1,https://tbc.wowhead.com/item=25639,NA,24,NULL,NULL,NULL,12,NULL,NULL,NULL,NULL,NULL,NULL,NULL,NA
NA,15,Telescopic Sharprifle,Telescopic Sharprifle,Rare,17.48,NULL,Mechanar,Pathaleon the Calculator,1,https://tbc.wowhead.com/item=28286,NA,28,NULL,13,NULL,NULL,NULL,NULL,NULL,NULL,NULL,NULL,NULL,NA
NA,NA,Main Hand,NA,NA,NULL,NULL,NA,NA,NULL,NA,NA,type,NULL,dps,spd,ap,str,agi,hit,crit,haste,arp,exp,socket
NA,1,Vengeful Gladiator's Chopper,Vengeful Gladiator's Chopper,Epic,523.69375,519.29375,Season 3,PvP,2,https://tbc.wowhead.com/item=34015,NA,Off Hand,Axe,103.1,2.6,34,NULL,NULL,8,21,NULL,49,NULL,NA
NA,2,Vengeful Gladiator's Left Render,Vengeful Gladiator's Left Render,Epic,523.69375,519.29375,Season 3,PvP,2,https://tbc.wowhead.com/item=34016,NA,Off Hand,Fist,103.1,2.6,34,NULL,NULL,8,21,NULL,49,NULL,NA
NA,3,Vengeful Gladiator's Bonecracker,Vengeful Gladiator's Bonecracker,Epic,523.22375,518.82375,Season 3,PvP,2,https://tbc.wowhead.com/item=33662,NA,Off Hand,Mace,103,1.5,34,NULL,NULL,8,21,NULL,49,NULL,NA
NA,4,Vengeful Gladiator's Hacker,Vengeful Gladiator's Hacker,Epic,523.22375,518.82375,Season 3,PvP,2,https://tbc.wowhead.com/item=33689,NA,Off Hand,Axe,103,1.5,34,NULL,NULL,8,21,NULL,49,NULL,NA
NA,5,Vengeful Gladiator's Left Ripper,Vengeful Gladiator's Left Ripper,Epic,523.22375,518.82375,Season 3,PvP,2,https://tbc.wowhead.com/item=33705,NA,Off Hand,Fist,103,1.5,34,NULL,NULL,8,21,NULL,49,NULL,NA
NA,6,Vengeful Gladiator's Quickblade,Vengeful Gladiator's Quickblade,Epic,523.22375,518.82375,Season 3,PvP,2,https://tbc.wowhead.com/item=33734,NA,Off Hand,Sword,103,1.5,34,NULL,NULL,8,21,NULL,49,NULL,NA
NA,7,Dragonstrike (melee proc),Dragonstrike (melee proc),Epic,510.872,NULL,Blacksmithing,Crafted,2,https://tbc.wowhead.com/item=28439,NA,Main Hand,Mace,97.6,2.7,NULL,NULL,NULL,NULL,NULL,63.6,NULL,NULL,NA
NA,8,Talon of the Phoenix,Talon of the Phoenix,Epic,495.27,487.02,Tempest Keep,Al'ar,2,https://tbc.wowhead.com/item=32944,NA,Main Hand,Fist,96.5,2.7,52,NULL,NULL,15,19,NULL,NULL,NULL,NA
NA,9,Wicked Edge of the Planes,Wicked Edge of the Planes,Epic,493.93,NULL,Blacksmithing,Crafted,2,https://tbc.wowhead.com/item=28433,NA,Main Hand,Axe,97.6,2.7,48,NULL,NULL,NULL,23,NULL,NULL,NULL,NA
NA,10,Merciless Gladiator's Bonecracker,Merciless Gladiator's Bonecracker,Epic,490.35,484.85,Season 2,PvP,2,https://tbc.wowhead.com/item=31958,NA,Off Hand,Mace,97.7,1.5,30,NULL,NULL,10,19,NULL,NULL,NULL,NA
NA,11,Merciless Gladiator's Hacker,Merciless Gladiator's Hacker,Epic,490.35,484.85,Season 2,PvP,2,https://tbc.wowhead.com/item=31985,NA,Off Hand,Axe,97.7,1.5,30,NULL,NULL,10,19,NULL,NULL,NULL,NA
NA,12,Merciless Gladiator's Left Ripper,Merciless Gladiator's Left Ripper,Epic,490.35,484.85,Season 2,PvP,2,https://tbc.wowhead.com/item=32003,NA,Off Hand,Fist,97.7,1.5,30,NULL,NULL,10,19,NULL,NULL,NULL,NA
NA,13,Merciless Gladiator's Quickblade,Merciless Gladiator's Quickblade,Epic,490.35,484.85,Season 2,PvP,2,https://tbc.wowhead.com/item=32027,NA,Off Hand,Sword,97.7,1.5,30,NULL,NULL,10,19,NULL,NULL,NULL,NA
NA,14,Merciless Gladiator's Slicer,Merciless Gladiator's Slicer,Epic,490.35,484.85,Season 2,PvP,2,https://tbc.wowhead.com/item=32052,NA,One Hand,Sword,97.7,2.6,30,NULL,NULL,10,19,NULL,NULL,NULL,NA
NA,15,Merciless Gladiator's Right Ripper,Merciless Gladiator's Right Ripper,Epic,489.41,483.91,Season 2,PvP,2,https://tbc.wowhead.com/item=32028,NA,Main Hand,Fist,97.5,2.6,30,NULL,NULL,10,19,NULL,NULL,NULL,NA
NA,16,Merciless Gladiator's Cleaver,Merciless Gladiator's Cleaver,Epic,489.41,483.91,Season 2,PvP,2,https://tbc.wowhead.com/item=31965,NA,One Hand,Axe,97.5,2.6,30,NULL,NULL,10,19,NULL,NULL,NULL,NA
NA,17,Merciless Gladiator's Pummeler,Merciless Gladiator's Pummeler,Epic,489.41,483.91,Season 2,PvP,2,https://tbc.wowhead.com/item=32026,NA,One Hand,Mace,97.5,2.6,30,NULL,NULL,10,19,NULL,NULL,NULL,NA
NA,18,Rod of the Sun King,Rod of the Sun King,Epic,489.4,NULL,Tempest Keep,Kael'thas Sunstrider,2,https://tbc.wowhead.com/item=29996,NA,One Hand,Mace,100.2,2.7,52,NULL,NULL,NULL,NULL,NULL,NULL,NULL,NA
NA,19,Talon of Azshara,Talon of Azshara,Epic,487.45,476.45,Serpentshrine Cavern,Morogrim Tidewalker,2,https://tbc.wowhead.com/item=30082,NA,One Hand,Sword,96.5,2.7,40,NULL,15,20,NULL,NULL,NULL,NULL,NA
NA,20,Netherbane,Netherbane,Epic,482.25,NULL,Tempest Keep,Al'ar,2,https://tbc.wowhead.com/item=29924,NA,One Hand,Axe,96.5,2.6,40,NULL,25,NULL,NULL,NULL,NULL,NULL,NA
NA,21,Claw of the Phoenix,Claw of the Phoenix,Epic,480.87,NULL,Tempest Keep,Al'ar,2,https://tbc.wowhead.com/item=29948,NA,Off Hand,Fist,96.7,1.5,40,NULL,21,NULL,NULL,NULL,NULL,NULL,NA
NA,22,Dragonmaw (melee proc),Dragonmaw (melee proc),Epic,480.322,NULL,Blacksmithing,Crafted,1,https://tbc.wowhead.com/item=28438,NA,Main Hand,Mace,91.1,2.7,NULL,NULL,NULL,NULL,NULL,63.6,NULL,NULL,NA
NA,23,Blazefury,Blazefury,Epic,479.17,469.27,Blacksmithing,Crafted,2,https://tbc.wowhead.com/item=28427,NA,One Hand,Sword,97.5,1.6,NULL,NULL,19,18,NULL,NULL,NULL,NULL,NA
NA,24,Mallet of the Tides,Mallet of the Tides,Epic,471.62,NULL,Serpentshrine Cavern,The Lurker Below,2,https://tbc.wowhead.com/item=30058,NA,One Hand,Mace,96.8,1.7,NULL,NULL,NULL,NULL,NULL,NULL,NULL,14,NA
NA,25,Black Planar Edge,Black Planar Edge,Epic,460.38,NULL,Blacksmithing,Crafted,1,https://tbc.wowhead.com/item=28432,NA,Main Hand,Axe,91.1,2.7,44,NULL,NULL,NULL,21,NULL,NULL,NULL,NA
NA,26,Gladiator's Right Ripper,Gladiator's Right Ripper,Epic,455.85,450.9,Season 1,PvP,1,https://tbc.wowhead.com/item=28313,NA,Main Hand,Fist,91.3,2.6,28,NULL,NULL,9,15,NULL,NULL,NULL,NA
NA,27,Gladiator's Slicer,Gladiator's Slicer,Epic,455.38,450.43,Season 1,PvP,1,https://tbc.wowhead.com/item=28295,NA,One Hand,Sword,91.2,2.6,28,NULL,NULL,9,15,NULL,NULL,NULL,NA
NA,28,Gladiator's Pummeler,Gladiator's Pummeler,Epic,455.38,450.43,Season 1,PvP,1,https://tbc.wowhead.com/item=28305,NA,One Hand,Mace,91.2,2.6,28,NULL,NULL,9,15,NULL,NULL,NULL,NA
NA,29,Gladiator's Cleaver,Gladiator's Cleaver,Epic,455.38,450.43,Season 1,PvP,1,https://tbc.wowhead.com/item=28308,NA,One Hand,Axe,91.2,2.6,28,NULL,NULL,9,15,NULL,NULL,NULL,NA
NA,30,Gladiator's Bonecracker,Gladiator's Bonecracker,Epic,454.44,449.49,Season 1,PvP,1,https://tbc.wowhead.com/item=28302,NA,Off Hand,Mace,91,1.5,28,NULL,NULL,9,15,NULL,NULL,NULL,NA
NA,31,Gladiator's Quickblade,Gladiator's Quickblade,Epic,454.44,449.49,Season 1,PvP,1,https://tbc.wowhead.com/item=28307,NA,Off Hand,Sword,91,1.5,28,NULL,NULL,9,15,NULL,NULL,NULL,NA
NA,32,Gladiator's Hacker,Gladiator's Hacker,Epic,454.44,449.49,Season 1,PvP,1,https://tbc.wowhead.com/item=28309,NA,Off Hand,Axe,91,1.5,28,NULL,NULL,9,15,NULL,NULL,NULL,NA
NA,33,Gladiator's Left Ripper,Gladiator's Left Ripper,Epic,454.44,449.49,Season 1,PvP,1,https://tbc.wowhead.com/item=28314,NA,Off Hand,Fist,91,1.5,28,NULL,NULL,9,15,NULL,NULL,NULL,NA
NA,34,The Decapitator,The Decapitator,Epic,454.2,NULL,Karazhan,Prince Malchezaar,1,https://tbc.wowhead.com/item=28767,NA,Main Hand,Axe,92.1,2.6,NULL,NULL,NULL,NULL,27,NULL,NULL,NULL,NA
NA,35,Fool's Bane,Fool's Bane,Epic,448.76,NULL,Karazhan,Terestian Illhoof,1,https://tbc.wowhead.com/item=28657,NA,Main Hand,Mace,87.5,2.6,30,NULL,NULL,NULL,24,NULL,NULL,NULL,Yellow
NA,36,Drakefist Hammer (melee proc),Drakefist Hammer (melee proc),Epic,448.362,NULL,Blacksmithing,Crafted,1,https://tbc.wowhead.com/item=28437,NA,Main Hand,Mace,84.3,2.7,NULL,NULL,NULL,NULL,NULL,63.6,NULL,NULL,NA
NA,37,Blazeguard,Blazeguard,Epic,448.32,438.97,Blacksmithing,Crafted,1,https://tbc.wowhead.com/item=28426,NA,One Hand,Sword,91.3,1.6,NULL,NULL,17,17,NULL,NULL,NULL,NULL,NA
NA,38,Hope Ender,Hope Ender,Epic,446.91,NULL,World Boss,Doom Lord Kazzak,1,https://tbc.wowhead.com/item=30733,NA,One Hand,Sword,89.8,2.6,70,NULL,NULL,NULL,NULL,NULL,NULL,NULL,NA
NA,39,Big Bad Wolf's Paw,Big Bad Wolf's Paw,Epic,437.38,NULL,Karazhan,The Big Bad Wolf,1,https://tbc.wowhead.com/item=28584,NA,Main Hand,Fist,87.6,2.5,NULL,NULL,17,NULL,20,NULL,NULL,NULL,NA
NA,40,Spiteblade,Spiteblade,Epic,436.17,NULL,Karazhan,Netherspite,1,https://tbc.wowhead.com/item=28729,NA,One Hand,Sword,87.6,2.7,46,NULL,14,NULL,NULL,NULL,NULL,NULL,NA
NA,41,The Planar Edge,The Planar Edge,Epic,426.92,NULL,Blacksmithing,Crafted,1,https://tbc.wowhead.com/item=28431,NA,Main Hand,Axe,84.3,2.7,42,NULL,NULL,NULL,20,NULL,NULL,NULL,NA
NA,42,Fel Edged Battleaxe,Fel Edged Battleaxe,Epic,424.17,416.47,Amani'shi Axe,NA,1,https://tbc.wowhead.com/item=23542,NA,One Hand,Axe,83.4,2.2,NULL,NULL,NULL,14,21,NULL,NULL,NULL,Red
NA,43,King's Defender,King's Defender,Epic,420.6,411.25,Karazhan,Chess Event,1,https://tbc.wowhead.com/item=28749,NA,One Hand,Sword,87.5,1.6,NULL,NULL,NULL,17,NULL,NULL,NULL,NULL,NA
NA,44,Blinkstrike,Blinkstrike,Epic,419.71,NULL,NA,World Drop,1,https://tbc.wowhead.com/item=31332,NA,One Hand,Sword,89.3,2.6,NULL,NULL,NULL,NULL,NULL,NULL,NULL,NULL,NA
NA,45,Fireguard,Fireguard,Epic,414.76,405.96,Blacksmithing,Crafted,1,https://tbc.wowhead.com/item=28425,NA,One Hand,Sword,84.4,1.6,NULL,NULL,16,16,NULL,NULL,NULL,NULL,NA
NA,NA,Off Hand,NA,NA,NULL,NULL,NA,NA,NULL,NA,NA,type,NULL,dps,spd,ap,str,agi,hit,crit,haste,arp,exp,socket
NA,1,Vengeful Gladiator's Chopper,Vengeful Gladiator's Chopper,Epic,523.69375,519.29375,Season 3,PvP,2,https://tbc.wowhead.com/item=34015,NA,Off Hand,Axe,103.1,2.6,34,NULL,NULL,8,21,NULL,49,NULL,NA
NA,2,Vengeful Gladiator's Left Render,Vengeful Gladiator's Left Render,Epic,523.69375,519.29375,Season 3,PvP,2,https://tbc.wowhead.com/item=34016,NA,Off Hand,Fist,103.1,2.6,34,NULL,NULL,8,21,NULL,49,NULL,NA
NA,3,Vengeful Gladiator's Bonecracker,Vengeful Gladiator's Bonecracker,Epic,523.22375,518.82375,Season 3,PvP,2,https://tbc.wowhead.com/item=33662,NA,Off Hand,Mace,103,1.5,34,NULL,NULL,8,21,NULL,49,NULL,NA
NA,4,Vengeful Gladiator's Hacker,Vengeful Gladiator's Hacker,Epic,523.22375,518.82375,Season 3,PvP,2,https://tbc.wowhead.com/item=33689,NA,Off Hand,Axe,103,1.5,34,NULL,NULL,8,21,NULL,49,NULL,NA
NA,5,Vengeful Gladiator's Left Ripper,Vengeful Gladiator's Left Ripper,Epic,523.22375,518.82375,Season 3,PvP,2,https://tbc.wowhead.com/item=33705,NA,Off Hand,Fist,103,1.5,34,NULL,NULL,8,21,NULL,49,NULL,NA
NA,6,Vengeful Gladiator's Quickblade,Vengeful Gladiator's Quickblade,Epic,523.22375,518.82375,Season 3,PvP,2,https://tbc.wowhead.com/item=33734,NA,Off Hand,Sword,103,1.5,34,NULL,NULL,8,21,NULL,49,NULL,NA
NA,7,Merciless Gladiator's Bonecracker,Merciless Gladiator's Bonecracker,Epic,490.35,484.85,Season 2,PvP,2,https://tbc.wowhead.com/item=31958,NA,Off Hand,Mace,97.7,1.5,30,NULL,NULL,10,19,NULL,NULL,NULL,NA
NA,8,Merciless Gladiator's Hacker,Merciless Gladiator's Hacker,Epic,490.35,484.85,Season 2,PvP,2,https://tbc.wowhead.com/item=31985,NA,Off Hand,Axe,97.7,1.5,30,NULL,NULL,10,19,NULL,NULL,NULL,NA
NA,9,Merciless Gladiator's Left Ripper,Merciless Gladiator's Left Ripper,Epic,490.35,484.85,Season 2,PvP,2,https://tbc.wowhead.com/item=32003,NA,Off Hand,Fist,97.7,1.5,30,NULL,NULL,10,19,NULL,NULL,NULL,NA
NA,10,Merciless Gladiator's Quickblade,Merciless Gladiator's Quickblade,Epic,490.35,484.85,Season 2,PvP,2,https://tbc.wowhead.com/item=32027,NA,Off Hand,Sword,97.7,1.5,30,NULL,NULL,10,19,NULL,NULL,NULL,NA
NA,11,Merciless Gladiator's Slicer,Merciless Gladiator's Slicer,Epic,490.35,484.85,Season 2,PvP,2,https://tbc.wowhead.com/item=32052,NA,One Hand,Sword,97.7,2.6,30,NULL,NULL,10,19,NULL,NULL,NULL,NA
NA,12,Merciless Gladiator's Cleaver,Merciless Gladiator's Cleaver,Epic,489.41,483.91,Season 2,PvP,2,https://tbc.wowhead.com/item=31965,NA,One Hand,Axe,97.5,2.6,30,NULL,NULL,10,19,NULL,NULL,NULL,NA
NA,13,Merciless Gladiator's Pummeler,Merciless Gladiator's Pummeler,Epic,489.41,483.91,Season 2,PvP,2,https://tbc.wowhead.com/item=32026,NA,One Hand,Mace,97.5,2.6,30,NULL,NULL,10,19,NULL,NULL,NULL,NA
NA,14,Rod of the Sun King,Rod of the Sun King,Epic,489.4,NULL,Tempest Keep,Kael'thas Sunstrider,2,https://tbc.wowhead.com/item=29996,NA,One Hand,Mace,100.2,2.7,52,NULL,NULL,NULL,NULL,NULL,NULL,NULL,NA
NA,15,Talon of Azshara,Talon of Azshara,Epic,487.45,476.45,Serpentshrine Cavern,Morogrim Tidewalker,2,https://tbc.wowhead.com/item=30082,NA,One Hand,Sword,96.5,2.7,40,NULL,15,20,NULL,NULL,NULL,NULL,NA
NA,16,Netherbane,Netherbane,Epic,482.25,NULL,Tempest Keep,Al'ar,2,https://tbc.wowhead.com/item=29924,NA,One Hand,Axe,96.5,2.6,40,NULL,25,NULL,NULL,NULL,NULL,NULL,NA
NA,17,Claw of the Phoenix,Claw of the Phoenix,Epic,480.87,NULL,Tempest Keep,Al'ar,2,https://tbc.wowhead.com/item=29948,NA,Off Hand,Fist,96.7,1.5,40,NULL,21,NULL,NULL,NULL,NULL,NULL,NA
NA,18,Blazefury,Blazefury,Epic,479.17,469.27,Blacksmithing,Crafted,2,https://tbc.wowhead.com/item=28427,NA,One Hand,Sword,97.5,1.6,NULL,NULL,19,18,NULL,NULL,NULL,NULL,NA
NA,19,Mallet of the Tides,Mallet of the Tides,Epic,471.62,NULL,Serpentshrine Cavern,The Lurker Below,2,https://tbc.wowhead.com/item=30058,NA,One Hand,Mace,96.8,1.7,NULL,NULL,NULL,NULL,NULL,NULL,NULL,14,NA
NA,20,Gladiator's Slicer,Gladiator's Slicer,Epic,455.38,450.43,Season 1,PvP,1,https://tbc.wowhead.com/item=28295,NA,One Hand,Sword,91.2,2.6,28,NULL,NULL,9,15,NULL,NULL,NULL,NA
NA,21,Gladiator's Pummeler,Gladiator's Pummeler,Epic,455.38,450.43,Season 1,PvP,1,https://tbc.wowhead.com/item=28305,NA,One Hand,Mace,91.2,2.6,28,NULL,NULL,9,15,NULL,NULL,NULL,NA
NA,22,Gladiator's Cleaver,Gladiator's Cleaver,Epic,455.38,450.43,Season 1,PvP,1,https://tbc.wowhead.com/item=28308,NA,One Hand,Axe,91.2,2.6,28,NULL,NULL,9,15,NULL,NULL,NULL,NA
NA,23,Gladiator's Bonecracker,Gladiator's Bonecracker,Epic,454.44,449.49,Season 1,PvP,1,https://tbc.wowhead.com/item=28302,NA,Off Hand,Mace,91,1.5,28,NULL,NULL,9,15,NULL,NULL,NULL,NA
NA,24,Gladiator's Quickblade,Gladiator's Quickblade,Epic,454.44,449.49,Season 1,PvP,1,https://tbc.wowhead.com/item=28307,NA,Off Hand,Sword,91,1.5,28,NULL,NULL,9,15,NULL,NULL,NULL,NA
NA,25,Gladiator's Hacker,Gladiator's Hacker,Epic,454.44,449.49,Season 1,PvP,1,https://tbc.wowhead.com/item=28309,NA,Off Hand,Axe,91,1.5,28,NULL,NULL,9,15,NULL,NULL,NULL,NA
NA,26,Gladiator's Left Ripper,Gladiator's Left Ripper,Epic,454.44,449.49,Season 1,PvP,1,https://tbc.wowhead.com/item=28314,NA,Off Hand,Fist,91,1.5,28,NULL,NULL,9,15,NULL,NULL,NULL,NA
NA,27,Blazeguard,Blazeguard,Epic,448.32,438.97,Blacksmithing,Crafted,1,https://tbc.wowhead.com/item=28426,NA,One Hand,Sword,91.3,1.6,NULL,NULL,17,17,NULL,NULL,NULL,NULL,NA
NA,28,Hope Ender,Hope Ender,Epic,446.91,NULL,World Boss,Doom Lord Kazzak,1,https://tbc.wowhead.com/item=30733,NA,One Hand,Sword,89.8,2.6,70,NULL,NULL,NULL,NULL,NULL,NULL,NULL,NA
NA,29,Spiteblade,Spiteblade,Epic,436.17,NULL,Karazhan,Netherspite,1,https://tbc.wowhead.com/item=28729,NA,One Hand,Sword,87.6,2.7,46,NULL,14,NULL,NULL,NULL,NULL,NULL,NA
NA,30,Fel Edged Battleaxe,Fel Edged Battleaxe,Epic,424.17,416.47,Amani'shi Axe,NA,1,https://tbc.wowhead.com/item=23542,NA,One Hand,Axe,83.4,2.2,NULL,NULL,NULL,14,21,NULL,NULL,NULL,Red
NA,31,King's Defender,King's Defender,Epic,420.6,411.25,Karazhan,Chess Event,1,https://tbc.wowhead.com/item=28749,NA,One Hand,Sword,87.5,1.6,NULL,NULL,NULL,17,NULL,NULL,NULL,NULL,NA
NA,32,Blinkstrike,Blinkstrike,Epic,419.71,NULL,NA,World Drop,1,https://tbc.wowhead.com/item=31332,NA,One Hand,Sword,89.3,2.6,NULL,NULL,NULL,NULL,NULL,NULL,NULL,NULL,NA
NA,33,Fireguard,Fireguard,Epic,414.76,405.96,Blacksmithing,Crafted,1,https://tbc.wowhead.com/item=28425,NA,One Hand,Sword,84.4,1.6,NULL,NULL,16,16,NULL,NULL,NULL,NULL,NA
NA,34,Runic Hammer,Runic Hammer,Epic,410.2,NULL,Blacksmithing,Crafted,1,https://tbc.wowhead.com/item=23544,NA,One Hand,Mace,83.5,2.4,50,NULL,NULL,NULL,NULL,NULL,NULL,NULL,NA
NA,35,Felsteel Longblade,Felsteel Longblade,Epic,407.06,NULL,Blacksmithing,Crafted,1,https://tbc.wowhead.com/item=23540,NA,One Hand,Sword,83.4,2.2,NULL,NULL,26,NULL,NULL,NULL,NULL,NULL,NA
NA,36,Vindicator's Brand,Vindicator's Brand,Epic,405.58,395.13,Quartermaster Endarin,NA,1,https://tbc.wowhead.com/item=29124,NA,One Hand,Sword,81.2,2.6,38,NULL,NULL,19,NULL,NULL,NULL,NULL,NA
NA,37,The Sun Eater,The Sun Eater,Epic,391.98,NULL,Mechanar,Pathaleon the Calculator,1,https://tbc.wowhead.com/item=29362,NA,One Hand,Sword,83.4,1.6,NULL,NULL,NULL,NULL,NULL,NULL,NULL,NULL,NA
NA,38,Honor's Call,Honor's Call,Epic,385.57,381.17,Honor Hold,Exalted,1,https://tbc.wowhead.com/item=29156,NA,One Hand,Sword,81.1,1.8,NULL,NULL,NULL,8,NULL,NULL,NULL,NULL,NA
NA,39,Warbringer,Warbringer,Epic,385.02,381.17,Thrallmar,Exalted,1,https://tbc.wowhead.com/item=29165,NA,One Hand,Axe,81.1,1.8,NULL,NULL,NULL,7,NULL,NULL,NULL,NULL,NA
NA,40,Latro's Shifting Sword,Latro's Shifting Sword,Rare,372.05,NULL,Black Morass,Aeonus,1,https://tbc.wowhead.com/item=28189,NA,One Hand,Sword,71.8,1.4,26,NULL,15,NULL,NULL,NULL,NULL,14,NA
NA,41,Illidari-Bane Broadsword (Demon),Illidari-Bane Broadsword (Demon),Rare,370.005,NULL,NA,Quenching the Blade,1,https://tbc.wowhead.com/item=30788,NA,One Hand,Sword,71.7,2.7,93,NULL,NULL,NULL,NULL,NULL,NULL,NULL,NA
NA,42,Firebrand Battleaxe,Firebrand Battleaxe,Rare,366.91,NULL,Blood Furnace,Broggok,1,https://tbc.wowhead.com/item=27490,NA,One Hand,Axe,71.7,2.4,NULL,17,NULL,NULL,NULL,NULL,NULL,14,NA
NA,43,Apexis Crystal Mace,Apexis Crystal Mace,Rare,365,360.6,Blacksmithing,Crafted,1,https://tbc.wowhead.com/item=32661,NA,One Hand,Mace,71.7,1.8,22,NULL,NULL,8,20,NULL,NULL,NULL,NA
NA,44,Bogreaver,Bogreaver,Rare,361.62,NULL,Underbog,Swamplord Musel'ek,1,https://tbc.wowhead.com/item=27767,NA,One Hand,Axe,71.8,1.7,28,NULL,NULL,NULL,18,NULL,NULL,NULL,NA
NA,45,Bloodskull Destroyer,Bloodskull Destroyer,Rare,361.39,NULL,Old Hillsbrad Foothills,Lieutenant Drake,1,https://tbc.wowhead.com/item=28210,NA,One Hand,Mace,71.7,2.6,22,NULL,NULL,NULL,21,NULL,NULL,NULL,NA
