Protection Phase 2,...2,...3,...4,...5,Value Credit: Threat 1:1 Mitigation // Fight Club Discord // https://discord.com/channels/383596811517952002/784258089284927518/857628398116143104,...7,...8,...9,...10,...11,...12,...13,...14,...15,...16,...17,...18,...19,...20,...21,...22,...23,...24,...25,...26,...27,...28,...29
NA,NA,Item,NA,NA,EPV,"If Hit 
Capped",Location,NA,Phase,NA,NA,Stats,NULL,NULL,NULL,NULL,NULL,NULL,NULL,NULL,NULL,NULL,NULL,NULL,NULL,NA,NA,NA
NA,NA,Head,NA,NA,NULL,NULL,NA,NA,NULL,NA,NA,armor,stam,def,dodge,parry,block,ap,str,agi,hit,crit,haste,arp,exp,socket,NA,NA
NA,1,Tankatronic Goggles,Tankatronic Goggles,Epic,288.038,279.198,Engineering,Crafted,2,https://tbc.wowhead.com/item=32473,NA,1296,67,38,22,NULL,NULL,NULL,NULL,NULL,13,NULL,NULL,NULL,NULL,Meta,Yellow,NA
NA,2,Destroyer Greathelm,Destroyer Greathelm,Epic,283.265,NULL,Serpentshrine Cavern,Lady Vashj,2,https://tbc.wowhead.com/item=30115,NA,1355,48,30,33,NULL,NULL,NULL,28,28,NULL,NULL,NULL,NULL,NULL,Meta,Red,NA
NA,3,Destroyer Battle-Helm,Destroyer Battle-Helm,Epic,266.865,252.585,Serpentshrine Cavern,Lady Vashj,2,https://tbc.wowhead.com/item=30120,NA,1355,45,NULL,NULL,NULL,NULL,NULL,47,NULL,21,36,NULL,NULL,NULL,Meta,Blue,NA
NA,4,Warbringer Greathelm,Warbringer Greathelm,Epic,256.221,NULL,Karazhan,Prince Malchezaar,1,https://tbc.wowhead.com/item=29011,NA,1227,53,24,NULL,NULL,19,NULL,15,17,NULL,NULL,NULL,NULL,NULL,Meta,Yellow,NA
NA,5,Faceguard of the Endless Watch,Faceguard of the Endless Watch,Epic,253.417,NULL,Shadowmoon Valley,Doomwalker,1,https://tbc.wowhead.com/item=30731,NA,1227,49,30,37,NULL,NULL,NULL,NULL,NULL,NULL,NULL,NULL,NULL,NULL,Blue,Yellow,Yellow
NA,6,Warbringer Battle-Helm,Warbringer Battle-Helm,Epic,246.627,237.107,Karazhan,Prince Malchezaar,1,https://tbc.wowhead.com/item=29021,NA,1227,45,NULL,NULL,NULL,NULL,NULL,45,NULL,14,24,NULL,NULL,NULL,Meta,Yellow,NA
NA,7,Eternium Greathelm,Eternium Greathelm,Epic,239.45,NULL,Karazhan,The Big Bad Wolf,1,https://tbc.wowhead.com/item=28593,NA,1178,48,34,NULL,NULL,NULL,NULL,31,NULL,NULL,NULL,NULL,NULL,NULL,Red,Yellow,Blue
NA,8,Gladiator's Plate Helm,Gladiator's Plate Helm,Epic,236.085,NULL,Season 1,PvP,1,https://tbc.wowhead.com/item=24545,NA,1257,52,NULL,NULL,NULL,NULL,NULL,30,NULL,NULL,28,NULL,NULL,NULL,Meta,Yellow,NA
NA,9,Fel-Steel Warhelm,Fel-Steel Warhelm,Epic,222.298,201.898,Tempest Keep,Void Reaver,2,https://tbc.wowhead.com/item=29983,NA,1306,46,NULL,NULL,NULL,NULL,NULL,46,NULL,30,44,NULL,NULL,NULL,NA,NA,NA
NA,10,Furious Gizmatic Goggles,Furious Gizmatic Goggles,Epic,221.824,212.984,Engineering,Crafted,2,https://tbc.wowhead.com/item=32461,NA,1296,28,NULL,NULL,NULL,NULL,NULL,48,NULL,13,38,NULL,NULL,NULL,Meta,Blue,NA
NA,11,Helm of the Stalwart Defender,Helm of the Stalwart Defender,Epic,220.784,NULL,Blacksmithing,Crafted,1,https://tbc.wowhead.com/item=23535,NA,1366,47,23,NULL,NULL,NULL,NULL,NULL,NULL,NULL,NULL,NULL,NULL,NULL,Red,Yellow,Blue
NA,12,Thundering Greathelm,Thundering Greathelm,Epic,210.1,NULL,Magtheridon's Lair,Magtheridon,1,https://tbc.wowhead.com/item=28775,NA,1276,49,NULL,NULL,NULL,NULL,NULL,50,43,NULL,NULL,NULL,NULL,NULL,NA,NA,NA
NA,13,Mask of the Deceiver,Mask of the Deceiver,Epic,207.611,196.731,Badge of Justice,G'eras,1,https://tbc.wowhead.com/item=32087,NA,283,36,NULL,NULL,NULL,NULL,64,NULL,32,16,NULL,NULL,NULL,NULL,Yellow,Meta,NA
NA,14,Deathblow X11 Goggles,Deathblow X11 Goggles,Epic,204.288,196.808,Engineering,Crafted,2,https://tbc.wowhead.com/item=32478,NA,326,28,NULL,NULL,NULL,NULL,76,NULL,48,11,NULL,NULL,NULL,NULL,Meta,Blue,NA
NA,15,Faceguard of Determination,Faceguard of Determination,Epic,202.777,NULL,Badge of Justice,G'eras,1,https://tbc.wowhead.com/item=32083,NA,1129,36,32,24,NULL,24,NULL,NULL,NULL,NULL,NULL,NULL,NULL,NULL,Blue,Meta,NA
NA,NA,Neck,NA,NA,NULL,NULL,NA,NA,NULL,NA,NA,armor,stam,def,dodge,parry,block,ap,str,agi,hit,crit,haste,arp,exp,socket,NA,NA
NA,1,Frayed Tether of the Drowned,Frayed Tether of the Drowned,Epic,123.996,111.756,Serpentshrine Cavern,Fathom-Lord Karathress,2,https://tbc.wowhead.com/item=30099,NA,NULL,45,24,NULL,NULL,NULL,NULL,NULL,NULL,18,NULL,NULL,NULL,NULL,NA,NA,NA
NA,2,The Darkener's Grasp,The Darkener's Grasp,Epic,110.432,NULL,Tempest Keep,Kael'thas and the Verdant Sphere,2,https://tbc.wowhead.com/item=30007,NA,NULL,40,27,23,NULL,14,NULL,NULL,NULL,NULL,NULL,NULL,NULL,NULL,NA,NA,NA
NA,3,Necklace of the Deep,Necklace of the Deep,Rare,107.824,NULL,Jewelcrafting,Crafted,1,https://tbc.wowhead.com/item=32508,NA,NULL,20,NULL,NULL,NULL,NULL,NULL,NULL,21,NULL,NULL,NULL,NULL,NULL,Red,Red,NA
NA,4,Barbed Choker of Discipline,Barbed Choker of Discipline,Epic,101.93,NULL,Karazhan,Maiden of Virtue,1,https://tbc.wowhead.com/item=28516,NA,NULL,39,16,21,NULL,NULL,NULL,NULL,NULL,NULL,NULL,NULL,NULL,NULL,NA,NA,NA
NA,5,Hailstone Pendant,Hailstone Pendant,Epic,100.478,87.558,NA,NA,1,https://tbc.wowhead.com/item=35511,NA,NULL,33,22,NULL,NULL,NULL,NULL,NULL,NULL,19,NULL,NULL,NULL,NULL,NA,NA,NA
NA,6,Saberclaw Talisman,Saberclaw Talisman,Epic,96.496,NULL,Karazhan,Shade of Aran,1,https://tbc.wowhead.com/item=28674,NA,NULL,33,NULL,NULL,NULL,NULL,46,NULL,21,NULL,NULL,NULL,NULL,NULL,NA,NA,NA
NA,7,Telonicus's Pendant of Mayhem,Telonicus's Pendant of Mayhem,Epic,93.728,NULL,Tempest Keep,Kael'thas and the Verdant Sphere,2,https://tbc.wowhead.com/item=30017,NA,NULL,26,NULL,NULL,NULL,NULL,70,NULL,27,NULL,NULL,NULL,NULL,NULL,NA,NA,NA
NA,8,Worgen Claw Necklace,Worgen Claw Necklace,Epic,93.166,81.606,Karazhan,Attumen the Huntsman,1,https://tbc.wowhead.com/item=28509,NA,NULL,21,NULL,NULL,NULL,NULL,42,NULL,20,17,NULL,NULL,NULL,NULL,NA,NA,NA
NA,9,Pendant of Triumph,Pendant of Triumph,Epic,92.982,NULL,NA,PvP,1,https://tbc.wowhead.com/item=28244,NA,NULL,28,NULL,NULL,NULL,NULL,36,NULL,NULL,NULL,10,NULL,NULL,NULL,Yellow,NA,NA
NA,10,Enchanted Thorium Torque,Enchanted Thorium Torque,Rare,92.394,81.514,Botanica,High Botanist Freywinn,1,https://tbc.wowhead.com/item=28321,NA,NULL,27,NULL,21,NULL,NULL,NULL,NULL,NULL,16,NULL,NULL,NULL,NULL,NA,NA,NA
NA,11,Choker of Vile Intent,Choker of Vile Intent,Epic,88.492,76.252,Badge of Justice,G'eras,1,https://tbc.wowhead.com/item=29381,NA,NULL,18,NULL,NULL,NULL,NULL,42,NULL,20,18,NULL,NULL,NULL,NULL,NA,NA,NA
NA,12,Mark of the Ravenguard,Mark of the Ravenguard,Rare,87.174,NULL,Terokkar Forest,Brother Against Brother,1,https://tbc.wowhead.com/item=29336,NA,NULL,40,17,NULL,NULL,NULL,NULL,NULL,NULL,NULL,NULL,NULL,NULL,NULL,NA,NA,NA
NA,13,Pendant of Dominance,Pendant of Dominance,Epic,86,NULL,NA,PvP,1,https://tbc.wowhead.com/item=28245,NA,NULL,31,NULL,NULL,NULL,NULL,NULL,NULL,NULL,NULL,NULL,NULL,NULL,NULL,Yellow,NA,NA
NA,14,Thalodien's Charm,Thalodien's Charm,Rare,85.88,NULL,NA,Shutting Down Manaforge Ara,1,https://tbc.wowhead.com/item=30378,NA,NULL,37,15,NULL,NULL,NULL,NULL,NULL,NULL,NULL,NULL,NULL,NULL,NULL,NA,NA,NA
NA,15,Natasha's Battle Chain,Natasha's Battle Chain,Rare,85.036,NULL,NA,The Hound-Master,1,https://tbc.wowhead.com/item=31696,NA,NULL,37,13,NULL,NULL,NULL,NULL,NULL,NULL,NULL,NULL,NULL,NULL,NULL,NA,NA,NA
NA,NA,Shoulders,NA,NA,NULL,NULL,NA,NA,NULL,NA,NA,armor,stam,def,dodge,parry,block,ap,str,agi,hit,crit,haste,arp,exp,socket,NA,NA
NA,1,Destroyer Shoulderguards,Destroyer Shoulderguards,Epic,228.829,NULL,Tempest Keep,Void Reaver,2,https://tbc.wowhead.com/item=30117,NA,1251,44,29,NULL,NULL,NULL,NULL,13,21,NULL,NULL,NULL,NULL,NULL,Red,Blue,NA
NA,2,Destroyer Shoulderblades,Destroyer Shoulderblades,Epic,219.579,207.339,Tempest Keep,Void Reaver,2,https://tbc.wowhead.com/item=30122,NA,1251,38,NULL,NULL,NULL,NULL,NULL,36,NULL,18,20,NULL,NULL,NULL,Yellow,Blue,NA
NA,3,Warbringer Shoulderguards,Warbringer Shoulderguards,Epic,212.223,NULL,Gruul's Lair,High King Maulgar,1,https://tbc.wowhead.com/item=29016,NA,1133,38,17,26,NULL,NULL,NULL,14,15,NULL,NULL,NULL,NULL,NULL,Red,Yellow,NA
NA,4,Warbringer Shoulderplates,Warbringer Shoulderplates,Epic,208.211,199.371,Gruul's Lair,High King Maulgar,1,https://tbc.wowhead.com/item=29023,NA,1133,33,NULL,NULL,NULL,NULL,NULL,32,22,13,NULL,NULL,NULL,NULL,Yellow,Blue,NA
NA,5,Gladiator's Plate Shoulders,Gladiator's Plate Shoulders,Epic,199.865,NULL,Season 1,PvP,1,https://tbc.wowhead.com/item=24546,NA,1160,45,NULL,NULL,NULL,NULL,NULL,22,NULL,NULL,23,NULL,NULL,NULL,Red,Yellow,NA
NA,6,Mantle of Abrahmis,Mantle of Abrahmis,Epic,191.925,NULL,Karazhan,Netherspite,1,https://tbc.wowhead.com/item=28743,NA,1087,43,23,NULL,NULL,NULL,NULL,21,NULL,NULL,NULL,NULL,NULL,NULL,Red,Yellow,NA
NA,7,Shoulderpads of the Stranger,Shoulderpads of the Stranger,Epic,174.569,NULL,Serpentshrine Cavern,Hydross the Unstable,2,https://tbc.wowhead.com/item=30055,NA,303,28,NULL,NULL,NULL,NULL,60,NULL,33,NULL,16,NULL,NULL,10,Red,NA,NA
NA,8,Pauldrons of the Wardancer,Pauldrons of the Wardancer,Epic,165.569,NULL,Serpentshrine Cavern,Hydross the Unstable,2,https://tbc.wowhead.com/item=30053,NA,1206,21,NULL,NULL,NULL,NULL,NULL,38,NULL,NULL,29,NULL,NULL,NULL,Red,Blue,NA
NA,9,Grand Marshal's Plate Shoulders,Grand Marshal's Plate Shoulders,Rare,164.912,NULL,NA,PvP,1,https://tbc.wowhead.com/item=28703,NA,873,36,NULL,NULL,NULL,NULL,NULL,14,NULL,NULL,17,NULL,NULL,NULL,Red,Yellow,NA
NA,10,High Warlord's Plate Shoulders,High Warlord's Plate Shoulders,Rare,164.912,NULL,NA,PvP,1,https://tbc.wowhead.com/item=28855,NA,873,36,NULL,NULL,NULL,NULL,NULL,14,NULL,NULL,17,NULL,NULL,NULL,Red,Yellow,NA
NA,11,Savage Plate Shoulders,Savage Plate Shoulders,Rare,164.912,NULL,NA,Nakodu,1,https://tbc.wowhead.com/item=35411,NA,873,36,NULL,NULL,NULL,NULL,NULL,14,NULL,NULL,17,NULL,NULL,NULL,Red,Yellow,NA
NA,12,Bladed Shoulderpads of the Merciless,Bladed Shoulderpads of the Merciless,Epic,157.426,148.586,Karazhan,Chess Event,1,https://tbc.wowhead.com/item=28755,NA,273,30,NULL,NULL,NULL,NULL,58,NULL,NULL,13,21,NULL,NULL,NULL,Yellow,Yellow,NA
NA,13,Warchief's Mantle,Warchief's Mantle,Rare,153.72,NULL,NA,Return to Andormu,1,https://tbc.wowhead.com/item=29316,NA,786,27,NULL,NULL,18,NULL,NULL,23,NULL,NULL,NULL,NULL,NULL,NULL,Red,Yellow,NA
NA,14,Spaulders of Dementia,Spaulders of Dementia,Epic,149.448,NULL,Sethekk Halls,Talon King Ikiss,1,https://tbc.wowhead.com/item=32073,NA,1042,34,23,NULL,NULL,NULL,NULL,25,24,NULL,NULL,NULL,NULL,NULL,NA,NA,NA
NA,15,Fanblade Pauldrons,Fanblade Pauldrons,Rare,148.872,NULL,Auchenai Crypts,Shirrak the Dead Watcher,1,https://tbc.wowhead.com/item=27847,NA,873,22,20,NULL,15,NULL,NULL,16,NULL,NULL,NULL,NULL,NULL,NULL,Red,Blue,NA
NA,NA,Back,NA,NA,NULL,NULL,NA,NA,NULL,NA,NA,armor,stam,def,dodge,parry,block,ap,str,agi,hit,crit,haste,arp,exp,socket,NA,NA
NA,1,Phoenix-Wing Cloak,Phoenix-Wing Cloak,Epic,108.934,NULL,Tempest Keep,Al'ar,2,https://tbc.wowhead.com/item=29925,NA,108,37,22,27,NULL,NULL,NULL,NULL,NULL,NULL,NULL,NULL,NULL,NULL,NA,NA,NA
NA,2,Thalassian Wildercloak,Thalassian Wildercloak,Epic,102.036,NULL,Tempest Keep,Kael'thas Sunstrider,2,https://tbc.wowhead.com/item=29994,NA,116,28,NULL,NULL,NULL,NULL,68,NULL,28,NULL,NULL,NULL,NULL,NULL,NA,NA,NA
NA,3,Royal Cloak of Arathi Kings,Royal Cloak of Arathi Kings,Epic,101.705,90.825,Karazhan,Moroes,1,https://tbc.wowhead.com/item=28529,NA,97,31,NULL,NULL,NULL,NULL,NULL,26,NULL,16,NULL,NULL,NULL,NULL,NA,NA,NA
NA,4,Drape of the Dark Reavers,Drape of the Dark Reavers,Epic,98.287,86.727,Karazhan,Shade of Aran,1,https://tbc.wowhead.com/item=28672,NA,97,21,NULL,NULL,NULL,NULL,34,NULL,24,17,NULL,NULL,NULL,NULL,NA,NA,NA
NA,5,Farstrider Wildercloak,Farstrider Wildercloak,Epic,91.705,NULL,Karazhan,Prince Malchezaar,1,https://tbc.wowhead.com/item=28764,NA,105,36,NULL,NULL,NULL,NULL,70,NULL,NULL,NULL,NULL,NULL,NULL,NULL,NA,NA,NA
NA,6,Razor-Scale Battlecloak,Razor-Scale Battlecloak,Epic,88.68,NULL,Serpentshrine Cavern,Morogrim Tidewalker,2,https://tbc.wowhead.com/item=30098,NA,108,22,NULL,NULL,NULL,NULL,NULL,33,23,NULL,NULL,NULL,NULL,NULL,NA,NA,NA
NA,7,Cloak of Eternity,Cloak of Eternity,Rare,84.214,NULL,Tailoring,Crafted,1,https://tbc.wowhead.com/item=24253,NA,76,36,23,NULL,NULL,NULL,NULL,NULL,NULL,NULL,NULL,NULL,NULL,NULL,NA,NA,NA
NA,8,Cloak of the Pit Stalker,Cloak of the Pit Stalker,Epic,83.569,NULL,Magtheridon's Lair,Magtheridon,1,https://tbc.wowhead.com/item=28777,NA,105,28,NULL,NULL,NULL,NULL,56,NULL,NULL,NULL,24,NULL,NULL,NULL,NA,NA,NA
NA,9,Farstrider Defender's Cloak,Farstrider Defender's Cloak,Epic,82.871,NULL,Badge of Justice,G'eras,1,https://tbc.wowhead.com/item=29385,NA,267,30,NULL,NULL,NULL,NULL,NULL,NULL,NULL,NULL,NULL,NULL,NULL,NULL,NA,NA,NA
NA,10,Thoriumweave Cloak,Thoriumweave Cloak,Rare,82.87,NULL,Mechanar,Mechano-Lord Capacitus,1,https://tbc.wowhead.com/item=28256,NA,390,35,NULL,NULL,NULL,NULL,NULL,NULL,NULL,NULL,NULL,NULL,NULL,NULL,NA,NA,NA
NA,11,Nomad's Woven Cloak,Nomad's Woven Cloak,Rare,82.864,74.024,Nagrand,Bring Me The Egg!,1,https://tbc.wowhead.com/item=28031,NA,66,21,NULL,NULL,NULL,NULL,NULL,14,14,13,NULL,NULL,NULL,NULL,NA,NA,NA
NA,12,Gilded Thorium Cloak,Gilded Thorium Cloak,Epic,82.833,NULL,Karazhan,Terestian Illhoof,1,https://tbc.wowhead.com/item=28660,NA,385,30,24,NULL,NULL,NULL,NULL,NULL,NULL,NULL,NULL,NULL,NULL,NULL,NA,NA,NA
NA,13,Devilshark Cape,Devilshark Cape,Rare,80.468,NULL,Steamvault,Warlord Kalithresh,1,https://tbc.wowhead.com/item=27804,NA,78,22,20,18,NULL,NULL,NULL,NULL,NULL,NULL,NULL,NULL,NULL,NULL,NA,NA,NA
NA,14,Blood Knight War Cloak,Blood Knight War Cloak,Epic,79.917,NULL,Badge of Justice,G'eras,1,https://tbc.wowhead.com/item=29382,NA,93,22,NULL,NULL,NULL,NULL,48,NULL,23,NULL,NULL,NULL,NULL,NULL,NA,NA,NA
NA,15,Delicate Green Poncho,Delicate Green Poncho,Rare,78.454,68.934,Nagrand,Bring Me The Egg!,1,https://tbc.wowhead.com/item=28032,NA,66,19,NULL,NULL,NULL,NULL,28,NULL,14,14,NULL,NULL,NULL,NULL,NA,NA,NA
NA,NA,Chest,NA,NA,NULL,NULL,NA,NA,NULL,NA,NA,armor,stam,def,dodge,parry,block,ap,str,agi,hit,crit,haste,arp,exp,socket,NA,NA
NA,1,Destroyer Chestguard,Destroyer Chestguard,Epic,343.138,NULL,Tempest Keep,Kael'thas Sunstrider,2,https://tbc.wowhead.com/item=30113,NA,1668,57,27,24,NULL,NULL,NULL,25,26,24,NULL,NULL,NULL,NULL,Blue,Yellow,Red
NA,2,Bulwark of Kings,Bulwark of Kings,Epic,302.844,56.122,Blacksmithing,Crafted,1,https://tbc.wowhead.com/item=28484,NA,1595,55,NULL,NULL,NULL,NULL,NULL,35,NULL,23,37,NULL,NULL,NULL,Blue,Yellow,Yellow
NA,3,Destroyer Breastplate,Destroyer Breastplate,Epic,287.613,NULL,Tempest Keep,Kael'thas Sunstrider,2,https://tbc.wowhead.com/item=30118,NA,1668,48,NULL,NULL,NULL,NULL,NULL,50,NULL,15,33,NULL,NULL,NULL,Yellow,Blue,Red
NA,4,Warbringer Chestguard,Warbringer Chestguard,Epic,269.588,NULL,Magtheridon's Lair,Magtheridon,1,https://tbc.wowhead.com/item=29012,NA,1510,48,22,NULL,NULL,23,NULL,16,17,NULL,NULL,NULL,NULL,NULL,Yellow,Yellow,Red
NA,5,Breastplate of Kings,Breastplate of Kings,Epic,267.75,58.162,Blacksmithing,Crafted,1,https://tbc.wowhead.com/item=28483,NA,1353,46,NULL,NULL,NULL,NULL,NULL,31,NULL,20,31,NULL,NULL,NULL,Blue,Yellow,Yellow
NA,6,Gladiator's Plate Chestpiece,Gladiator's Plate Chestpiece,Epic,264.377,69.468,Season 1,PvP,1,https://tbc.wowhead.com/item=24544,NA,1547,49,NULL,NULL,NULL,NULL,NULL,23,NULL,12,30,NULL,NULL,NULL,Red,Red,Yellow
NA,7,Krakken-Heart Breastplate,Krakken-Heart Breastplate,Epic,257.264,NULL,Serpentshrine Cavern,Lady Vashj,2,https://tbc.wowhead.com/item=30102,NA,1728,42,NULL,NULL,NULL,NULL,NULL,61,43,30,NULL,NULL,NULL,NULL,NA,NA,NA
NA,8,Panzar'Thar Breastplate,Panzar'Thar Breastplate,Epic,247.636,NULL,Karazhan,Nightbane,1,https://tbc.wowhead.com/item=28597,NA,1450,51,26,NULL,NULL,24,NULL,NULL,NULL,NULL,NULL,NULL,NULL,NULL,Yellow,Blue,Blue
NA,9,Warbringer Breastplate,Warbringer Breastplate,Epic,237.74,NULL,Magtheridon's Lair,Magtheridon,1,https://tbc.wowhead.com/item=29019,NA,1510,39,NULL,NULL,NULL,NULL,NULL,44,NULL,NULL,26,NULL,NULL,NULL,Yellow,Blue,Blue
NA,10,Twisting Nether Chain Shirt,Twisting Nether Chain Shirt,Epic,228.524,NULL,Blacksmithing,Crafted,1,https://tbc.wowhead.com/item=23564,NA,893,48,NULL,NULL,NULL,NULL,68,NULL,NULL,NULL,33,NULL,NULL,NULL,Red,Yellow,Blue
NA,11,Grand Marshal's Plate Chestpiece,Grand Marshal's Plate Chestpiece,Rare,220.58,NULL,NA,PvP,0,https://tbc.wowhead.com/item=28699,NA,1164,46,NULL,NULL,NULL,NULL,NULL,12,NULL,NULL,24,NULL,NULL,NULL,Red,Red,Yellow
NA,12,High Warlord's Plate Chestpiece,High Warlord's Plate Chestpiece,Rare,220.58,NULL,NA,PvP,0,https://tbc.wowhead.com/item=28851,NA,1164,46,NULL,NULL,NULL,NULL,NULL,12,NULL,NULL,24,NULL,NULL,NULL,Red,Red,Yellow
NA,13,Savage Plate Chestpiece,Savage Plate Chestpiece,Rare,220.58,NULL,The Sha'tar,Honored,1,https://tbc.wowhead.com/item=35407,NA,1164,46,NULL,NULL,NULL,NULL,NULL,12,NULL,NULL,24,NULL,NULL,NULL,Red,Red,Yellow
NA,14,Breastplate of the Bold,Breastplate of the Bold,Rare,217.778,NULL,Arcatraz,Harbinger Skyriss,1,https://tbc.wowhead.com/item=28205,NA,1164,33,19,NULL,NULL,NULL,NULL,23,21,NULL,NULL,NULL,NULL,NULL,Red,Red,Blue
NA,15,Heavy Earthforged Breastplate,Heavy Earthforged Breastplate,Rare,210.26,NULL,Blacksmithing,Crafted,1,https://tbc.wowhead.com/item=30074,NA,1018,36,11,NULL,NULL,NULL,NULL,30,11,NULL,NULL,NULL,NULL,NULL,Red,Yellow,Blue
NA,NA,Wrist,NA,NA,NULL,NULL,NA,NA,NULL,NA,NA,armor,stam,def,dodge,parry,block,ap,str,agi,hit,crit,haste,arp,exp,socket,NA,NA
NA,1,Vambraces of Courage,Vambraces of Courage,Epic,129.462,NULL,Karazhan,Attumen the Huntsman,1,https://tbc.wowhead.com/item=28502,NA,634,33,15,NULL,NULL,NULL,NULL,NULL,NULL,NULL,NULL,NULL,NULL,NULL,Yellow,NA,NA
NA,2,Bladespire Warbands,Bladespire Warbands,Epic,125.543,NULL,Gruul's Lair,High King Maulgar,1,https://tbc.wowhead.com/item=28795,NA,687,16,NULL,NULL,NULL,NULL,NULL,20,NULL,NULL,24,NULL,NULL,NULL,Blue,Red,NA
NA,3,Wristguards of Determination,Wristguards of Determination,Epic,123.077,NULL,Tempest Keep,Void Reaver,2,https://tbc.wowhead.com/item=32515,NA,703,37,24,19,NULL,13,NULL,NULL,NULL,NULL,NULL,NULL,NULL,NULL,NA,NA,NA
NA,4,Veteran's Chain Bracers,Veteran's Chain Bracers,Epic,121.564,NULL,Mail Armor,NA,1,https://tbc.wowhead.com/item=32809,NA,388,29,NULL,NULL,NULL,NULL,18,NULL,20,NULL,8,NULL,NULL,NULL,Yellow,NA,NA
NA,5,Bracers of Eradication,Bracers of Eradication,Epic,119.553,107.993,Serpentshrine Cavern,The Lurker Below,2,https://tbc.wowhead.com/item=30057,NA,703,12,NULL,NULL,NULL,NULL,NULL,25,NULL,17,24,NULL,NULL,NULL,Blue,NA,NA
NA,6,Veteran's Linked Bracers,Veteran's Linked Bracers,Epic,115.023,NULL,Mail Armor,NA,1,https://tbc.wowhead.com/item=32816,NA,388,29,NULL,NULL,NULL,NULL,NULL,21,NULL,NULL,17,NULL,NULL,NULL,Yellow,NA,NA
NA,7,Vambraces of Ending,Vambraces of Ending,Epic,112.561,NULL,Tempest Keep,High Astromancer Solarian,2,https://tbc.wowhead.com/item=29966,NA,177,24,NULL,NULL,NULL,NULL,52,NULL,24,NULL,NULL,NULL,NULL,NULL,Blue,NA,NA
NA,8,Bracers of the Green Fortress,Bracers of the Green Fortress,Epic,112.527,NULL,Blacksmithing,Crafted,1,https://tbc.wowhead.com/item=23538,NA,581,39,17,10,NULL,NULL,NULL,NULL,NULL,NULL,NULL,NULL,NULL,NULL,NA,NA,NA
NA,9,General's Plate Bracers,General's Plate Bracers,Epic,112.246,NULL,Season 1,PvP,1,https://tbc.wowhead.com/item=28381,NA,624,25,NULL,NULL,NULL,NULL,NULL,19,NULL,NULL,14,NULL,NULL,NULL,Yellow,NA,NA
NA,10,Marshal's Plate Bracers,Marshal's Plate Bracers,Epic,112.246,NULL,NA,PvP,1,https://tbc.wowhead.com/item=28996,NA,624,25,NULL,NULL,NULL,NULL,NULL,19,NULL,NULL,14,NULL,NULL,NULL,Yellow,NA,NA
NA,11,General's Chain Bracers,General's Chain Bracers,Epic,109.462,NULL,NA,NA,1,https://tbc.wowhead.com/item=28451,NA,349,25,NULL,NULL,NULL,NULL,16,NULL,18,NULL,7,NULL,NULL,NULL,Yellow,NA,NA
NA,12,Marshal's Chain Bracers,Marshal's Chain Bracers,Epic,109.462,NULL,NA,PvP,1,https://tbc.wowhead.com/item=28973,NA,349,25,NULL,NULL,NULL,NULL,16,NULL,18,NULL,7,NULL,NULL,NULL,Yellow,NA,NA
NA,13,Ravager's Bracers of the Champion,Ravager's Bracers of the Champion,Epic,107.142,NULL,Karazhan,Rokad the Ravager,1,https://tbc.wowhead.com/item=30687/ravagers-bracers,NA,634,32,22,NULL,NULL,NULL,NULL,22,NULL,NULL,NULL,NULL,NULL,NULL,NA,NA,NA
NA,14,General's Scaled Bracers,General's Scaled Bracers,Epic,107.121,NULL,Season 1,PvP,1,https://tbc.wowhead.com/item=28646,NA,624,22,NULL,NULL,NULL,NULL,NULL,26,NULL,NULL,7,NULL,NULL,NULL,Yellow,NA,NA
NA,15,Marshal's Scaled Bracers,Marshal's Scaled Bracers,Epic,107.121,NULL,NA,PvP,1,https://tbc.wowhead.com/item=28999,NA,624,22,NULL,NULL,NULL,NULL,NULL,26,NULL,NULL,7,NULL,NULL,NULL,Yellow,NA,NA
NA,NA,Hands,NA,NA,NULL,NULL,NA,NA,NULL,NA,NA,armor,stam,def,dodge,parry,block,ap,str,agi,hit,crit,haste,arp,exp,socket,NA,NA
NA,1,Royal Gauntlets of Silvermoon,Royal Gauntlets of Silvermoon,Epic,233.944,NULL,Tempest Keep,Kael'thas Sunstrider,2,https://tbc.wowhead.com/item=29998,NA,1080,57,24,32,NULL,NULL,NULL,NULL,NULL,NULL,NULL,NULL,NULL,NULL,Yellow,Blue,NA
NA,2,Topaz-Studded Battlegrips,Topaz-Studded Battlegrips,Epic,190.234,NULL,Hellfire Peninsula,Doom Lord Kazzak,1,https://tbc.wowhead.com/item=30741,NA,944,49,31,NULL,NULL,NULL,NULL,NULL,NULL,NULL,NULL,NULL,NULL,NULL,Yellow,Blue,NA
NA,3,Gloves of the Searing Grip,Gloves of the Searing Grip,Epic,186.542,NULL,Tempest Keep,Al'ar,2,https://tbc.wowhead.com/item=29947,NA,252,37,NULL,NULL,NULL,NULL,66,NULL,33,NULL,NULL,NULL,NULL,18,NA,NA,NA
NA,4,Gauntlets of Martial Perfection,Gauntlets of Martial Perfection,Epic,180.223,NULL,Gruul's Lair,Gruul the Dragonkiller,1,https://tbc.wowhead.com/item=28824,NA,982,34,NULL,NULL,NULL,NULL,NULL,36,NULL,NULL,23,NULL,NULL,NULL,Blue,Yellow,NA
NA,5,Iron Gauntlets of the Maiden,Iron Gauntlets of the Maiden,Epic,176.982,NULL,Karazhan,Maiden of Virtue,1,https://tbc.wowhead.com/item=28518,NA,906,39,16,NULL,NULL,17,NULL,NULL,NULL,NULL,NULL,NULL,NULL,NULL,Red,Yellow,NA
NA,6,Destroyer Handguards,Destroyer Handguards,Epic,174.096,NULL,Serpentshrine Cavern,Leotheras the Blind,2,https://tbc.wowhead.com/item=30114,NA,1042,44,25,NULL,NULL,23,NULL,16,16,NULL,NULL,NULL,NULL,NULL,NA,NA,NA
NA,7,Destroyer Gauntlets,Destroyer Gauntlets,Epic,166.148,NULL,Serpentshrine Cavern,Leotheras the Blind,2,https://tbc.wowhead.com/item=30119,NA,1042,46,NULL,NULL,NULL,NULL,NULL,44,NULL,NULL,30,NULL,NULL,NULL,NA,NA,NA
NA,8,Warbringer Handguards,Warbringer Handguards,Epic,165.483,NULL,Karazhan,The Curator,1,https://tbc.wowhead.com/item=29017,NA,944,38,23,NULL,29,NULL,NULL,17,20,NULL,NULL,NULL,NULL,NULL,NA,NA,NA
NA,9,Gauntlets of the Bold,Gauntlets of the Bold,Rare,165.032,NULL,Steamvault,Warlord Kalithresh,1,https://tbc.wowhead.com/item=27475,NA,728,31,14,NULL,NULL,NULL,NULL,17,16,NULL,NULL,NULL,NULL,NULL,Red,Yellow,NA
NA,10,Grips of Deftness,Grips of Deftness,Epic,164.955,NULL,Karazhan,Trash,1,https://tbc.wowhead.com/item=30644,NA,228,34,NULL,NULL,NULL,NULL,60,NULL,29,NULL,NULL,NULL,NULL,15,NA,NA,NA
NA,11,Doomplate Gauntlets,Doomplate Gauntlets,Rare,164.252,NULL,Blood Furnace,Keli'dan the Breaker,1,https://tbc.wowhead.com/item=27497,NA,728,25,NULL,NULL,NULL,NULL,NULL,31,NULL,NULL,NULL,NULL,NULL,NULL,Yellow,Yellow,Blue
NA,12,Steelgrip Gauntlets,Steelgrip Gauntlets,Epic,163.887,NULL,Blacksmithing,Crafted,1,https://tbc.wowhead.com/item=23533,NA,831,36,NULL,NULL,NULL,NULL,NULL,28,NULL,NULL,NULL,NULL,NULL,NULL,Red,Blue,NA
NA,13,Warbringer Gauntlets,Warbringer Gauntlets,Epic,162.724,150.484,Karazhan,The Curator,1,https://tbc.wowhead.com/item=29020,NA,944,33,NULL,NULL,NULL,NULL,NULL,34,23,18,NULL,NULL,NULL,NULL,NA,NA,NA
NA,14,Wastewalker Gloves,Wastewalker Gloves,Rare,153.959,NULL,Shattered Halls,Warchief Kargath Bladefist,1,https://tbc.wowhead.com/item=27531,NA,183,33,NULL,NULL,NULL,NULL,16,NULL,32,NULL,NULL,NULL,NULL,NULL,Red,Yellow,NA
NA,15,Gauntlets of the Dragonslayer,Gauntlets of the Dragonslayer,Epic,153.942,NULL,Gruul's Lair,Gruul the Dragonkiller,1,https://tbc.wowhead.com/item=28827,NA,550,27,NULL,NULL,NULL,NULL,48,NULL,24,NULL,NULL,NULL,NULL,NULL,Red,Red,NA
NA,NA,Waist,NA,NA,NULL,NULL,NA,NA,NULL,NA,NA,armor,stam,def,dodge,parry,block,ap,str,agi,hit,crit,haste,arp,exp,socket,NA,NA
NA,1,Belt of One-Hundred Deaths,Belt of One-Hundred Deaths,Epic,230.821,NULL,Serpentshrine Cavern,Lady Vashj,2,https://tbc.wowhead.com/item=30106,NA,244,25,NULL,NULL,NULL,NULL,74,NULL,29,NULL,NULL,NULL,NULL,25,Red,Blue,NA
NA,2,Girdle of the Invulnerable,Girdle of the Invulnerable,Epic,196.407,NULL,Serpentshrine Cavern,Leotheras the Blind,2,https://tbc.wowhead.com/item=30096,NA,904,37,22,19,29,NULL,NULL,NULL,NULL,NULL,NULL,NULL,NULL,NULL,Red,Blue,NA
NA,3,Belt of the Guardian,Belt of the Guardian,Epic,194.06,NULL,Blacksmithing,Crafted,2,https://tbc.wowhead.com/item=30034,NA,904,48,19,NULL,NULL,NULL,NULL,NULL,NULL,NULL,NULL,NULL,NULL,NULL,Red,Yellow,NA
NA,4,Belt of Natural Power,Belt of Natural Power,Epic,173.891,NULL,Leatherworking,Crafted,2,https://tbc.wowhead.com/item=30042,NA,423,38,NULL,NULL,NULL,NULL,NULL,29,20,NULL,NULL,NULL,NULL,NULL,Red,Red,NA
NA,5,Red Belt of Battle,Red Belt of Battle,Epic,173.616,164.096,Blacksmithing,Crafted,2,https://tbc.wowhead.com/item=30032,NA,904,21,NULL,NULL,NULL,NULL,NULL,41,NULL,14,24,NULL,NULL,NULL,Blue,Yellow,NA
NA,6,Girdle of the Endless Pit,Girdle of the Endless Pit,Epic,170.128,NULL,Magtheridon's Lair,Magtheridon,1,https://tbc.wowhead.com/item=28779,NA,884,30,NULL,NULL,NULL,NULL,NULL,34,NULL,NULL,28,NULL,NULL,NULL,Red,Blue,NA
NA,7,Crimson Girdle of the Indomitable,Crimson Girdle of the Indomitable,Epic,166.784,NULL,Karazhan,Moroes,1,https://tbc.wowhead.com/item=28566,NA,816,36,24,NULL,NULL,20,NULL,16,NULL,NULL,NULL,NULL,NULL,NULL,Red,Yellow,NA
NA,8,Girdle of Treachery,Girdle of Treachery,Epic,159.213,NULL,Karazhan,Chess Event,1,https://tbc.wowhead.com/item=28750,NA,205,37,NULL,NULL,NULL,NULL,58,NULL,18,NULL,NULL,NULL,NULL,NULL,Red,Red,NA
NA,9,Girdle of the Immovable,Girdle of the Immovable,Rare,153.399,NULL,Slave Pens,Quagmirran,1,https://tbc.wowhead.com/item=27672,NA,655,33,18,NULL,NULL,12,NULL,17,NULL,NULL,NULL,NULL,NULL,NULL,Red,Yellow,NA
NA,10,Belt of Deep Shadow,Belt of Deep Shadow,Epic,152.879,140.639,Leatherworking,Crafted,2,https://tbc.wowhead.com/item=30040,NA,227,14,NULL,NULL,NULL,NULL,66,NULL,32,18,NULL,NULL,NULL,NULL,Blue,Blue,NA
NA,11,Belt of the Black Eagle,Belt of the Black Eagle,Epic,143.929,NULL,Leatherworking,Crafted,2,https://tbc.wowhead.com/item=30046,NA,506,20,NULL,NULL,NULL,NULL,66,NULL,17,NULL,17,NULL,NULL,NULL,Blue,Yellow,NA
NA,12,Girdle of Gallantry,Girdle of Gallantry,Rare,142.707,NULL,Underbog,Ghaz'an,1,https://tbc.wowhead.com/item=27755,NA,655,22,NULL,NULL,NULL,NULL,NULL,27,14,NULL,NULL,NULL,NULL,NULL,Red,Yellow,NA
NA,13,Lurker's Girdle of the Champion,Lurker's Girdle of the Champion,Epic,142.218,NULL,Karazhan,Hyakiss the Lurker,1,https://tbc.wowhead.com/item=30678/lurkers-girdle,NA,816,43,29,NULL,NULL,NULL,NULL,29,NULL,NULL,NULL,NULL,NULL,NULL,NA,NA,NA
NA,14,Deathforge Girdle,Deathforge Girdle,Rare,141.811,NULL,Sethekk Halls,Talon King Ikiss,1,https://tbc.wowhead.com/item=27985,NA,655,25,NULL,NULL,NULL,NULL,NULL,22,NULL,NULL,20,NULL,NULL,NULL,Red,Blue,NA
NA,15,Gronn-Stitched Girdle,Gronn-Stitched Girdle,Epic,137.605,NULL,Gruul's Lair,Gruul the Dragonkiller,1,https://tbc.wowhead.com/item=28828,NA,222,27,NULL,NULL,NULL,NULL,72,NULL,NULL,NULL,25,NULL,NULL,NULL,Blue,Yellow,NA
NA,NA,Ring,NA,NA,NULL,NULL,NA,NA,NULL,NA,NA,armor,stam,def,dodge,parry,block,ap,str,agi,hit,crit,haste,arp,exp,socket,NA,NA
NA,1,Shapeshifter's Signet,Shapeshifter's Signet,Epic,123.78,NULL,Lower City,Exalted,1,https://tbc.wowhead.com/item=30834,NA,NULL,18,NULL,NULL,NULL,NULL,NULL,NULL,25,NULL,NULL,NULL,NULL,20,NA,NA,NA
NA,2,Ring of Sundered Souls,Ring of Sundered Souls,Epic,118.046,NULL,Serpentshrine Cavern,Morogrim Tidewalker,2,https://tbc.wowhead.com/item=30083,NA,NULL,45,18,25,NULL,NULL,NULL,NULL,NULL,NULL,NULL,NULL,NULL,NULL,NA,NA,NA
NA,3,Band of the Ranger-General,Band of the Ranger-General,Epic,103.824,91.584,Tempest Keep,Kael'thas Sunstrider,2,https://tbc.wowhead.com/item=29997,NA,NULL,27,NULL,NULL,NULL,NULL,56,NULL,NULL,18,28,NULL,NULL,NULL,NA,NA,NA
NA,4,Violet Signet of the Master Assassin,Violet Signet of the Master Assassin,Epic,102.142,85.142,Deadwind Pass,Eminence Among the Violet Eye,1,https://tbc.wowhead.com/item=29283,NA,NULL,28,NULL,NULL,NULL,NULL,56,NULL,NULL,25,NULL,NULL,NULL,NULL,NA,NA,NA
NA,5,Garona's Signet Ring,Garona's Signet Ring,Epic,102.028,89.788,Karazhan,The Curator,1,https://tbc.wowhead.com/item=28649,NA,NULL,25,NULL,NULL,NULL,NULL,40,NULL,20,18,NULL,NULL,NULL,NULL,NA,NA,NA
NA,6,Ancestral Ring of Conquest,Ancestral Ring of Conquest,Epic,98.64,NULL,Serpentshrine Cavern,The Lurker Below,2,https://tbc.wowhead.com/item=30061,NA,NULL,30,NULL,NULL,NULL,NULL,NULL,32,21,NULL,NULL,NULL,NULL,NULL,NA,NA,NA
NA,7,Violet Signet,Violet Signet,Epic,97.888,81.568,Deadwind Pass,Distinguished Service,1,https://tbc.wowhead.com/item=29282,NA,NULL,27,NULL,NULL,NULL,NULL,52,NULL,NULL,24,NULL,NULL,NULL,NULL,NA,NA,NA
NA,8,Ring of Lethality,Ring of Lethality,Epic,97.45,84.53,Serpentshrine Cavern,Hydross the Unstable,2,https://tbc.wowhead.com/item=30052,NA,NULL,19,NULL,NULL,NULL,NULL,50,NULL,24,19,NULL,NULL,NULL,NULL,NA,NA,NA
NA,9,Violet Signet of the Great Protector,Violet Signet of the Great Protector,Epic,94.954,NULL,Deadwind Pass,Eminence Among the Violet Eye,1,https://tbc.wowhead.com/item=29279,NA,392,37,19,NULL,NULL,NULL,NULL,NULL,NULL,NULL,NULL,NULL,NULL,NULL,NA,NA,NA
NA,10,Violet Signet,Violet Signet,Epic,91.839,NULL,Deadwind Pass,Distinguished Service,1,https://tbc.wowhead.com/item=29278,NA,371,36,18,NULL,NULL,NULL,NULL,NULL,NULL,NULL,NULL,NULL,NULL,NULL,NA,NA,NA
NA,11,Seventh Ring of the Tirisfalen,Seventh Ring of the Tirisfalen,Epic,90.438,NULL,Tempest Keep,Trash,2,https://tbc.wowhead.com/item=30028,NA,NULL,37,17,NULL,NULL,24,NULL,NULL,NULL,NULL,NULL,NULL,NULL,NULL,NA,NA,NA
NA,12,Nexus-Prince's Ring of Balance,Nexus-Prince's Ring of Balance,Epic,89.696,NULL,Mana-Tombs,Yor,1,https://tbc.wowhead.com/item=31919,NA,NULL,30,NULL,NULL,NULL,NULL,NULL,20,19,NULL,NULL,NULL,NULL,NULL,NA,NA,NA
NA,13,Ring of the Recalcitrant,Ring of the Recalcitrant,Epic,89.184,NULL,Magtheridon's Lair,The Fall of Magtheridon,1,https://tbc.wowhead.com/item=28791,NA,NULL,27,NULL,NULL,NULL,NULL,54,NULL,24,NULL,NULL,NULL,NULL,NULL,NA,NA,NA
NA,14,Shermanar Great-Ring,Shermanar Great-Ring,Epic,89.065,NULL,Karazhan,Shade of Aran,1,https://tbc.wowhead.com/item=28675,NA,223,36,23,NULL,NULL,NULL,NULL,NULL,NULL,NULL,NULL,NULL,NULL,NULL,NA,NA,NA
NA,15,Violet Signet,Violet Signet,Epic,88.772,73.812,Deadwind Pass,Down the Violet Path,1,https://tbc.wowhead.com/item=29281,NA,NULL,24,NULL,NULL,NULL,NULL,50,NULL,NULL,22,NULL,NULL,NULL,NULL,NA,NA,NA
NA,NA,Legs,NA,NA,NULL,NULL,NA,NA,NULL,NA,NA,armor,stam,def,dodge,parry,block,ap,str,agi,hit,crit,haste,arp,exp,socket,NA,NA
NA,1,Destroyer Greaves,Destroyer Greaves,Epic,260.711,245.751,Serpentshrine Cavern,Fathom-Lord Karathress,2,https://tbc.wowhead.com/item=30121,NA,1459,57,NULL,NULL,NULL,NULL,NULL,52,NULL,22,32,NULL,NULL,NULL,Red,NA,NA
NA,2,Wrynn Dynasty Greaves,Wrynn Dynasty Greaves,Epic,259.105,NULL,Karazhan,The Curator,1,https://tbc.wowhead.com/item=28621,NA,1269,48,27,29,NULL,NULL,NULL,24,NULL,NULL,NULL,NULL,NULL,NULL,Red,Yellow,Yellow
NA,3,Destroyer Legguards,Destroyer Legguards,Epic,258.343,NULL,Serpentshrine Cavern,Fathom-Lord Karathress,2,https://tbc.wowhead.com/item=30116,NA,1459,60,39,NULL,NULL,32,NULL,18,28,NULL,NULL,NULL,NULL,NULL,Red,NA,NA
NA,4,Greaves of the Bloodwarder,Greaves of the Bloodwarder,Epic,253.563,NULL,Tempest Keep,High Astromancer Solarian,2,https://tbc.wowhead.com/item=29950,NA,1406,46,NULL,NULL,NULL,NULL,NULL,49,NULL,NULL,31,NULL,NULL,NULL,Red,Yellow,Blue
NA,5,Timewarden's Leggings,Timewarden's Leggings,Rare,236.221,NULL,Keepers of Time,Revered,1,https://tbc.wowhead.com/item=29184,NA,1019,57,18,11,NULL,NULL,NULL,NULL,NULL,NULL,NULL,NULL,NULL,NULL,Red,Yellow,Blue
NA,6,Warbringer Legguards,Warbringer Legguards,Epic,232.95,NULL,Gruul's Lair,Gruul the Dragonkiller,1,https://tbc.wowhead.com/item=29015,NA,1322,55,33,35,NULL,NULL,NULL,24,24,NULL,NULL,NULL,NULL,NULL,NA,NA,NA
NA,7,Skulker's Greaves,Skulker's Greaves,Epic,220.711,201.671,Karazhan,Netherspite,1,https://tbc.wowhead.com/item=28741,NA,319,28,NULL,NULL,NULL,NULL,64,NULL,32,28,NULL,NULL,NULL,NULL,Red,Red,Blue
NA,8,Void Reaver Greaves,Void Reaver Greaves,Epic,219.315,NULL,Tempest Keep,Void Reaver,2,https://tbc.wowhead.com/item=29985,NA,787,33,NULL,NULL,NULL,NULL,88,NULL,37,NULL,NULL,NULL,NULL,NULL,Red,Yellow,Blue
NA,9,Vanquisher's Legplates,Vanquisher's Legplates,Epic,215.945,NULL,Mechanar,Pathaleon the Calculator,1,https://tbc.wowhead.com/item=30533,NA,1216,36,NULL,NULL,NULL,NULL,NULL,36,NULL,NULL,23,NULL,NULL,NULL,Red,Red,Blue
NA,10,Gladiator's Plate Legguards,Gladiator's Plate Legguards,Epic,210.749,202.589,Season 1,PvP,1,https://tbc.wowhead.com/item=24547,NA,1353,55,NULL,NULL,NULL,NULL,NULL,40,NULL,12,36,NULL,NULL,NULL,NA,NA,NA
NA,11,Felsteel Leggings,Felsteel Leggings,Rare,205.407,NULL,Blacksmithing,Crafted,1,https://tbc.wowhead.com/item=23518,NA,1257,39,33,NULL,NULL,NULL,NULL,NULL,NULL,NULL,NULL,NULL,NULL,NULL,Yellow,Red,Blue
NA,12,Greaves of the Shatterer,Greaves of the Shatterer,Rare,204.877,NULL,Shattered Halls,Warchief Kargath Bladefist,1,https://tbc.wowhead.com/item=27527,NA,1019,37,25,NULL,NULL,NULL,NULL,25,NULL,NULL,NULL,NULL,NULL,NULL,Red,Yellow,Blue
NA,13,Warbringer Greaves,Warbringer Greaves,Epic,198.745,NULL,Gruul's Lair,Gruul the Dragonkiller,1,https://tbc.wowhead.com/item=29022,NA,1322,54,NULL,NULL,NULL,NULL,NULL,51,NULL,NULL,37,NULL,NULL,NULL,NA,NA,NA
NA,14,Mag'hari Warlord's Legplates,Mag'hari Warlord's Legplates,Rare,197.515,187.315,NA,PvP,1,https://tbc.wowhead.com/item=28175,NA,917,64,16,NULL,NULL,NULL,NULL,12,NULL,15,12,NULL,NULL,NULL,NA,NA,NA
NA,15,Wastewalker Leggings,Wastewalker Leggings,Rare,195.402,182.482,Mana-Tombs,Nexus-Prince Shaffar,1,https://tbc.wowhead.com/item=27837,NA,256,27,NULL,NULL,NULL,NULL,28,NULL,31,19,NULL,NULL,NULL,NULL,Red,Red,Blue
NA,NA,Feet,NA,NA,NULL,NULL,NA,NA,NULL,NA,NA,armor,stam,def,dodge,parry,block,ap,str,agi,hit,crit,haste,arp,exp,socket,NA,NA
NA,1,Boots of the Resilient,Boots of the Resilient,Epic,197.415,NULL,Tempest Keep,High Astromancer Solarian,2,https://tbc.wowhead.com/item=32267,NA,1105,51,25,NULL,NULL,25,NULL,NULL,NULL,NULL,NULL,NULL,NULL,NULL,Red,Yellow,NA
NA,2,Ironstriders of Urgency,Ironstriders of Urgency,Epic,175.185,NULL,Karazhan,Nightbane,1,https://tbc.wowhead.com/item=28608,NA,997,28,NULL,NULL,NULL,NULL,NULL,33,20,NULL,NULL,NULL,NULL,NULL,Red,Yellow,NA
NA,3,Battlescar Boots,Battlescar Boots,Epic,171.492,NULL,Karazhan,Chess Event,1,https://tbc.wowhead.com/item=28747,NA,997,28,23,NULL,21,NULL,NULL,18,NULL,NULL,NULL,NULL,NULL,NULL,Red,Blue,NA
NA,4,Fiend Slayer Boots,Fiend Slayer Boots,Epic,169.388,157.828,Karazhan,Chess Event,1,https://tbc.wowhead.com/item=28746,NA,558,24,NULL,NULL,NULL,NULL,34,NULL,26,17,NULL,NULL,NULL,NULL,Red,Blue,NA
NA,5,Edgewalker Longboots,Edgewalker Longboots,Epic,167.072,158.232,Karazhan,Moroes,1,https://tbc.wowhead.com/item=28545,NA,250,28,NULL,NULL,NULL,NULL,44,NULL,29,13,NULL,NULL,NULL,NULL,Red,Yellow,NA
NA,6,Cobra-Lash Boots,Cobra-Lash Boots,Epic,166.409,NULL,Serpentshrine Cavern,Lady Vashj,2,https://tbc.wowhead.com/item=30104,NA,665,25,NULL,NULL,NULL,NULL,66,NULL,33,NULL,NULL,NULL,NULL,NULL,Blue,Red,NA
NA,7,Red Havoc Boots,Red Havoc Boots,Epic,159.469,NULL,Blacksmithing,Crafted,2,https://tbc.wowhead.com/item=30031,NA,1105,49,32,NULL,NULL,25,NULL,NULL,NULL,NULL,NULL,NULL,NULL,NULL,NA,NA,NA
NA,8,Obsidian Clodstompers,Obsidian Clodstompers,Rare,154.392,NULL,Botanica,High Botanist Freywinn,1,https://tbc.wowhead.com/item=28318,NA,800,30,NULL,NULL,NULL,NULL,NULL,34,NULL,NULL,NULL,NULL,NULL,NULL,Yellow,Yellow,NA
NA,9,Sha'tari Wrought Greaves,Sha'tari Wrought Greaves,Rare,152.336,NULL,Shadow Labyrinth,Into the Heart of the Labyrinth,1,https://tbc.wowhead.com/item=28176,NA,800,22,NULL,NULL,NULL,NULL,NULL,24,21,NULL,NULL,NULL,NULL,NULL,Red,Blue,NA
NA,10,Boots of Natural Grace,Boots of Natural Grace,Epic,152.154,142.634,Leatherworking,Crafted,2,https://tbc.wowhead.com/item=30041,NA,474,37,NULL,NULL,NULL,NULL,NULL,33,26,14,NULL,NULL,NULL,NULL,NA,NA,NA
NA,11,Boots of the Colossus,Boots of the Colossus,Rare,149.354,NULL,Mana-Tombs,Pandemonius,1,https://tbc.wowhead.com/item=27813,NA,800,27,19,NULL,NULL,NULL,NULL,22,NULL,NULL,NULL,NULL,NULL,NULL,Yellow,Blue,NA
NA,12,Glider's Greaves of the Champion,Glider's Greaves of the Champion,Epic,148.191,NULL,Karazhan,Shadikith the Glider,1,https://tbc.wowhead.com/item=30683/gliders-greaves,NA,997,43,29,NULL,NULL,NULL,NULL,29,NULL,NULL,NULL,NULL,NULL,NULL,NA,NA,NA
NA,13,Eaglecrest Warboots,Eaglecrest Warboots,Epic,144.519,NULL,Blood Furnace,Keli'dan the Breaker,1,https://tbc.wowhead.com/item=29239,NA,955,33,24,NULL,NULL,NULL,NULL,29,21,NULL,NULL,NULL,NULL,NULL,NA,NA,NA
NA,14,Boots of Effortless Striking,Boots of Effortless Striking,Epic,144.278,NULL,Serpentshrine Cavern,The Lurker Below,2,https://tbc.wowhead.com/item=30060,NA,278,41,NULL,NULL,NULL,NULL,58,NULL,42,NULL,NULL,NULL,NULL,NULL,NA,NA,NA
NA,15,Boots of the Protector,Boots of the Protector,Epic,143.709,NULL,Blacksmithing,Crafted,2,https://tbc.wowhead.com/item=30033,NA,1105,48,26,NULL,NULL,17,NULL,NULL,NULL,NULL,NULL,NULL,NULL,NULL,NA,NA,NA
NA,NA,Trinket,NA,NA,NULL,NULL,NA,NA,NULL,NA,NA,armor,stam,def,dodge,parry,block,ap,str,agi,hit,crit,haste,arp,exp,socket,NA,NA
NA,1,Solarian's Sapphire (Group AP Buff),Solarian's Sapphire (Group AP Buff),Epic,141.2,NULL,Tempest Keep,High Astromancer Solarian,2,https://tbc.wowhead.com/item=30446,NA,NULL,30,NULL,NULL,NULL,NULL,350,NULL,NULL,NULL,NULL,NULL,NULL,NULL,NA,NA,NA
NA,2,Goblin Rocket Launcher,Goblin Rocket Launcher,Rare,90,NULL,Engineering,Crafted,1,https://tbc.wowhead.com/item=23836,NA,NULL,45,NULL,NULL,NULL,NULL,NULL,NULL,NULL,NULL,NULL,NULL,NULL,NULL,NA,NA,NA
NA,3,Gnomish Poultryizer,Gnomish Poultryizer,Rare,90,NULL,Engineering,Crafted,1,https://tbc.wowhead.com/item=23835,NA,NULL,45,NULL,NULL,NULL,NULL,NULL,NULL,NULL,NULL,NULL,NULL,NULL,NULL,NA,NA,NA
NA,4,Commander's Badge,Commander's Badge,Rare,90,NULL,Shadowmoon Valley,"Hail, Commander!",1,https://tbc.wowhead.com/item=32864,NA,NULL,45,NULL,NULL,NULL,NULL,NULL,NULL,NULL,NULL,NULL,NULL,NULL,NULL,NA,NA,NA
NA,5,Spyglass of the Hidden Fleet,Spyglass of the Hidden Fleet,Epic,80,NULL,Serpentshrine Cavern,Trash,2,https://tbc.wowhead.com/item=30620,NA,NULL,40,NULL,NULL,NULL,NULL,NULL,NULL,NULL,NULL,NULL,NULL,NULL,NULL,NA,NA,NA
NA,6,Argussian Compass,Argussian Compass,Rare,72,NULL,Underbog,The Black Stalker,1,https://tbc.wowhead.com/item=27770,NA,NULL,36,NULL,NULL,NULL,NULL,NULL,NULL,NULL,NULL,NULL,NULL,NULL,NULL,NA,NA,NA
NA,7,Violet Badge,Violet Badge,Epic,72,NULL,Deadwind Pass,The New Directive,1,https://tbc.wowhead.com/item=31113,NA,NULL,36,NULL,NULL,NULL,NULL,NULL,NULL,NULL,NULL,NULL,NULL,NULL,NULL,NA,NA,NA
NA,8,Figurine - Living Ruby Serpent,Figurine - Living Ruby Serpent,Rare,66,NULL,Jewelcrafting,Crafted,1,https://tbc.wowhead.com/item=24126,NA,NULL,33,NULL,NULL,NULL,NULL,NULL,NULL,NULL,NULL,NULL,NULL,NULL,NULL,NA,NA,NA
NA,9,Timelapse Shard,Timelapse Shard,Epic,54.864,NULL,Keepers of Time,Exalted,1,https://tbc.wowhead.com/item=29181,NA,NULL,27,NULL,NULL,NULL,NULL,NULL,NULL,NULL,NULL,NULL,NULL,NULL,NULL,NA,NA,NA
NA,10,Moroes' Lucky Pocket Watch,Moroes' Lucky Pocket Watch,Epic,51.534,NULL,Karazhan,Moroes,1,https://tbc.wowhead.com/item=28528,NA,NULL,NULL,NULL,63,NULL,NULL,NULL,NULL,NULL,NULL,NULL,NULL,NULL,NULL,NA,NA,NA
NA,11,Romulo's Poison Vial,Romulo's Poison Vial,Epic,46.41,22.61,Karazhan,Julianne,1,https://tbc.wowhead.com/item=28579,NA,NULL,NULL,NULL,NULL,NULL,NULL,NULL,NULL,NULL,35,NULL,NULL,NULL,NULL,NA,NA,NA
NA,12,Tsunami Talisman,Tsunami Talisman,Epic,45.19624,38.39624,Serpentshrine Cavern,Leotheras the Blind,2,https://tbc.wowhead.com/item=30627,NA,NULL,NULL,NULL,NULL,NULL,NULL,61.82,NULL,NULL,10,38,NULL,NULL,NULL,NA,NA,NA
NA,13,Icon of Unyielding Courage,Icon of Unyielding Courage,Rare,42.28,21.88,Blood Furnace,Keli'dan the Breaker,1,https://tbc.wowhead.com/item=28121,NA,NULL,NULL,NULL,NULL,NULL,NULL,NULL,NULL,NULL,30,NULL,NULL,100,NULL,NA,NA,NA
NA,14,Drake Fang Talisman,Drake Fang Talisman,Epic,39.512,25.912,Blackwing Lair,Ebonroc,0,https://tbc.wowhead.com/item=19406,NA,NULL,NULL,NULL,NULL,NULL,NULL,56,NULL,NULL,20,NULL,NULL,NULL,NULL,NA,NA,NA
NA,15,Mark of the Champion (undead/demon),Mark of the Champion (undead/demon),Epic,34.8,NULL,NA,The Fall of Kel'Thuzad,1,https://tbc.wowhead.com/item=23206,NA,NULL,NULL,NULL,NULL,NULL,NULL,150,NULL,NULL,NULL,NULL,NULL,NULL,NULL,NA,NA,NA
NA,NA,Ranged,NA,NA,NULL,NULL,NA,NA,NULL,NA,NA,armor,stam,def,dodge,parry,block,ap,str,agi,hit,crit,haste,arp,exp,socket,NA,NA
NA,1,Gyro-Balanced Khorium Destroyer,Gyro-Balanced Khorium Destroyer,Epic,78,NULL,Engineering,Crafted,1,https://tbc.wowhead.com/item=32756,NA,NULL,27,NULL,NULL,NULL,NULL,NULL,NULL,NULL,NULL,NULL,NULL,NULL,NULL,Yellow,NA,NA
NA,2,Barrel-Blade Longrifle,Barrel-Blade Longrifle,Epic,63.104,NULL,Shadowmoon Valley,Doomwalker,1,https://tbc.wowhead.com/item=30724,NA,NULL,NULL,NULL,NULL,NULL,NULL,NULL,NULL,16,NULL,NULL,NULL,NULL,NULL,Red,Red,NA
NA,3,Serpent Spine Longbow,Serpent Spine Longbow,Epic,50.224,NULL,Serpentshrine Cavern,Lady Vashj,2,https://tbc.wowhead.com/item=30105,NA,NULL,17,NULL,NULL,NULL,NULL,38,NULL,NULL,NULL,16,NULL,NULL,NULL,NA,NA,NA
NA,4,The Boomstick,The Boomstick,Rare,47.486,NULL,Sethekk Halls,Anzu,1,https://tbc.wowhead.com/item=32780,NA,NULL,21,13,NULL,NULL,NULL,NULL,NULL,NULL,NULL,NULL,NULL,NULL,NULL,NA,NA,NA
NA,5,Starbolt Longbow,Starbolt Longbow,Rare,44.945,NULL,Mana-Tombs,Pandemonius,1,https://tbc.wowhead.com/item=27817,NA,NULL,19,NULL,NULL,NULL,NULL,NULL,NULL,NULL,NULL,15,NULL,NULL,NULL,NA,NA,NA
NA,6,Arcanite Steam-Pistol,Arcanite Steam-Pistol,Epic,44.074,31.154,Tempest Keep,Al'ar,2,https://tbc.wowhead.com/item=29949,NA,NULL,NULL,NULL,NULL,NULL,NULL,NULL,NULL,20,19,NULL,NULL,NULL,NULL,NA,NA,NA
NA,7,Consortium Blaster,Consortium Blaster,Rare,39.737,NULL,The Consortium,Revered,1,https://tbc.wowhead.com/item=29115,NA,NULL,15,NULL,NULL,NULL,NULL,28,NULL,NULL,NULL,7,NULL,NULL,NULL,NA,NA,NA
NA,8,Alley's Recurve,Alley's Recurve,Uncommon,39.138,34.378,NA,Mark V is Alive!,0,https://tbc.wowhead.com/item=30226,NA,0,10,NULL,NULL,NULL,NULL,14,NULL,7,7,NULL,NULL,NULL,NULL,NA,NA,NA
NA,9,Melmorta's Twilight Longbow,Melmorta's Twilight Longbow,Rare,36.96,NULL,Black Morass,Chrono Lord Deja,1,https://tbc.wowhead.com/item=27987,NA,NULL,15,NULL,NULL,NULL,NULL,30,NULL,NULL,NULL,NULL,NULL,NULL,NULL,NA,NA,NA
NA,10,Recoilless Rocket Ripper X-54,Recoilless Rocket Ripper X-54,Rare,33.408,NULL,Steamvault,Mekgineer Steamrigger,1,https://tbc.wowhead.com/item=27794,NA,NULL,13,NULL,NULL,NULL,NULL,NULL,NULL,NULL,NULL,16,NULL,NULL,NULL,NA,NA,NA
NA,11,Ethereal Warp-Bow,Ethereal Warp-Bow,Rare,32.482,NULL,Mana-Tombs,Nexus-Prince Shaffar,1,https://tbc.wowhead.com/item=25953,NA,NULL,13,NULL,NULL,NULL,NULL,NULL,NULL,NULL,NULL,14,NULL,NULL,NULL,NA,NA,NA
NA,12,Veteran's Musket,Veteran's Musket,Epic,31.018,23.538,Honor Hold,Exalted,1,https://tbc.wowhead.com/item=29151,NA,NULL,NULL,NULL,NULL,NULL,NULL,22,NULL,12,11,NULL,NULL,NULL,NULL,NA,NA,NA
NA,13,Marksman's Bow,Marksman's Bow,Epic,31.018,23.538,Thrallmar,Exalted,1,https://tbc.wowhead.com/item=29152,NA,NULL,NULL,NULL,NULL,NULL,NULL,22,NULL,12,11,NULL,NULL,NULL,NULL,NA,NA,NA
NA,14,Ornate Khorium Rifle,Ornate Khorium Rifle,Rare,30.454,21.614,Engineering,Crafted,1,https://tbc.wowhead.com/item=23748,NA,NULL,NULL,NULL,NULL,NULL,NULL,NULL,NULL,14,13,NULL,NULL,NULL,NULL,NA,NA,NA
NA,15,Felsteel Boomstick,Felsteel Boomstick,Rare,30.019,NULL,Engineering,Crafted,1,https://tbc.wowhead.com/item=23747,NA,NULL,12,NULL,NULL,NULL,NULL,NULL,NULL,NULL,NULL,13,NULL,NULL,NULL,NA,NA,NA
NA,NA,One Hand,NA,NA,NULL,NULL,NA,NA,NULL,NA,NA,type,dps,spd,stam,def,dodge,parry,ap,str,agi,hit,crit,haste,arp,socket,NA,NA
NA,1,Fang of Vashj,Fang of Vashj,Epic,399.5219,NULL,Serpentshrine Cavern,Lady Vashj,2,https://tbc.wowhead.com/item=30103,NA,Dagger,100.3,1.8,19,NULL,NULL,NULL,56,NULL,NULL,NULL,NULL,NULL,NULL,NA,NA,NA
NA,2,Mallet of the Tides,Mallet of the Tides,Epic,391.0084,NULL,Serpentshrine Cavern,The Lurker Below,2,https://tbc.wowhead.com/item=30058,NA,Mace,96.8,1.7,34,16,NULL,NULL,NULL,NULL,NULL,NULL,NULL,NULL,NULL,NA,NA,NA
NA,3,Blazefury,Blazefury,Epic,371.0965,358.8565,Blacksmithing,Crafted,2,https://tbc.wowhead.com/item=28427,NA,Sword,97.5,1.6,28,NULL,NULL,NULL,NULL,NULL,19,18,NULL,NULL,NULL,NA,NA,NA
NA,4,Merciless Gladiator's Slicer,Merciless Gladiator's Slicer,Epic,356.8701,350.0701,Season 2,PvP,2,https://tbc.wowhead.com/item=32052,NA,Sword,97.7,2.6,27,NULL,NULL,NULL,30,NULL,NULL,10,19,NULL,NULL,NA,NA,NA
NA,5,Merciless Gladiator's Right Ripper,Merciless Gladiator's Right Ripper,Epic,356.3095,349.5095,Season 2,PvP,2,https://tbc.wowhead.com/item=32028,NA,Fist,97.5,2.6,27,NULL,NULL,NULL,30,NULL,NULL,10,19,NULL,NULL,NA,NA,NA
NA,6,Merciless Gladiator's Cleaver,Merciless Gladiator's Cleaver,Epic,356.3095,349.5095,Season 2,PvP,2,https://tbc.wowhead.com/item=31965,NA,Axe,97.5,2.6,27,NULL,NULL,NULL,30,NULL,NULL,10,19,NULL,NULL,NA,NA,NA
NA,7,Merciless Gladiator's Pummeler,Merciless Gladiator's Pummeler,Epic,356.3095,349.5095,Season 2,PvP,2,https://tbc.wowhead.com/item=32026,NA,Mace,97.5,2.6,27,NULL,NULL,NULL,30,NULL,NULL,10,19,NULL,NULL,NA,NA,NA
NA,8,Merciless Gladiator's Shanker,Merciless Gladiator's Shanker,Epic,356.3095,349.5095,Season 2,PvP,2,https://tbc.wowhead.com/item=32044,NA,Dagger,97.5,1.8,27,NULL,NULL,NULL,30,NULL,NULL,10,19,NULL,NULL,NA,NA,NA
NA,9,Blade of the Unrequited,Blade of the Unrequited,Epic,351.6055,NULL,Karazhan,Julianne,1,https://tbc.wowhead.com/item=28572,NA,Dagger,87.5,1.6,13,NULL,NULL,NULL,18,NULL,NULL,NULL,9,NULL,NULL,Red,Yellow,Blue
NA,10,Heartrazor,Heartrazor,Epic,349.0892,NULL,Tempest Keep,High Astromancer Solarian,2,https://tbc.wowhead.com/item=29962,NA,Dagger,96.4,1.8,30,NULL,NULL,NULL,NULL,NULL,20,NULL,NULL,NULL,NULL,NA,NA,NA
NA,11,Netherbane,Netherbane,Epic,345.3695,NULL,Tempest Keep,Al'ar,2,https://tbc.wowhead.com/item=29924,NA,Axe,96.5,2.6,21,NULL,NULL,NULL,40,NULL,25,NULL,NULL,NULL,NULL,NA,NA,NA
NA,12,Blazeguard,Blazeguard,Epic,344.5039,332.9439,Blacksmithing,Crafted,1,https://tbc.wowhead.com/item=28426,NA,Sword,91.3,1.6,25,NULL,NULL,NULL,NULL,NULL,17,17,NULL,NULL,NULL,NA,NA,NA
NA,13,King's Defender,King's Defender,Epic,335.2965,323.7365,Karazhan,Chess Event,1,https://tbc.wowhead.com/item=28749,NA,Sword,87.5,1.6,28,13,NULL,NULL,NULL,NULL,NULL,17,NULL,NULL,NULL,NA,NA,NA
NA,14,Talon of Azshara,Talon of Azshara,Epic,325.9935,312.3935,Serpentshrine Cavern,Morogrim Tidewalker,2,https://tbc.wowhead.com/item=30082,NA,Sword,96.5,2.7,NULL,NULL,NULL,NULL,40,NULL,15,20,NULL,NULL,NULL,NA,NA,NA
NA,15,Gladiator's Right Ripper,Gladiator's Right Ripper,Epic,323.2889,317.1689,Season 1,PvP,1,https://tbc.wowhead.com/item=28313,NA,Fist,91.3,2.6,21,NULL,NULL,NULL,28,NULL,NULL,9,15,NULL,NULL,NA,NA,NA
NA,NA,Off Hand,NA,NA,NULL,NULL,NA,NA,NULL,NA,NA,armor,stam,def,dodge,block,str,hit,socket,NULL,NULL,NULL,NULL,NULL,NULL,NA,NA,NA
NA,1,Aldori Legacy Defender,Aldori Legacy Defender,Epic,354.805,344.605,Gruul's Lair,Gruul the Dragonkiller,1,https://tbc.wowhead.com/item=28825,NA,5279,39,19,NULL,137,NULL,15,Blue,NULL,NULL,NULL,NULL,NULL,NULL,NA,NA,NA
NA,2,Gladiator's Shield Wall,Gladiator's Shield Wall,Epic,311.081,NULL,Season 1,PvP,1,https://tbc.wowhead.com/item=28358,NA,5197,45,NULL,NULL,134,NULL,NULL,NULL,NULL,NULL,NULL,NULL,NULL,NULL,NA,NA,NA
NA,3,Shield of Impenetrable Darkness,Shield of Impenetrable Darkness,Epic,293.41,NULL,Karazhan,Nightbane,1,https://tbc.wowhead.com/item=28606,NA,4872,33,22,NULL,155,NULL,NULL,NULL,NULL,NULL,NULL,NULL,NULL,NULL,NA,NA,NA
NA,4,Crest of the Sha'tar,Crest of the Sha'tar,Epic,287.671,NULL,The Sha'tar,Exalted,1,https://tbc.wowhead.com/item=29176,NA,4465,19,13,NULL,132,NULL,NULL,Blue,Blue,NULL,NULL,NULL,NULL,NULL,NA,NA,NA
NA,5,Azure-Shield of Coldarra,Azure-Shield of Coldarra,Epic,280.088,NULL,Badge of Justice,G'eras,1,https://tbc.wowhead.com/item=29266,NA,4668,31,22,NULL,148,NULL,NULL,NULL,NULL,NULL,NULL,NULL,NULL,NULL,NA,NA,NA
NA,6,The Fel Barrier,The Fel Barrier,Epic,256.594,NULL,Mana-Tombs,Nexus-Prince Shaffar,1,https://tbc.wowhead.com/item=32082,NA,4668,30,NULL,NULL,115,NULL,NULL,NULL,NULL,NULL,NULL,NULL,NULL,NULL,NA,NA,NA
NA,7,Triptych Shield of the Ancients,Triptych Shield of the Ancients,Epic,253.916,NULL,Karazhan,Chess Event,1,https://tbc.wowhead.com/item=28754,NA,4872,24,NULL,NULL,122,NULL,NULL,NULL,NULL,NULL,NULL,NULL,NULL,NULL,NA,NA,NA
NA,8,Dragonheart Flameshield,Dragonheart Flameshield,Epic,243.916,NULL,Karazhan,Nightbane,1,https://tbc.wowhead.com/item=28611,NA,4872,19,NULL,NULL,122,NULL,NULL,NULL,NULL,NULL,NULL,NULL,NULL,NULL,NA,NA,NA
NA,9,Light-Bearer's Faith Shield,Light-Bearer's Faith Shield,Epic,238.594,NULL,Badge of Justice,G'eras,1,https://tbc.wowhead.com/item=29267,NA,4668,21,NULL,NULL,115,NULL,NULL,NULL,NULL,NULL,NULL,NULL,NULL,NULL,NA,NA,NA
NA,10,Aegis of the Sunbird,Aegis of the Sunbird,Rare,230.166,NULL,Botanica,High Botanist Freywinn,1,https://tbc.wowhead.com/item=28316,NA,3806,27,19,NULL,115,NULL,NULL,NULL,NULL,NULL,NULL,NULL,NULL,NULL,NA,NA,NA
NA,11,High Warlord's Barricade,High Warlord's Barricade,Rare,229.418,NULL,NA,PvP,0,https://tbc.wowhead.com/item=28939,NA,3806,36,NULL,NULL,86,NULL,NULL,NULL,NULL,NULL,NULL,NULL,NULL,NULL,NA,NA,NA
NA,12,Grand Marshal's Barricade,Grand Marshal's Barricade,Rare,229.418,NULL,NA,PvP,0,https://tbc.wowhead.com/item=28940,NA,3806,36,NULL,NULL,86,NULL,NULL,NULL,NULL,NULL,NULL,NULL,NULL,NULL,NA,NA,NA
NA,13,Platinum Shield of the Valorous,Platinum Shield of the Valorous,Rare,229.301,NULL,Shadow Labyrinth,Ambassador Hellmaw,1,https://tbc.wowhead.com/item=27887,NA,3711,33,24,NULL,83,NULL,NULL,NULL,NULL,NULL,NULL,NULL,NULL,NULL,NA,NA,NA
NA,14,Mazthoril Honor Shield,Mazthoril Honor Shield,Epic,228.594,NULL,Badge of Justice,G'eras,1,https://tbc.wowhead.com/item=29268,NA,4668,16,NULL,NULL,115,NULL,NULL,NULL,NULL,NULL,NULL,NULL,NULL,NULL,NA,NA,NA
NA,15,Aegis of the Vindicator,Aegis of the Vindicator,Epic,224.897,NULL,Magtheridon's Lair,Magtheridon,1,https://tbc.wowhead.com/item=29458,NA,5279,NULL,NULL,NULL,137,NULL,NULL,NULL,NULL,NULL,NULL,NULL,NULL,NULL,NA,NA,NA
