Retribution Phase 1,...2,...3,...4,...5,...6,...7,...8,...9,...10,...11,...12,...13,...14,...15,...16,...17,...18,...19,...20,...21,...22,...23,...24,...25,...26
NA,NA,Item,NA,NA,EPV,"If Hit 
Capped",Location,NA,Phase,NA,NA,Stats,NULL,NULL,NULL,NULL,NULL,NULL,NULL,NA,NA,NULL,NA,NA,NA
NA,NA,Head,NA,NA,NULL,NULL,NA,NA,NULL,NA,NA,ap,str,agi,hit,crit,haste,arp,exp,socket,NA,NULL,NA,NA,NA
NA,1,Mask of the Deceiver,Mask of the Deceiver,Epic,100.8272,79.8512,Badge of Justice,G'eras,1,https://tbc.wowhead.com/item=32087,NA,64,NULL,32,16,NULL,NULL,NULL,NULL,Yellow,Meta,NULL,NA,NA,NA
NA,2,Helm of the Claw,Helm of the Claw,Rare,94.357,76.003,Zangarmarsh,The Warlord's Hideout,1,https://tbc.wowhead.com/item=28182,NA,66,NULL,25,14,NULL,NULL,NULL,NULL,Yellow,Meta,NULL,NA,NA,NA
NA,3,Wastewalker Helm,Wastewalker Helm,Rare,93.5006,69.9026,Old Hillsbrad Foothills,Epoch Hunter,1,https://tbc.wowhead.com/item=28224,NA,56,NULL,NULL,18,22,NULL,NULL,NULL,Blue,Meta,NULL,NA,NA,NA
NA,4,Malefic Mask of the Shadows,Malefic Mask of the Shadows,Epic,93.3636,52.7226,Gruul's Lair,High King Maulgar,1,https://tbc.wowhead.com/item=28796,NA,84,NULL,NULL,31,42,NULL,NULL,NULL,NA,NA,NULL,NA,NA,NA
NA,5,Justicar Crown,Justicar Crown,Epic,86.7892,NULL,Karazhan,Prince Malchezaar,1,https://tbc.wowhead.com/item=29073,NA,NULL,43,22,NULL,NULL,NULL,NULL,NULL,Red,Meta,NULL,NA,NA,NA
NA,6,Gladiator's Scaled Helm,Gladiator's Scaled Helm,Epic,84.6852,NULL,Season 1,PvP,1,https://tbc.wowhead.com/item=27881,NA,NULL,45,NULL,NULL,16,NULL,NULL,NULL,Meta,Red,NULL,NA,NA,NA
NA,7,Cowl of Defiance,Cowl of Defiance,Epic,83.1244,51.6604,Karazhan,Netherspite,1,https://tbc.wowhead.com/item=28732,NA,100,NULL,34,24,NULL,NULL,NULL,NULL,NA,NA,NULL,NA,NA,NA
NA,8,Cowl of Beastly Rage,Cowl of Beastly Rage,Epic,77.9824,NULL,Badge of Justice,G'eras,1,https://tbc.wowhead.com/item=32088,NA,NULL,29,26,NULL,NULL,NULL,NULL,NULL,Yellow,Meta,NULL,NA,NA,NA
NA,9,Helm of Assassination,Helm of Assassination,Rare,76.4705,NULL,Arcatraz,Harbinger Skyriss,1,https://tbc.wowhead.com/item=28414,NA,66,NULL,NULL,NULL,25,NULL,NULL,NULL,Yellow,Meta,NULL,NA,NA,NA
NA,10,Hope Bearer Helm,Hope Bearer Helm,Rare,73.6378,56.5948,Auchenai Crypts,Shirrak the Dead Watcher,1,https://tbc.wowhead.com/item=27408,NA,NULL,30,23,13,NULL,NULL,NULL,NULL,Red,Yellow,Blue,NA,NA,NA
NA,11,Overlord's Helmet of Second Sight,Overlord's Helmet of Second Sight,Rare,72.875,55.832,Shadowmoon Valley,"Teron Gorefiend, I am...",1,https://tbc.wowhead.com/item=31105,NA,NULL,29,NULL,13,24,NULL,NULL,NULL,Blue,Yellow,Yellow,NA,NA,NA
NA,12,Beast Lord Helm,Beast Lord Helm,Rare,72.4118,NULL,Mechanar,Pathaleon the Calculator,1,https://tbc.wowhead.com/item=28275,NA,50,NULL,25,NULL,NULL,NULL,NULL,NULL,Red,Meta,NULL,NA,NA,NA
NA,13,Warpstalker Helm,Warpstalker Helm,Epic,71.2192,NULL,Badge of Justice,G'eras,1,https://tbc.wowhead.com/item=32085,NA,48,NULL,24,NULL,NULL,NULL,NULL,NULL,Red,Meta,NULL,NA,NA,NA
NA,14,Stealther's Helmet of Second Sight,Stealther's Helmet of Second Sight,Rare,70.4874,53.4444,Shadowmoon Valley,"Teron Gorefiend, I am...",1,https://tbc.wowhead.com/item=31109,NA,60,NULL,24,13,NULL,NULL,NULL,NULL,Red,Blue,Yellow,NA,NA,NA
NA,15,Grand Marshal's Scaled Helm,Grand Marshal's Scaled Helm,Rare,70.3379,NULL,NA,PvP,1,https://tbc.wowhead.com/item=28711,NA,NULL,28,NULL,NULL,13,NULL,NULL,NULL,Meta,Red,NULL,NA,NA,NA
NA,NA,Neck,NA,NA,NULL,NULL,NA,NA,NULL,NA,NA,ap,str,agi,hit,crit,haste,arp,exp,socket,NA,NULL,NA,NA,NA
NA,1,Braided Eternium Chain (GROUP BUFF),Braided Eternium Chain (GROUP BUFF),Rare,57.8714,30.3404,Jewelcrafting,Crafted,1,https://tbc.wowhead.com/item=24114,NA,40,NULL,NULL,21,28,NULL,NULL,NULL,NA,NA,NULL,NA,NA,NA
NA,2,Choker of Vile Intent,Choker of Vile Intent,Epic,48.931,25.333,Badge of Justice,G'eras,1,https://tbc.wowhead.com/item=29381,NA,42,NULL,20,18,NULL,NULL,NULL,NULL,NA,NA,NULL,NA,NA,NA
NA,3,Worgen Claw Necklace,Worgen Claw Necklace,Epic,47.62,25.333,Karazhan,Attumen the Huntsman,1,https://tbc.wowhead.com/item=28509,NA,42,NULL,20,17,NULL,NULL,NULL,NULL,NA,NA,NULL,NA,NA,NA
NA,4,Necklace of Trophies,Necklace of Trophies,Rare,43.8864,25.5324,NA,World Drop,1,https://tbc.wowhead.com/item=31275,NA,NULL,22,15,14,NULL,NULL,NULL,NULL,NA,NA,NULL,NA,NA,NA
NA,5,Bone Chain Necklace,Bone Chain Necklace,Rare,39.9374,22.8944,Underbog,The Black Stalker,1,https://tbc.wowhead.com/item=27779,NA,36,NULL,19,13,NULL,NULL,NULL,NULL,NA,NA,NULL,NA,NA,NA
NA,6,Talon Lord's Collar,Talon Lord's Collar,Rare,38.95,11.419,Terokkar Forest,Brother Against Brother,1,https://tbc.wowhead.com/item=29335,NA,38,NULL,NULL,21,NULL,NULL,NULL,NULL,NA,NA,NULL,NA,NA,NA
NA,7,Traitor's Noose,Traitor's Noose,Rare,38.9284,23.1964,Slave Pens,Mennu the Betrayer,1,https://tbc.wowhead.com/item=27546,NA,38,NULL,NULL,12,18,NULL,NULL,NULL,NA,NA,NULL,NA,NA,NA
NA,8,Natasha's Choker,Natasha's Choker,Rare,37.9495,24.8395,Blade's Edge Mountains,The Hound-Master,1,https://tbc.wowhead.com/item=31695,NA,50,NULL,NULL,10,15,NULL,NULL,NULL,NA,NA,NULL,NA,NA,NA
NA,9,Earthen Mark of Razing,Earthen Mark of Razing,Rare,37.6718,20.6288,Nagrand,Gurok the Usurper,1,https://tbc.wowhead.com/item=25562,NA,20,NULL,23,13,NULL,NULL,NULL,NULL,NA,NA,NULL,NA,NA,NA
NA,10,Insignia of the Mag'hari Hero,Insignia of the Mag'hari Hero,Rare,37.1835,18.8295,Durotar,Hero of the Mag'har,0,https://tbc.wowhead.com/item=28168,NA,30,NULL,NULL,14,15,NULL,NULL,NULL,NA,NA,NULL,NA,NA,NA
NA,11,Prestor's Talisman of Connivery,Prestor's Talisman of Connivery,Epic,35.611,22.501,Classic,NA,0,https://tbc.wowhead.com/item=19377,NA,22,NULL,25,10,NULL,NULL,NULL,NULL,NA,NA,NULL,NA,NA,NA
NA,12,Haramad's Bargain,Haramad's Bargain,Epic,34.7972,NULL,The Consortium,Exalted,1,https://tbc.wowhead.com/item=29119,NA,NULL,26,25,NULL,NULL,NULL,NULL,NULL,NA,NA,NULL,NA,NA,NA
NA,13,Skeletal Necklace of Battlerage,Skeletal Necklace of Battlerage,Rare,34.6392,18.9072,Slave Pens,Rokmar the Crackler,1,https://tbc.wowhead.com/item=27551,NA,NULL,26,NULL,12,NULL,NULL,NULL,NULL,NA,NA,NULL,NA,NA,NA
NA,14,Mithril Chain of Heroism,Mithril Chain of Heroism,Epic,34.3448,NULL,Karazhan,Chess Event,1,https://tbc.wowhead.com/item=28745,NA,NULL,28,22,NULL,NULL,NULL,NULL,NULL,NA,NA,NULL,NA,NA,NA
NA,15,Adamantine Chain of the Unbroken,Adamantine Chain of the Unbroken,Epic,29.846,NULL,Slave Pens,Quagmirran,1,https://tbc.wowhead.com/item=29349,NA,34,NULL,NULL,NULL,30,NULL,NULL,NULL,NA,NA,NULL,NA,NA,NA
NA,NA,Shoulders,NA,NA,NULL,NULL,NA,NA,NULL,NA,NA,ap,str,agi,hit,crit,haste,arp,exp,socket,NA,NULL,NA,NA,NA
NA,1,Ripfiend Shoulderplates,Ripfiend Shoulderplates,Epic,73.5584,56.5154,Hellfire Peninsula,Doom Lord Kazzak,1,https://tbc.wowhead.com/item=30740,NA,NULL,39,NULL,13,22,NULL,NULL,NULL,Yellow,Yellow,NULL,NA,NA,NA
NA,2,Justicar Shoulderplates,Justicar Shoulderplates,Epic,70.364,49.388,Gruul's Lair,High King Maulgar,1,https://tbc.wowhead.com/item=29075,NA,NULL,36,13,16,NULL,NULL,NULL,NULL,Yellow,Red,NULL,NA,NA,NA
NA,3,Mantle of Perenolde,Mantle of Perenolde,Rare,67.2119,37.0589,Old Hillsbrad Foothills,Epoch Hunter,1,https://tbc.wowhead.com/item=27434,NA,20,NULL,NULL,23,23,NULL,NULL,NULL,Red,Red,NULL,NA,NA,NA
NA,4,Expedition Scout's Epaulets,Expedition Scout's Epaulets,Rare,62.379,30.915,NA,Fel Embers,1,https://tbc.wowhead.com/item=25790,NA,50,NULL,25,24,NULL,NULL,NULL,NULL,NA,NA,NULL,NA,NA,NA
NA,5,Bladed Shoulderpads of the Merciless,Bladed Shoulderpads of the Merciless,Epic,61.9723,44.9293,Karazhan,Chess Event,1,https://tbc.wowhead.com/item=28755,NA,58,NULL,NULL,13,21,NULL,NULL,NULL,Yellow,Yellow,NULL,NA,NA,NA
NA,6,Wastewalker Shoulderpads,Wastewalker Shoulderpads,Rare,60.363,39.387,Auchenai Crypts,Avatar of the Martyred,1,https://tbc.wowhead.com/item=27797,NA,34,NULL,25,16,NULL,NULL,NULL,NULL,Red,Blue,NULL,NA,NA,NA
NA,7,Ragesteel Shoulders,Ragesteel Shoulders,Rare,59.9525,48.1535,Blacksmithing,Crafted,1,https://tbc.wowhead.com/item=33173,NA,NULL,32,NULL,9,17,NULL,NULL,NULL,Yellow,Yellow,NULL,NA,NA,NA
NA,8,Shalassi Sentry's Epaulets,Shalassi Sentry's Epaulets,Rare,56.7,37.035,NA,Rescue Deirom!,1,https://tbc.wowhead.com/item=25968,NA,42,NULL,15,15,NULL,NULL,NULL,NULL,Red,Yellow,NULL,NA,NA,NA
NA,9,Talbuk Hide Spaulders,Talbuk Hide Spaulders,Rare,53.412,33.747,Provisioner Nasela,NA,1,https://tbc.wowhead.com/item=29147,NA,70,NULL,20,15,NULL,NULL,NULL,NULL,NA,NA,NULL,NA,NA,NA
NA,10,Blackened Leather Spaulders,Blackened Leather Spaulders,Rare,53.412,33.747,Trader Narasu,NA,1,https://tbc.wowhead.com/item=29148,NA,70,NULL,20,15,NULL,NULL,NULL,NULL,NA,NA,NULL,NA,NA,NA
NA,11,Pauldrons of Desolation,Pauldrons of Desolation,Rare,52.9894,30.7024,Slave Pens,Quagmirran,1,https://tbc.wowhead.com/item=27713,NA,NULL,NULL,23,17,NULL,NULL,NULL,NULL,Red,Red,NULL,NA,NA,NA
NA,12,Sun-Gilded Shouldercaps,Sun-Gilded Shouldercaps,Rare,49.979,30.314,Black Morass,Chrono Lord Deja,1,https://tbc.wowhead.com/item=27995,NA,48,NULL,25,15,NULL,NULL,NULL,NULL,NA,NA,NULL,NA,NA,NA
NA,13,Gladiator's Scaled Shoulders,Gladiator's Scaled Shoulders,Epic,48.6852,NULL,Season 1,PvP,1,https://tbc.wowhead.com/item=27883,NA,NULL,32,NULL,NULL,16,NULL,NULL,NULL,Red,Yellow,NULL,NA,NA,NA
NA,14,Mantle of the Unforgiven,Mantle of the Unforgiven,Rare,45.0983,29.3663,Mana-Tombs,Nexus-Prince Shaffar,1,https://tbc.wowhead.com/item=27831,NA,52,NULL,NULL,12,21,NULL,NULL,NULL,NA,NA,NULL,NA,NA,NA
NA,15,Doomplate Shoulderguards,Doomplate Shoulderguards,Rare,42.9028,NULL,Underbog,The Black Stalker,1,https://tbc.wowhead.com/item=27771,NA,NULL,19,NULL,NULL,20,NULL,NULL,NULL,Red,Red,NULL,NA,NA,NA
NA,NA,Back,NA,NA,NULL,NULL,NA,NA,NULL,NA,NA,ap,str,agi,hit,crit,haste,arp,exp,socket,NA,NULL,NA,NA,NA
NA,1,Drape of the Dark Reavers,Drape of the Dark Reavers,Epic,47.7584,25.4714,Karazhan,Shade of Aran,1,https://tbc.wowhead.com/item=28672,NA,34,NULL,24,17,NULL,NULL,NULL,NULL,NA,NA,NULL,NA,NA,NA
NA,2,Auchenai Death Shroud,Auchenai Death Shroud,Rare,42.639,20.352,Auchenai Crypts,Avatar of the Martyred,1,https://tbc.wowhead.com/item=27878,NA,36,NULL,15,17,NULL,NULL,NULL,NULL,NA,NA,NULL,NA,NA,NA
NA,3,Cloak of the Inciter,Cloak of the Inciter,Rare,41.7684,20.7924,Shadow Labyrinth,Blackheart the Inciter,1,https://tbc.wowhead.com/item=27892,NA,30,NULL,NULL,16,18,NULL,NULL,NULL,NA,NA,NULL,NA,NA,NA
NA,4,Royal Cloak of Arathi Kings,Royal Cloak of Arathi Kings,Epic,39.8832,18.9072,Karazhan,Moroes,1,https://tbc.wowhead.com/item=28529,NA,NULL,26,NULL,16,NULL,NULL,NULL,NULL,NA,NA,NULL,NA,NA,NA
NA,5,Cloak of the Craft,Cloak of the Craft,Rare,38.943,21.9,NA,World Drop,1,https://tbc.wowhead.com/item=31255,NA,20,NULL,25,13,NULL,NULL,NULL,NULL,NA,NA,NULL,NA,NA,NA
NA,6,Vengeance Wrap,Vengeance Wrap,Epic,38.6749,NULL,Tailoring,Crafted,1,https://tbc.wowhead.com/item=24259,NA,52,NULL,NULL,NULL,23,NULL,NULL,NULL,Red,NA,NULL,NA,NA,NA
NA,7,Black-Iron Battlecloak,Black-Iron Battlecloak,Epic,37.659,NULL,Shadowmoon Valley,Doomwalker,1,https://tbc.wowhead.com/item=30729,NA,60,NULL,NULL,NULL,30,NULL,NULL,NULL,NA,NA,NULL,NA,NA,NA
NA,8,Nomad's Woven Cloak,Nomad's Woven Cloak,Rare,36.1222,19.0792,Nagrand,Bring Me The Egg!,1,https://tbc.wowhead.com/item=28031,NA,NULL,14,14,13,NULL,NULL,NULL,NULL,NA,NA,NULL,NA,NA,NA
NA,9,Delicate Green Poncho,Delicate Green Poncho,Rare,35.6664,17.3124,Nagrand,Bring Me The Egg!,1,https://tbc.wowhead.com/item=28032,NA,28,NULL,14,14,NULL,NULL,NULL,NULL,NA,NA,NULL,NA,NA,NA
NA,10,Cloak of the Pit Stalker,Cloak of the Pit Stalker,Epic,32.5312,NULL,Magtheridon's Lair,Magtheridon,1,https://tbc.wowhead.com/item=28777,NA,56,NULL,NULL,NULL,24,NULL,NULL,NULL,NA,NA,NULL,NA,NA,NA
NA,11,Dawnstrike's Cloak,Dawnstrike's Cloak,Uncommon,32.0472,20.2482,NA,Down With Daellis,0,https://tbc.wowhead.com/item=29792,NA,42,NULL,12,9,NULL,NULL,NULL,NULL,NA,NA,NULL,NA,NA,NA
NA,12,Blood Knight War Cloak,Blood Knight War Cloak,Epic,29.0428,NULL,Badge of Justice,G'eras,1,https://tbc.wowhead.com/item=29382,NA,48,NULL,23,NULL,NULL,NULL,NULL,NULL,NA,NA,NULL,NA,NA,NA
NA,13,Netherfury Cape,Netherfury Cape,Rare,27.5571,NULL,Botanica,Warp Splinter,1,https://tbc.wowhead.com/item=28371,NA,NULL,19,NULL,NULL,21,NULL,NULL,NULL,NA,NA,NULL,NA,NA,NA
NA,14,Capacitus' Cloak of Calibration,Capacitus' Cloak of Calibration,Rare,27.4392,NULL,The Mechanar,NA,1,https://tbc.wowhead.com/item=28249,NA,NULL,22,18,NULL,NULL,NULL,NULL,NULL,NA,NA,NULL,NA,NA,NA
NA,15,Terokk's Might,Terokk's Might,Epic,26.9976,NULL,Terokkar Forest,Terokk,1,https://tbc.wowhead.com/item=32540,NA,56,NULL,16,NULL,NULL,NULL,NULL,NULL,NA,NA,NULL,NA,NA,NA
NA,NA,Chest,NA,NA,NULL,NULL,NA,NA,NULL,NA,NA,ap,str,agi,hit,crit,haste,arp,exp,socket,NA,NULL,NA,NA,NA
NA,1,Bulwark of Kings,Bulwark of Kings,Epic,98.8541,68.7011,Blacksmithing,Crafted,1,https://tbc.wowhead.com/item=28484,NA,NULL,35,NULL,23,37,NULL,NULL,NULL,Blue,Yellow,Yellow,NA,NA,NA
NA,2,Terrorweave Tunic,Terrorweave Tunic,Epic,94.4965,66.9655,Shadowmoon Valley,Doomwalker,1,https://tbc.wowhead.com/item=30730,NA,96,NULL,NULL,21,25,NULL,NULL,NULL,Red,Yellow,Yellow,NA,NA,NA
NA,3,Breastplate of Kings,Breastplate of Kings,Epic,88.0865,61.8665,Blacksmithing,Crafted,1,https://tbc.wowhead.com/item=28483,NA,NULL,31,NULL,20,31,NULL,NULL,NULL,Blue,Yellow,Yellow,NA,NA,NA
NA,4,Chestguard of the Conniver,Chestguard of the Conniver,Epic,79.4042,50.5622,Karazhan,Nightbane,1,https://tbc.wowhead.com/item=28601,NA,90,NULL,37,22,NULL,NULL,NULL,NULL,NA,NA,NULL,NA,NA,NA
NA,5,Blackened Chestplate,Blackened Chestplate,Rare,73.659,40.884,NA,NA,1,https://tbc.wowhead.com/item=31548,NA,NULL,30,30,25,NULL,NULL,NULL,NULL,NA,NA,NULL,NA,NA,NA
NA,6,Primalstrike Vest,Primalstrike Vest,Epic,72.3388,56.6068,Leatherworking,Crafted,1,https://tbc.wowhead.com/item=29525,NA,108,NULL,38,12,NULL,NULL,NULL,NULL,NA,NA,NULL,NA,NA,NA
NA,7,Chestplate of A'dal,Chestplate of A'dal,Rare,70.6515,41.8095,Netherstorm,Special Delivery to Shattrath City,1,https://tbc.wowhead.com/item=30258,NA,NULL,35,NULL,22,25,NULL,NULL,NULL,NA,NA,NULL,NA,NA,NA
NA,8,Auchenai Monk's Tunic,Auchenai Monk's Tunic,Rare,68.4524,43.5434,NA,Everything Will Be Alright,1,https://tbc.wowhead.com/item=29340,NA,18,NULL,24,19,NULL,NULL,NULL,NULL,Red,Red,Yellow,NA,NA,NA
NA,9,Justicar Breastplate,Justicar Breastplate,Epic,68.3251,NULL,Magtheridon's Lair,Magtheridon,1,https://tbc.wowhead.com/item=29071,NA,NULL,42,NULL,NULL,25,NULL,NULL,NULL,Red,Red,Blue,NA,NA,NA
NA,10,Breastplate of Rapid Striking,Breastplate of Rapid Striking,Rare,65.555,39.335,NA,World Drop,1,https://tbc.wowhead.com/item=31286,NA,46,NULL,40,20,NULL,NULL,NULL,NULL,NA,NA,NULL,NA,NA,NA
NA,11,Vest of Vengeance,Vest of Vengeance,Rare,64.3632,49.9422,Blood Furnace,Keli'dan the Breaker,1,https://tbc.wowhead.com/item=24396,NA,42,NULL,27,11,NULL,NULL,NULL,NULL,Red,Yellow,Blue,NA,NA,NA
NA,12,Crimsonforge Breastplate,Crimsonforge Breastplate,Rare,64.167,43.191,Hellfire Ramparts,Omor the Unscarred,1,https://tbc.wowhead.com/item=27906,NA,NULL,36,NULL,16,26,NULL,NULL,NULL,NA,NA,NULL,NA,NA,NA
NA,13,Chestguard of the Prowler,Chestguard of the Prowler,Rare,63.0256,40.7386,Hellfire Ramparts,Vazruden and Nazan,1,https://tbc.wowhead.com/item=27461,NA,70,NULL,31,17,NULL,NULL,NULL,NULL,NA,NA,NULL,NA,NA,NA
NA,14,Soul Saver's Chest Plate,Soul Saver's Chest Plate,Uncommon,62.7541,43.0891,NA,Show Them Gnome Mercy!,0,https://tbc.wowhead.com/item=31459,NA,NULL,21,NULL,15,37,NULL,NULL,NULL,NA,NA,NULL,NA,NA,NA
NA,15,Nether Protector's Chest,Nether Protector's Chest,Uncommon,62.7541,43.0891,NA,Slay the Brood Mother,0,https://tbc.wowhead.com/item=31686,NA,NULL,21,NULL,15,37,NULL,NULL,NULL,NA,NA,NULL,NA,NA,NA
NA,NA,Wrist,NA,NA,NULL,NULL,NA,NA,NULL,NA,NA,ap,str,agi,hit,crit,haste,arp,exp,socket,NA,NULL,NA,NA,NA
NA,1,Bladespire Warbands,Bladespire Warbands,Epic,43.5272,NULL,Gruul's Lair,High King Maulgar,1,https://tbc.wowhead.com/item=28795,NA,NULL,20,NULL,NULL,24,NULL,NULL,NULL,Blue,Red,NULL,NA,NA,NA
NA,2,Spymistress's Wristguards,Spymistress's Wristguards,Rare,39.1058,19.4408,Shadow Labyrinth,The Soul Devices,1,https://tbc.wowhead.com/item=28171,NA,NULL,NULL,18,15,NULL,NULL,NULL,NULL,Red,NA,NULL,NA,NA,NA
NA,3,Demolisher's Bracers,Demolisher's Bracers,Uncommon,36.384,19.341,NA,NA,0,https://tbc.wowhead.com/item=30352,NA,NULL,14,NULL,13,14,NULL,NULL,NULL,NA,NA,NULL,NA,NA,NA
NA,4,Ferocious Bands,Ferocious Bands,Uncommon,34.2792,21.1692,NA,NA,0,https://tbc.wowhead.com/item=30332,NA,NULL,16,15,10,NULL,NULL,NULL,NULL,NA,NA,NULL,NA,NA,NA
NA,5,Qiraji Execution Bracers,Qiraji Execution Bracers,Epic,34.1876,21.0776,Classic,NA,0,https://tbc.wowhead.com/item=21602,NA,NULL,15,16,10,NULL,NULL,NULL,NULL,NA,NA,NULL,NA,NA,NA
NA,6,Veteran's Linked Bracers,Veteran's Linked Bracers,Epic,33.3227,NULL,Mail Armor,NA,1,https://tbc.wowhead.com/item=32816,NA,NULL,21,NULL,NULL,17,NULL,NULL,NULL,Yellow,NA,NULL,NA,NA,NA
NA,7,Black Felsteel Bracers,Black Felsteel Bracers,Epic,33.3018,NULL,Blacksmithing,Crafted,1,https://tbc.wowhead.com/item=23537,NA,NULL,26,NULL,NULL,22,NULL,NULL,NULL,NA,NA,NULL,NA,NA,NA
NA,8,Nightstalker's Wristguards,Nightstalker's Wristguards,Uncommon,32.0472,20.2482,NA,Down With Daellis,0,https://tbc.wowhead.com/item=30399,NA,42,NULL,12,9,NULL,NULL,NULL,NULL,NA,NA,NULL,NA,NA,NA
NA,9,General's Linked Bracers,General's Linked Bracers,Epic,30.5509,NULL,NA,NA,1,https://tbc.wowhead.com/item=28605,NA,NULL,19,NULL,NULL,15,NULL,NULL,NULL,Yellow,NA,NULL,NA,NA,NA
NA,10,Marshal's Linked Bracers,Marshal's Linked Bracers,Epic,30.5509,NULL,NA,PvP,1,https://tbc.wowhead.com/item=28989,NA,NULL,19,NULL,NULL,15,NULL,NULL,NULL,Yellow,NA,NULL,NA,NA,NA
NA,11,General's Scaled Bracers,General's Scaled Bracers,Epic,30.4157,NULL,Season 1,PvP,1,https://tbc.wowhead.com/item=28646,NA,NULL,26,NULL,NULL,7,NULL,NULL,NULL,Yellow,NA,NULL,NA,NA,NA
NA,12,Marshal's Scaled Bracers,Marshal's Scaled Bracers,Epic,30.4157,NULL,NA,PvP,1,https://tbc.wowhead.com/item=28999,NA,NULL,26,NULL,NULL,7,NULL,NULL,NULL,Yellow,NA,NULL,NA,NA,NA
NA,13,Veteran's Chain Bracers,Veteran's Chain Bracers,Epic,30.2794,NULL,Mail Armor,NA,1,https://tbc.wowhead.com/item=32809,NA,18,NULL,20,NULL,8,NULL,NULL,NULL,Yellow,NA,NULL,NA,NA,NA
NA,14,General's Plate Bracers,General's Plate Bracers,Epic,29.857,NULL,Season 1,PvP,1,https://tbc.wowhead.com/item=28381,NA,NULL,19,NULL,NULL,14,NULL,NULL,NULL,Yellow,NA,NULL,NA,NA,NA
NA,15,Marshal's Plate Bracers,Marshal's Plate Bracers,Epic,29.857,NULL,NA,PvP,1,https://tbc.wowhead.com/item=28996,NA,NULL,19,NULL,NULL,14,NULL,NULL,NULL,Yellow,NA,NULL,NA,NA,NA
NA,NA,Hands,NA,NA,NULL,NULL,NA,NA,NULL,NA,NA,ap,str,agi,hit,crit,haste,arp,exp,socket,NA,NULL,NA,NA,NA
NA,1,Fel Leather Gloves,Fel Leather Gloves,Rare,63.6882,41.4012,Leatherworking,Crafted,1,https://tbc.wowhead.com/item=25685,NA,36,NULL,NULL,17,24,NULL,NULL,NULL,Yellow,Red,NULL,NA,NA,NA
NA,2,Windslayer Wraps,Windslayer Wraps,Epic,59.907,37.62,Leatherworking,Crafted,1,https://tbc.wowhead.com/item=29507,NA,NULL,36,18,17,NULL,NULL,NULL,NULL,NA,NA,NULL,NA,NA,NA
NA,3,Windstrike Gloves,Windstrike Gloves,Epic,59.907,37.62,Leatherworking,Crafted,1,https://tbc.wowhead.com/item=29509,NA,NULL,36,18,17,NULL,NULL,NULL,NULL,NA,NA,NULL,NA,NA,NA
NA,4,Rapscallion's Touch,Rapscallion's Touch,Rare,57.8193,38.1543,NA,Rescue Deirom!,1,https://tbc.wowhead.com/item=25969,NA,NULL,NULL,15,15,21,NULL,NULL,NULL,Red,Yellow,NULL,NA,NA,NA
NA,5,Cobrascale Gloves,Cobrascale Gloves,Epic,57.6025,31.3825,Leatherworking,Crafted,1,https://tbc.wowhead.com/item=29503,NA,50,NULL,NULL,20,25,NULL,NULL,NULL,NA,NA,NULL,NA,NA,NA
NA,6,Grips of Deftness,Grips of Deftness,Epic,56.2549,NULL,Karazhan,Trash,1,https://tbc.wowhead.com/item=30644,NA,60,NULL,29,NULL,NULL,NULL,NULL,15,NA,NA,NULL,NA,NA,NA
NA,7,Gauntlets of Martial Perfection,Gauntlets of Martial Perfection,Epic,53.3881,NULL,Gruul's Lair,Gruul the Dragonkiller,1,https://tbc.wowhead.com/item=28824,NA,NULL,36,NULL,NULL,23,NULL,NULL,NULL,Blue,Yellow,NULL,NA,NA,NA
NA,8,Handgrips of Assassination,Handgrips of Assassination,Rare,53.202,30.915,Black Morass,Aeonus,1,https://tbc.wowhead.com/item=27509,NA,50,NULL,25,17,NULL,NULL,NULL,NULL,NA,NA,NULL,NA,NA,NA
NA,9,Predatory Gloves,Predatory Gloves,Rare,53.0733,28.1643,Mana-Tombs,Tavarok,1,https://tbc.wowhead.com/item=27825,NA,48,NULL,NULL,19,21,NULL,NULL,NULL,NA,NA,NULL,NA,NA,NA
NA,10,Gauntlets of the Vanquisher,Gauntlets of the Vanquisher,Rare,50.4256,32.0716,NA,Turning Point,1,https://tbc.wowhead.com/item=30375,NA,NULL,24,23,14,NULL,NULL,NULL,NULL,NA,NA,NULL,NA,NA,NA
NA,11,Gauntlets of the Skullsplitter,Gauntlets of the Skullsplitter,Rare,49.716,33.984,NA,World Drop,1,https://tbc.wowhead.com/item=31180,NA,NULL,31,18,12,NULL,NULL,NULL,NULL,NA,NA,NULL,NA,NA,NA
NA,12,Liar's Tongue Gloves,Liar's Tongue Gloves,Epic,49.2078,NULL,Magtheridon's Lair,Magtheridon,1,https://tbc.wowhead.com/item=28776,NA,72,NULL,NULL,NULL,26,NULL,NULL,NULL,Blue,Blue,NULL,NA,NA,NA
NA,13,Gloves of Dexterous Manipulation,Gloves of Dexterous Manipulation,Epic,48.147,NULL,Karazhan,Attumen the Huntsman,1,https://tbc.wowhead.com/item=28506,NA,42,NULL,35,NULL,NULL,NULL,NULL,NULL,Red,Blue,NULL,NA,NA,NA
NA,14,Gauntlets of Annihilation,Gauntlets of Annihilation,Epic,47.7222,34.6122,Classic,NA,0,https://tbc.wowhead.com/item=21581,NA,NULL,35,NULL,10,14,NULL,NULL,NULL,NA,NA,NULL,NA,NA,NA
NA,15,Flesh Handler's Gauntlets,Flesh Handler's Gauntlets,Uncommon,47.6458,NULL,Netherstorm,Flesh Handler's Gauntlets,0,https://tbc.wowhead.com/item=30341,NA,NULL,18,17,NULL,NULL,NULL,NULL,18,NA,NA,NULL,NA,NA,NA
NA,NA,Waist,NA,NA,NULL,NULL,NA,NA,NULL,NA,NA,ap,str,agi,hit,crit,haste,arp,exp,socket,NA,NULL,NA,NA,NA
NA,1,Rune-Engraved Belt,Rune-Engraved Belt,Rare,62.379,30.915,NA,Fel Embers,1,https://tbc.wowhead.com/item=25789,NA,50,NULL,25,24,NULL,NULL,NULL,NULL,NA,NA,NULL,NA,NA,NA
NA,2,Girdle of the Deathdealer,Girdle of the Deathdealer,Epic,60.8448,34.6248,Black Morass,Aeonus,1,https://tbc.wowhead.com/item=29247,NA,56,NULL,28,20,NULL,NULL,NULL,NULL,NA,NA,NULL,NA,NA,NA
NA,3,Girdle of the Endless Pit,Girdle of the Endless Pit,Epic,56.3252,NULL,Magtheridon's Lair,Magtheridon,1,https://tbc.wowhead.com/item=28779,NA,NULL,34,NULL,NULL,28,NULL,NULL,NULL,Red,Blue,NULL,NA,NA,NA
NA,4,Socrethar's Girdle,Socrethar's Girdle,Rare,55.2628,29.0428,NA,Turning Point,1,https://tbc.wowhead.com/item=30372,NA,48,NULL,23,20,NULL,NULL,NULL,NULL,NA,NA,NULL,NA,NA,NA
NA,5,Girdle of the Prowler,Girdle of the Prowler,Epic,52.6978,30.4108,Karazhan,Terestian Illhoof,1,https://tbc.wowhead.com/item=28656,NA,48,NULL,25,17,NULL,NULL,NULL,NULL,NA,NA,NULL,NA,NA,NA
NA,6,Girdle of the Mentor,Girdle of the Mentor,Epic,50.2534,37.1434,Naxxramas,Instructor Razuvious,1,https://tbc.wowhead.com/item=23219,NA,NULL,21,20,10,14,NULL,NULL,NULL,NA,NA,NULL,NA,NA,NA
NA,7,Epoch's Whispering Cinch,Epoch's Whispering Cinch,Rare,50.197,27.91,Old Hillsbrad Foothills,Epoch Hunter,1,https://tbc.wowhead.com/item=27911,NA,40,NULL,25,17,NULL,NULL,NULL,NULL,NA,NA,NULL,NA,NA,NA
NA,8,Gronn-Stitched Girdle,Gronn-Stitched Girdle,Epic,50.1535,NULL,Gruul's Lair,Gruul the Dragonkiller,1,https://tbc.wowhead.com/item=28828,NA,72,NULL,NULL,NULL,25,NULL,NULL,NULL,Blue,Yellow,NULL,NA,NA,NA
NA,9,Girdle of Ferocity,Girdle of Ferocity,Epic,49.4696,31.1156,Shadow Labyrinth,Murmur,1,https://tbc.wowhead.com/item=29261,NA,44,NULL,28,14,NULL,NULL,NULL,NULL,NA,NA,NULL,NA,NA,NA
NA,10,Naaru Belt of Precision,Naaru Belt of Precision,Rare,48.777,29.112,NA,How to Break Into the Arcatraz,1,https://tbc.wowhead.com/item=31464,NA,44,NULL,25,15,NULL,NULL,NULL,NULL,NA,NA,NULL,NA,NA,NA
NA,11,Shattrath's Champion Belt,Shattrath's Champion Belt,Rare,48.5271,28.8621,NA,How to Break Into the Arcatraz,1,https://tbc.wowhead.com/item=31462,NA,50,NULL,NULL,15,21,NULL,NULL,NULL,NA,NA,NULL,NA,NA,NA
NA,12,Girdle of Treachery,Girdle of Treachery,Epic,44.8698,NULL,Karazhan,Chess Event,1,https://tbc.wowhead.com/item=28750,NA,58,NULL,18,NULL,NULL,NULL,NULL,NULL,Red,Red,NULL,NA,NA,NA
NA,13,Tracker's Belt,Tracker's Belt,Rare,44.7153,26.3613,Slave Pens,Mennu the Betrayer,1,https://tbc.wowhead.com/item=24360,NA,42,NULL,NULL,14,21,NULL,NULL,NULL,NA,NA,NULL,NA,NA,NA
NA,14,Eva's Strap,Eva's Strap,Uncommon,44.2308,28.4988,NA,NA,0,https://tbc.wowhead.com/item=30936,NA,60,NULL,NULL,12,16,NULL,NULL,NULL,NA,NA,NULL,NA,NA,NA
NA,15,Girdle of Gallantry,Girdle of Gallantry,Rare,43.47,NULL,Underbog,Ghaz'an,1,https://tbc.wowhead.com/item=27755,NA,NULL,27,14,NULL,NULL,NULL,NULL,NULL,Red,Yellow,NULL,NA,NA,NA
NA,NA,Ring,NA,NA,NULL,NULL,NA,NA,NULL,NA,NA,ap,str,agi,hit,crit,haste,arp,exp,socket,NA,NULL,NA,NA,NA
NA,1,Ring of a Thousand Marks,Ring of a Thousand Marks,Epic,53.1799,28.2709,Karazhan,Prince Malchezaar,1,https://tbc.wowhead.com/item=28757,NA,44,NULL,NULL,19,23,NULL,NULL,NULL,NA,NA,NULL,NA,NA,NA
NA,2,Ring of Reciprocity,Ring of Reciprocity,Epic,50.7277,31.0627,Hellfire Peninsula,Doom Lord Kazzak,1,https://tbc.wowhead.com/item=30738,NA,62,NULL,NULL,15,19,NULL,NULL,NULL,NA,NA,NULL,NA,NA,NA
NA,3,Shaffar's Band of Brutality,Shaffar's Band of Brutality,Epic,50.015,25.106,Mana-Tombs,Yor,1,https://tbc.wowhead.com/item=31920,NA,40,NULL,NULL,19,20,NULL,NULL,NULL,NA,NA,NULL,NA,NA,NA
NA,4,Violet Signet of the Master Assassin,Violet Signet of the Master Assassin,Epic,49.603,16.828,Deadwind Pass,Eminence Among the Violet Eye,1,https://tbc.wowhead.com/item=29283,NA,56,NULL,NULL,25,NULL,NULL,NULL,NULL,NA,NA,NULL,NA,NA,NA
NA,5,Garona's Signet Ring,Garona's Signet Ring,Epic,48.33,24.732,Karazhan,The Curator,1,https://tbc.wowhead.com/item=28649,NA,40,NULL,20,18,NULL,NULL,NULL,NULL,NA,NA,NULL,NA,NA,NA
NA,6,Violet Signet,Violet Signet,Epic,47.09,15.626,Deadwind Pass,Distinguished Service,1,https://tbc.wowhead.com/item=29282,NA,52,NULL,NULL,24,NULL,NULL,NULL,NULL,NA,NA,NULL,NA,NA,NA
NA,7,Violet Signet,Violet Signet,Epic,43.867,15.025,Deadwind Pass,Down the Violet Path,1,https://tbc.wowhead.com/item=29281,NA,50,NULL,NULL,22,NULL,NULL,NULL,NULL,NA,NA,NULL,NA,NA,NA
NA,8,Shapeshifter's Signet,Shapeshifter's Signet,Epic,42.28,NULL,Lower City,Exalted,1,https://tbc.wowhead.com/item=30834,NA,NULL,NULL,25,NULL,NULL,NULL,NULL,20,NA,NA,NULL,NA,NA,NA
NA,9,Overseer's Signet,Overseer's Signet,Rare,40.824,27.714,Netherstorm,Shutting Down Manaforge Ara,1,https://tbc.wowhead.com/item=30365,NA,NULL,25,15,10,NULL,NULL,NULL,NULL,NA,NA,NULL,NA,NA,NA
NA,10,Ravenclaw Band,Ravenclaw Band,Rare,38.77,21.727,Sethekk Halls,Talon King Ikiss,1,https://tbc.wowhead.com/item=27925,NA,30,NULL,20,13,NULL,NULL,NULL,NULL,NA,NA,NULL,NA,NA,NA
NA,11,Ring of the Shadow Deeps,Ring of the Shadow Deeps,Rare,37.9953,20.9523,Underbog,Ghaz'an,1,https://tbc.wowhead.com/item=27761,NA,24,NULL,NULL,13,21,NULL,NULL,NULL,NA,NA,NULL,NA,NA,NA
NA,12,Kaylaan's Signet,Kaylaan's Signet,Rare,37.669,24.559,Terokkar Forest,Deathblow to the Legion,1,https://tbc.wowhead.com/item=30860,NA,50,NULL,15,10,NULL,NULL,NULL,NULL,NA,NA,NULL,NA,NA,NA
NA,13,Slayer's Mark of the Redemption,Slayer's Mark of the Redemption,Rare,37.669,24.559,Shadowmoon Valley,Dissension Amongst the Ranks...,1,https://tbc.wowhead.com/item=31077,NA,50,NULL,15,10,NULL,NULL,NULL,NULL,NA,NA,NULL,NA,NA,NA
NA,14,Resounding Ring of Glory,Resounding Ring of Glory,Rare,37.1178,17.4528,Old Hillsbrad Foothills,Epoch Hunter,1,https://tbc.wowhead.com/item=27904,NA,NULL,24,NULL,15,NULL,NULL,NULL,NULL,NA,NA,NULL,NA,NA,NA
NA,15,Protectorate Assassin's Ring,Protectorate Assassin's Ring,Uncommon,36.9012,21.1692,NA,The Horrors of Pollution,0,https://tbc.wowhead.com/item=30339,NA,NULL,16,15,12,NULL,NULL,NULL,NULL,NA,NA,NULL,NA,NA,NA
NA,NA,Legs,NA,NA,NULL,NULL,NA,NA,NULL,NA,NA,ap,str,agi,hit,crit,haste,arp,exp,socket,NA,NULL,NA,NA,NA
NA,1,Skulker's Greaves,Skulker's Greaves,Epic,97.5592,60.8512,Karazhan,Netherspite,1,https://tbc.wowhead.com/item=28741,NA,64,NULL,32,28,NULL,NULL,NULL,NULL,Red,Red,Blue,NA,NA,NA
NA,2,Scaled Greaves of the Marksman,Scaled Greaves of the Marksman,Epic,91.3312,70.3552,Hellfire Peninsula,Doom Lord Kazzak,1,https://tbc.wowhead.com/item=30739,NA,76,NULL,37,16,NULL,NULL,NULL,NULL,Red,Red,Red,NA,NA,NA
NA,3,Clefthoof Hide Leggings,Clefthoof Hide Leggings,Rare,86.922,64.635,Blade's Edge Mountains,Showdown,1,https://tbc.wowhead.com/item=31544,NA,NULL,30,30,17,NULL,NULL,NULL,18,NA,NA,NULL,NA,NA,NA
NA,4,Fel Leather Leggings,Fel Leather Leggings,Rare,86.5185,53.7435,Leatherworking,Crafted,1,https://tbc.wowhead.com/item=25687,NA,52,NULL,NULL,25,25,NULL,NULL,NULL,Red,Yellow,Yellow,NA,NA,NA
NA,5,Justicar Greaves,Justicar Greaves,Epic,84.0546,53.9016,Gruul's Lair,Gruul the Dragonkiller,1,https://tbc.wowhead.com/item=29074,NA,NULL,53,24,23,NULL,NULL,NULL,NULL,NA,NA,NULL,NA,NA,NA
NA,6,Midnight Legguards,Midnight Legguards,Epic,80.4651,58.1781,Slave Pens,Quagmirran,1,https://tbc.wowhead.com/item=30538,NA,64,NULL,NULL,17,27,NULL,NULL,NULL,Red,Red,Blue,NA,NA,NA
NA,7,Legguards of the Shattered Hand,Legguards of the Shattered Hand,Rare,80.164,48.7,NA,NA,1,https://tbc.wowhead.com/item=31298,NA,NULL,39,32,24,NULL,NULL,NULL,NULL,NA,NA,NULL,NA,NA,NA
NA,8,Wastewalker Leggings,Wastewalker Leggings,Rare,74.3066,49.3976,Mana-Tombs,Nexus-Prince Shaffar,1,https://tbc.wowhead.com/item=27837,NA,28,NULL,31,19,NULL,NULL,NULL,NULL,Red,Red,Blue,NA,NA,NA
NA,9,Oilcloth Breeches,Oilcloth Breeches,Rare,70.434,37.659,NA,Showdown,1,https://tbc.wowhead.com/item=31545,NA,60,NULL,NULL,25,30,NULL,NULL,NULL,NA,NA,NULL,NA,NA,NA
NA,10,Shattrath Leggings,Shattrath Leggings,Rare,70.371,NULL,Netherstorm,Special Delivery to Shattrath City,1,https://tbc.wowhead.com/item=30257,NA,NULL,35,25,NULL,NULL,NULL,NULL,22,NA,NA,NULL,NA,NA,NA
NA,11,Leggings of Assassination,Leggings of Assassination,Rare,67.488,38.646,Shadow Labyrinth,Murmur,1,https://tbc.wowhead.com/item=27908,NA,44,NULL,40,22,NULL,NULL,NULL,NULL,NA,NA,NULL,NA,NA,NA
NA,12,Doomplate Legguards,Doomplate Legguards,Rare,66.1323,43.8453,Auchenai Crypts,Exarch Maladaar,1,https://tbc.wowhead.com/item=27870,NA,NULL,36,NULL,17,27,NULL,NULL,NULL,NA,NA,NULL,NA,NA,NA
NA,13,Vanquisher's Legplates,Vanquisher's Legplates,Epic,62.5081,NULL,Mechanar,Pathaleon the Calculator,1,https://tbc.wowhead.com/item=30533,NA,NULL,36,NULL,NULL,23,NULL,NULL,NULL,Red,Red,Blue,NA,NA,NA
NA,14,Retainer's Leggings,Retainer's Leggings,Rare,61.732,27.646,The Scryers,Revered,1,https://tbc.wowhead.com/item=29131,NA,92,NULL,NULL,26,NULL,NULL,NULL,NULL,NA,NA,NULL,NA,NA,NA
NA,15,Forestwalker Kilt,Forestwalker Kilt,Epic,59.202,NULL,Mana-Tombs,Nexus-Prince Shaffar,1,https://tbc.wowhead.com/item=30535,NA,NULL,33,26,NULL,NULL,NULL,NULL,NULL,Red,Blue,Blue,NA,NA,NA
NA,NA,Feet,NA,NA,NULL,NULL,NA,NA,NULL,NA,NA,ap,str,agi,hit,crit,haste,arp,exp,socket,NA,NULL,NA,NA,NA
NA,1,Fel Leather Boots,Fel Leather Boots,Rare,69.5961,36.8211,Leatherworking,Crafted,1,https://tbc.wowhead.com/item=25686,NA,36,NULL,NULL,25,17,NULL,NULL,NULL,Yellow,Red,NULL,NA,NA,NA
NA,2,Edgewalker Longboots,Edgewalker Longboots,Epic,63.5774,46.5344,Karazhan,Moroes,1,https://tbc.wowhead.com/item=28545,NA,44,NULL,29,13,NULL,NULL,NULL,NULL,Red,Yellow,NULL,NA,NA,NA
NA,3,Fiend Slayer Boots,Fiend Slayer Boots,Epic,62.38,40.093,Karazhan,Chess Event,1,https://tbc.wowhead.com/item=28746,NA,34,NULL,26,17,NULL,NULL,NULL,NULL,Red,Blue,NULL,NA,NA,NA
NA,4,Ironstriders of Urgency,Ironstriders of Urgency,Epic,51.5896,NULL,Karazhan,Nightbane,1,https://tbc.wowhead.com/item=28608,NA,NULL,33,20,NULL,NULL,NULL,NULL,NULL,Red,Yellow,NULL,NA,NA,NA
NA,5,The Master's Treads,The Master's Treads,Rare,50.6544,29.6784,NA,NA,1,https://tbc.wowhead.com/item=31288,NA,48,NULL,24,16,NULL,NULL,NULL,NULL,NA,NA,NULL,NA,NA,NA
NA,6,Boots of the Unjust,Boots of the Unjust,Rare,48.7067,31.6637,Auchenai Crypts,Exarch Maladaar,1,https://tbc.wowhead.com/item=27867,NA,64,NULL,NULL,13,19,NULL,NULL,NULL,NA,NA,NULL,NA,NA,NA
NA,7,Bloodsworn Warboots,Bloodsworn Warboots,Rare,44.8302,22.5432,Blood Furnace,Keli'dan the Breaker,1,https://tbc.wowhead.com/item=27788,NA,NULL,31,NULL,17,NULL,NULL,NULL,NULL,NA,NA,NULL,NA,NA,NA
NA,8,Sha'tari Wrought Greaves,Sha'tari Wrought Greaves,Rare,44.0804,NULL,Shadow Labyrinth,Into the Heart of the Labyrinth,1,https://tbc.wowhead.com/item=28176,NA,NULL,24,21,NULL,NULL,NULL,NULL,NULL,Red,Blue,NULL,NA,NA,NA
NA,9,Kirin'Var Defender's Greaves,Kirin'Var Defender's Greaves,Uncommon,43.7948,25.4408,NA,Building a Perimeter,0,https://tbc.wowhead.com/item=29786,NA,NULL,21,16,14,NULL,NULL,NULL,NULL,NA,NA,NULL,NA,NA,NA
NA,10,Felboar Hide Shoes,Felboar Hide Shoes,Rare,43.6738,31.8748,NA,The Cipher of Damnation - The Third Fragment Recovered,1,https://tbc.wowhead.com/item=30939,NA,68,NULL,18,9,NULL,NULL,NULL,NULL,NA,NA,NULL,NA,NA,NA
NA,11,Clocktock's Jumpers,Clocktock's Jumpers,Uncommon,42.9951,28.5741,NA,"What Came First, the Drake or the Egg?",0,https://tbc.wowhead.com/item=31441,NA,NULL,15,NULL,11,27,NULL,NULL,NULL,NA,NA,NULL,NA,NA,NA
NA,12,Zierhut's Lost Treads,Zierhut's Lost Treads,Epic,42.5216,NULL,Karazhan,Trash,1,https://tbc.wowhead.com/item=30674,NA,NULL,34,28,NULL,NULL,NULL,NULL,NULL,NA,NA,NULL,NA,NA,NA
NA,13,Wild Stalker Boots,Wild Stalker Boots,Rare,41.5938,19.3068,Hellfire Ramparts,Watchkeeper Gargolmar,1,https://tbc.wowhead.com/item=27450,NA,64,NULL,NULL,17,NULL,NULL,NULL,NULL,NA,NA,NULL,NA,NA,NA
NA,14,Rapscallion Boots,Rapscallion Boots,Epic,40.3442,NULL,Karazhan,Shade of Aran,1,https://tbc.wowhead.com/item=28669,NA,82,NULL,NULL,NULL,24,NULL,NULL,NULL,NA,NA,NULL,NA,NA,NA
NA,15,Ferocious Swift-Kickers,Ferocious Swift-Kickers,Epic,40.1502,NULL,Karazhan,Nightbane,1,https://tbc.wowhead.com/item=28610,NA,58,NULL,NULL,NULL,16,NULL,NULL,NULL,Yellow,Blue,NULL,NA,NA,NA
NA,NA,Trinket,NA,NA,NULL,NULL,NA,NA,NULL,NA,NA,ap,str,agi,hit,crit,haste,arp,exp,socket,NA,NULL,NA,NA,NA
NA,1,Dragonspine Trophy,Dragonspine Trophy,Epic,106.179,NULL,Gruul's Lair,Gruul the Dragonkiller,1,https://tbc.wowhead.com/item=28830,NA,40,NULL,NULL,NULL,NULL,130,NULL,NULL,NA,NA,NULL,NA,NA,NA
NA,2,Icon of Unyielding Courage,Icon of Unyielding Courage,Rare,48.2,8.87,Blood Furnace,Keli'dan the Breaker,1,https://tbc.wowhead.com/item=28121,NA,NULL,NULL,NULL,30,NULL,NULL,100,NULL,NA,NA,NULL,NA,NA,NA
NA,3,Romulo's Poison Vial,Romulo's Poison Vial,Epic,45.885,0,Karazhan,Julianne,1,https://tbc.wowhead.com/item=28579,NA,NULL,NULL,NULL,35,NULL,NULL,NULL,NULL,NA,NA,NULL,NA,NA,NA
NA,4,Mark of the Champion (undead/demon),Mark of the Champion (undead/demon),Epic,45.075,NULL,NA,The Fall of Kel'Thuzad,1,https://tbc.wowhead.com/item=23206,NA,150,NULL,NULL,NULL,NULL,NULL,NULL,NULL,NA,NA,NULL,NA,NA,NA
NA,5,Drake Fang Talisman,Drake Fang Talisman,Epic,43.048,16.828,Blackwing Lair,Ebonroc,0,https://tbc.wowhead.com/item=19406,NA,56,NULL,NULL,20,NULL,NULL,NULL,NULL,NA,NA,NULL,NA,NA,NA
NA,6,Kiss of the Spider,Kiss of the Spider,Epic,40.3777,27.2677,Classic,NA,0,https://tbc.wowhead.com/item=22954,NA,NULL,NULL,NULL,10,14,25,NULL,NULL,NA,NA,NULL,NA,NA,NA
NA,7,Hourglass of the Unraveller,Hourglass of the Unraveller,Rare,35.9626,NULL,Black Morass,Temporus,1,https://tbc.wowhead.com/item=28034,NA,50,NULL,NULL,NULL,32,NULL,NULL,NULL,NA,NA,NULL,NA,NA,NA
NA,8,Terokkar Tablet of Precision,Terokkar Tablet of Precision,Uncommon,35.852665,7.010665,Terokkar Forest,Torgos!,1,https://tbc.wowhead.com/item=25937,NA,23.33,NULL,NULL,22,NULL,NULL,NULL,NULL,NA,NA,NULL,NA,NA,NA
NA,9,Terokkar Tablet of Precision,Terokkar Tablet of Precision,Uncommon,35.7535,6.9115,Taela Everstride,Torgos!,1,https://tbc.wowhead.com/item=25937,NA,23,NULL,NULL,22,NULL,NULL,NULL,NULL,NA,NA,NULL,NA,NA,NA
NA,10,Bloodlust Brooch,Bloodlust Brooch,Epic,35.459,NULL,Badge of Justice,G'eras,1,https://tbc.wowhead.com/item=29383,NA,118,NULL,NULL,NULL,NULL,NULL,NULL,NULL,NA,NA,NULL,NA,NA,NA
NA,11,Abacus of Violent Odds,Abacus of Violent Odds,Rare,34.913095,NULL,Mechanar,Pathaleon the Calculator,1,https://tbc.wowhead.com/item=28288,NA,64,NULL,NULL,NULL,NULL,21.65,NULL,NULL,NA,NA,NULL,NA,NA,NA
NA,12,Slayer's Crest,Slayer's Crest,Epic,32.1535,NULL,Naxxramas,Sapphiron,0,https://tbc.wowhead.com/item=23041,NA,107,NULL,NULL,NULL,NULL,NULL,NULL,NULL,NA,NA,NULL,NA,NA,NA
NA,13,Bladefist's Breadth,Bladefist's Breadth,Rare,26.9283,NULL,Hellfire Peninsula,Overlord,1,https://tbc.wowhead.com/item=28041,NA,33,NULL,NULL,NULL,26,NULL,NULL,NULL,NA,NA,NULL,NA,NA,NA
NA,14,Core of Ar'kelos,Core of Ar'kelos,Uncommon,25.5425,NULL,Archmage Vargoth,Ar'kelos the Guardian,1,https://tbc.wowhead.com/item=29776,NA,85,NULL,NULL,NULL,NULL,NULL,NULL,NULL,NA,NA,NULL,NA,NA,NA
NA,15,Ancient Draenei War Talisman,Ancient Draenei War Talisman,Uncommon,23.755965,NULL,NA,The Vengeful Harbinger,0,https://tbc.wowhead.com/item=31617,NA,33.33,NULL,NULL,NULL,21,NULL,NULL,NULL,NA,NA,NULL,NA,NA,NA
NA,NA,Two Hand,NA,NA,NULL,NULL,NA,NA,NULL,NA,NA,type,dps,speed,ap,str,agi,hit,crit,haste,arp,exp,socket,NA,NA
NA,1,Lionheart Champion,Lionheart Champion,Epic,322.6152,NULL,Blacksmithing,Crafted,1,https://tbc.wowhead.com/item=28429,NA,Sword,118.6,3.6,NULL,79,44,NULL,NULL,NA,NA,NULL,NA,NA,NA
NA,2,Ethereum Nexus-Reaver,Ethereum Nexus-Reaver,Epic,311.549,NULL,Shadowmoon Valley,Doomwalker,1,https://tbc.wowhead.com/item=30722,NA,Axe,116.9,3.7,NULL,50,NULL,NULL,30,NA,NA,NULL,Red,Yellow,Yellow
NA,3,Gladiator's Greatsword,Gladiator's Greatsword,Epic,309.5909,283.3709,Season 1,PvP,1,https://tbc.wowhead.com/item=24550,NA,Sword,118.6,3.6,NULL,32,NULL,20,35,NA,NA,NULL,NA,NA,NA
NA,4,Gladiator's Bonegrinder,Gladiator's Bonegrinder,Epic,309.5909,283.3709,Season 1,PvP,1,https://tbc.wowhead.com/item=28299,NA,Mace,118.6,3.6,NULL,32,NULL,20,35,NA,NA,NULL,NA,NA,NA
NA,5,Gladiator's Decapitator,Gladiator's Decapitator,Epic,305.5525,279.3325,Season 1,PvP,1,https://tbc.wowhead.com/item=28298,NA,Axe,118.6,3.6,64,NULL,NULL,20,35,NA,NA,NULL,NA,NA,NA
NA,6,Mooncleaver,Mooncleaver,Epic,303.0766,NULL,Blacksmithing,Crafted,1,https://tbc.wowhead.com/item=28435,NA,Axe,118.6,3.7,106,NULL,NULL,NULL,52,NA,NA,NULL,NA,NA,NA
NA,7,Gorehowl,Gorehowl,Epic,302.7636,NULL,Karazhan,Prince Malchezaar,1,https://tbc.wowhead.com/item=28773,NA,Axe,119.9,3.6,NULL,49,43,NULL,NULL,NA,NA,NULL,NA,NA,NA
NA,8,Khorium Champion,Khorium Champion,Epic,301.867,253.36,Blacksmithing,Crafted,1,https://tbc.wowhead.com/item=23541,NA,Sword,108.5,3.3,NULL,50,NULL,37,NULL,NA,NA,NULL,NA,NA,NA
NA,9,Hammer of the Naaru,Hammer of the Naaru,Epic,293.2396,NULL,Gruul's Lair,High King Maulgar,1,https://tbc.wowhead.com/item=28800,NA,Mace,119.9,3.6,NULL,44,NULL,NULL,NULL,NA,NA,NULL,Red,Red,Blue
NA,10,Deep Thunder,Deep Thunder,Epic,287.6236,NULL,Blacksmithing,Crafted,1,https://tbc.wowhead.com/item=28441,NA,Mace,118.6,3.8,NULL,37,37,NULL,NULL,NA,NA,NULL,NA,NA,NA
NA,11,Trident of the Outcast Tribe,Trident of the Outcast Tribe,Epic,285.3024,238.1064,Lower City,Exalted,1,https://tbc.wowhead.com/item=30830,NA,Polearm,105.6,3.2,NULL,37,NULL,36,NULL,NA,NA,NULL,NA,NA,NA
NA,12,Gladiator's Painsaw,Gladiator's Painsaw,Epic,280.7355,NULL,Season 1,PvP,1,https://tbc.wowhead.com/item=28300,NA,Polearm,118.4,2.2,70,NULL,NULL,NULL,35,NA,NA,NULL,NA,NA,NA
NA,13,Lionheart Blade,Lionheart Blade,Epic,280.0736,NULL,Blacksmithing,Crafted,1,https://tbc.wowhead.com/item=28428,NA,Sword,109.6,3.6,NULL,47,42,NULL,NULL,NA,NA,NULL,NA,NA,NA
NA,14,Lunar Crescent,Lunar Crescent,Epic,278.8001,NULL,Blacksmithing,Crafted,1,https://tbc.wowhead.com/item=28434,NA,Axe,109.6,3.7,96,NULL,NULL,NULL,47,NA,NA,NULL,NA,NA,NA
NA,15,Legacy,Legacy,Epic,277.464,NULL,Karazhan,The Crone,1,https://tbc.wowhead.com/item=28587,NA,Axe,114,3.5,80,NULL,40,NULL,NULL,NA,NA,NULL,NA,NA,NA
NA,16,Axe of the Gronn Lords,Axe of the Gronn Lords,Epic,277.062,NULL,Gruul's Lair,Gruul the Dragonkiller,1,https://tbc.wowhead.com/item=28794,NA,Axe,119.9,3.6,124,NULL,NULL,NULL,NULL,NA,NA,NULL,NA,NA,NA
NA,17,Felsteel Reaper,Felsteel Reaper,Epic,270.285,NULL,Blacksmithing,Crafted,1,https://tbc.wowhead.com/item=23543,NA,Axe,108.5,3.4,112,NULL,NULL,NULL,30,NA,NA,NULL,NA,NA,NA
NA,18,Thunder,Thunder,Epic,269.6236,NULL,Blacksmithing,Crafted,1,https://tbc.wowhead.com/item=28440,NA,Mace,109.6,3.8,NULL,37,37,NULL,NULL,NA,NA,NULL,NA,NA,NA
NA,19,The Burning Crusader,The Burning Crusader,Rare,268.1131,234.0271,NA,Nexus-King Salhadaar,1,https://tbc.wowhead.com/item=30009,NA,Axe,87.4,3.6,NULL,27,27,26,NULL,NA,NA,17,NA,NA,NA
NA,20,Quantum Blade,Quantum Blade,Epic,267.48,NULL,Black Morass,Aeonus,1,https://tbc.wowhead.com/item=29356,NA,Sword,108.6,3.5,102,NULL,NULL,NULL,30,NA,NA,NULL,NA,NA,NA
NA,21,Fel Hardened Maul,Fel Hardened Maul,Epic,267.1003,NULL,Blacksmithing,Crafted,1,https://tbc.wowhead.com/item=23546,NA,Mace,108.5,3.3,NULL,50,NULL,NULL,21,NA,NA,NULL,NA,NA,NA
NA,22,Hellscream's Will,Hellscream's Will,Rare,266.904,211.842,The Mag'har,Exalted,1,https://tbc.wowhead.com/item=29137,NA,Axe,93.3,3.5,84,NULL,NULL,42,NULL,NA,NA,NULL,NA,NA,NA
NA,23,Arechron's Gift,Arechron's Gift,Rare,266.904,211.842,Kurenai,Exalted,1,https://tbc.wowhead.com/item=29138,NA,Mace,93.3,3.5,84,NULL,NULL,42,NULL,NA,NA,NULL,NA,NA,NA
NA,24,Despair,Despair,Epic,265.8144,NULL,Karazhan,Julianne,1,https://tbc.wowhead.com/item=28573,NA,Sword,114,3.5,NULL,52,NULL,NULL,NULL,NA,NA,NULL,NA,NA,NA
NA,25,Glaive of the Pit,Glaive of the Pit,Epic,263.4,NULL,Magtheridon's Lair,Magtheridon,1,https://tbc.wowhead.com/item=28774,NA,Polearm,119.7,3.7,NULL,NULL,NULL,NULL,NULL,NA,NA,NULL,Red,Red,Red
NA,26,Sonic Spear,Sonic Spear,Rare,258.941,227.477,Shadow Labyrinth,Murmur,1,https://tbc.wowhead.com/item=27903,NA,Polearm,93.3,3.5,62,NULL,35,24,NULL,NA,NA,NULL,NA,NA,NA
NA,27,Illidari-Bane Claymore (Demon),Illidari-Bane Claymore (Demon),Rare,255.6841,NULL,Shadowmoon Valley,Quenching the Blade,1,https://tbc.wowhead.com/item=30789,NA,Sword,93.2,3.7,150,NULL,NULL,NULL,37,NA,NA,NULL,NA,NA,NA
NA,28,Hellforged Halberd,Hellforged Halberd,Rare,255.6806,230.7716,Honor Hold,Revered,1,https://tbc.wowhead.com/item=29166,NA,Polearm,93.3,3.5,92,NULL,26,19,NULL,NA,NA,NULL,NA,NA,NA
NA,29,Blackened Spear,Blackened Spear,Rare,255.6806,230.7716,Thrallmar,Revered,1,https://tbc.wowhead.com/item=29167,NA,Polearm,93.3,3.5,92,NULL,26,19,NULL,NA,NA,NULL,NA,NA,NA
NA,30,High Warlord's Claymore,High Warlord's Claymore,Rare,248.68,225.082,NA,PvP,1,https://tbc.wowhead.com/item=28293,NA,Sword,93.2,3.6,NULL,28,NULL,18,28,NA,NA,NULL,NA,NA,NA
NA,31,High Warlord's Bonegrinder,High Warlord's Bonegrinder,Rare,248.68,225.082,NA,PvP,1,https://tbc.wowhead.com/item=28917,NA,Mace,93.2,3.6,NULL,28,NULL,18,28,NA,NA,NULL,NA,NA,NA
NA,32,Grand Marshal's Bonegrinder,Grand Marshal's Bonegrinder,Rare,248.68,225.082,NA,PvP,1,https://tbc.wowhead.com/item=28942,NA,Mace,93.2,3.6,NULL,28,NULL,18,28,NA,NA,NULL,NA,NA,NA
NA,33,Grand Marshal's Warblade,Grand Marshal's Warblade,Rare,248.68,225.082,NA,PvP,1,https://tbc.wowhead.com/item=28943,NA,Sword,93.2,3.6,NULL,28,NULL,18,28,NA,NA,NULL,NA,NA,NA
NA,34,The Oathkeeper,The Oathkeeper,Rare,246.2788,212.1928,NA,World Drop,1,https://tbc.wowhead.com/item=31299,NA,Mace,93.3,3.6,NULL,35,NULL,26,NULL,NA,NA,NULL,NA,NA,NA
NA,35,High Warlord's Decapitator,High Warlord's Decapitator,Rare,245.1464,221.5484,NA,PvP,1,https://tbc.wowhead.com/item=28918,NA,Axe,93.2,3.6,56,NULL,NULL,18,28,NA,NA,NULL,NA,NA,NA
NA,36,High Warlord's Painsaw,High Warlord's Painsaw,Rare,245.1464,221.5484,NA,PvP,0,https://tbc.wowhead.com/item=28923,NA,Polearm,93.2,2.2,56,NULL,NULL,18,28,NA,NA,NULL,NA,NA,NA
NA,37,Grand Marshal's Decapitator,Grand Marshal's Decapitator,Rare,245.1464,221.5484,NA,PvP,1,https://tbc.wowhead.com/item=28945,NA,Axe,93.2,3.6,56,NULL,NULL,18,28,NA,NA,NULL,NA,NA,NA
NA,38,Grand Marshal's Painsaw,Grand Marshal's Painsaw,Rare,245.1464,221.5484,NA,PvP,0,https://tbc.wowhead.com/item=28949,NA,Polearm,93.2,2.2,56,NULL,NULL,18,28,NA,NA,NULL,NA,NA,NA
NA,39,Crow Wing Reaper,Crow Wing Reaper,Rare,241.5668,NULL,Sethekk Halls,Talon King Ikiss,1,https://tbc.wowhead.com/item=27986,NA,Axe,93.2,3.4,NULL,28,17,NULL,NULL,NA,NA,NULL,Red,Red,Red
NA,40,Endbringer,Endbringer,Rare,236.9323,NULL,Underbog,The Black Stalker,1,https://tbc.wowhead.com/item=27769,NA,Sword,93.2,3.4,NULL,29,NULL,NULL,45,NA,NA,NULL,NA,NA,NA
NA,41,Warmaul of Infused Light,Warmaul of Infused Light,Rare,235.1675,NULL,Arcatraz,Wrath-Scryer Soccothrates,1,https://tbc.wowhead.com/item=28393,NA,Mace,93.3,3.5,NULL,20,NULL,NULL,21,NA,NA,NULL,Red,Yellow,Blue
NA,42,The Hammer of Destiny,The Hammer of Destiny,Epic,234.798,NULL,NA,World Drop,1,https://tbc.wowhead.com/item=31322,NA,Mace,105.7,3.6,NULL,32,NULL,NULL,NULL,NA,NA,NULL,NA,NA,NA
NA,43,Plasma Rat's Hyper-Scythe,Plasma Rat's Hyper-Scythe,Rare,234.1542,NULL,Mechanar,Mechano-Lord Capacitus,1,https://tbc.wowhead.com/item=28253,NA,Polearm,93.3,3.5,NULL,42,NULL,NULL,26,NA,NA,NULL,NA,NA,NA
NA,44,Axe of the Nexus-Kings,Axe of the Nexus-Kings,Rare,230.9365,NULL,Mana-Tombs,Nexus-Prince Shaffar,1,https://tbc.wowhead.com/item=27829,NA,Axe,93.2,3.4,72,NULL,NULL,NULL,35,NA,NA,NULL,NA,NA,NA
NA,45,Scepter of Sha'tar,Scepter of Sha'tar,Rare,228.8866,NULL,Mana-Tombs,Nexus-Prince Shaffar,1,https://tbc.wowhead.com/item=27840,NA,Mace,93.3,3.5,NULL,31,NULL,NULL,30,NA,NA,NULL,NA,NA,NA
