Combat Rogue Phase 2,...2,...3,...4,...5,Value Credit: Elitist Jerks Rogue Guide + https://legacy-wow.com/tbc-rogue-guide/ Author: Vulajin + https://docs.google.com/spreadsheets/d/11E1k1Di_enrJHOvH992EKBqCoAU7IQPpba6tQJkkQ9M/edit#gid=2013064319,...7,...8,...9,...10,...11,...12,...13,...14,...15,...16,...17,...18,...19,...20,...21,...22,...23,...24,...25,...26
NA,NA,Item,NA,NA,EPV,"If Hit 
Capped",Location,NA,Phase,NA,NA,Stats,NULL,NULL,NULL,NULL,NULL,NULL,NULL,NULL,NULL,NULL,NA,NA,NA
NA,NA,Head,NA,NA,NULL,NULL,NA,NA,NULL,NA,NA,ap,agi,hit,crit,haste,arp,exp,socket,NULL,NULL,NULL,NA,NA,NA
NA,1,Deathmantle Helm,Deathmantle Helm,Epic,303.65,NULL,Leather Armor,NA,2,https://tbc.wowhead.com/item=30146,NA,78,39,NULL,25,NULL,NULL,NULL,Meta,Red,NULL,NULL,NA,NA,NA
NA,2,Netherblade Facemask,Netherblade Facemask,Epic,270.44,236.56,Karazhan,Prince Malchezaar,1,https://tbc.wowhead.com/item=29044,NA,78,28,14,NULL,NULL,NULL,NULL,Meta,Red,NULL,NULL,NA,NA,NA
NA,3,Mask of the Deceiver,Mask of the Deceiver,Epic,270.04,231.32,Badge of Justice,G'eras,1,https://tbc.wowhead.com/item=32087,NA,64,32,16,NULL,NULL,NULL,NULL,Yellow,Meta,NULL,NULL,NA,NA,NA
NA,4,Helm of the Claw,Helm of the Claw,Rare,251.87,217.99,Zangarmarsh,The Warlord's Hideout,1,https://tbc.wowhead.com/item=28182,NA,66,25,14,NULL,NULL,NULL,NULL,Yellow,Meta,NULL,NULL,NA,NA,NA
NA,5,Merciless Gladiator's Leather Helm,Merciless Gladiator's Leather Helm,Epic,251.51,NULL,NA,PvP,2,https://tbc.wowhead.com/item=31999,NA,44,37,NULL,17,NULL,NULL,NULL,Meta,Red,NULL,NULL,NA,NA,NA
NA,6,Wastewalker Helm,Wastewalker Helm,Rare,234.64,191.08,Old Hillsbrad Foothills,Epoch Hunter,1,https://tbc.wowhead.com/item=28224,NA,56,NULL,18,22,NULL,NULL,NULL,Blue,Meta,NULL,NULL,NA,NA,NA
NA,7,Cowl of Defiance,Cowl of Defiance,Epic,232.54,174.46,Karazhan,Netherspite,1,https://tbc.wowhead.com/item=28732,NA,100,34,24,NULL,NULL,NULL,NULL,NULL,NULL,NULL,NULL,NA,NA,NA
NA,8,Malefic Mask of the Shadows,Malefic Mask of the Shadows,Epic,231.26,156.24,Gruul's Lair,High King Maulgar,1,https://tbc.wowhead.com/item=28796,NA,84,NULL,31,42,NULL,NULL,NULL,NULL,NULL,NULL,NULL,NA,NA,NA
NA,9,Gladiator's Leather Helm,Gladiator's Leather Helm,Epic,230.06,NULL,Season 1,PvP,1,https://tbc.wowhead.com/item=25830,NA,36,34,NULL,13,NULL,NULL,NULL,Meta,Red,NULL,NULL,NA,NA,NA
NA,10,Helm of Assassination,Helm of Assassination,Rare,206.24,NULL,Arcatraz,Harbinger Skyriss,1,https://tbc.wowhead.com/item=28414,NA,66,NULL,NULL,25,NULL,NULL,NULL,Yellow,Meta,NULL,NULL,NA,NA,NA
NA,11,Stealther's Helmet of Second Sight,Stealther's Helmet of Second Sight,Rare,202.1,170.64,Shadowmoon Valley,"Teron Gorefiend, I am...",1,https://tbc.wowhead.com/item=31109,NA,60,24,13,NULL,NULL,NULL,NULL,Red,Blue,Yellow,NULL,NA,NA,NA
NA,12,Cobrascale Hood,Cobrascale Hood,Epic,198.59,155.03,Leatherworking,Crafted,1,https://tbc.wowhead.com/item=29502,NA,74,37,18,NULL,NULL,NULL,NULL,NULL,NULL,NULL,NULL,NA,NA,NA
NA,13,Cowl of Beastly Rage,Cowl of Beastly Rage,Epic,186.08,NULL,Badge of Justice,G'eras,1,https://tbc.wowhead.com/item=32088,NA,NULL,26,NULL,NULL,NULL,NULL,NULL,Yellow,Meta,NULL,NULL,NA,NA,NA
NA,14,Grand Marshal's Leather Helm,Grand Marshal's Leather Helm,Rare,178.24,NULL,NA,PvP,1,https://tbc.wowhead.com/item=28685,NA,20,20,NULL,10,NULL,NULL,NULL,Meta,Red,NULL,NULL,NA,NA,NA
NA,15,High Warlord's Leather Helm,High Warlord's Leather Helm,Rare,178.24,NULL,NA,PvP,1,https://tbc.wowhead.com/item=28837,NA,20,20,NULL,10,NULL,NULL,NULL,Meta,Red,NULL,NULL,NA,NA,NA
NA,NA,Neck,NA,NA,NULL,NULL,NA,NA,NULL,NA,NA,ap,agi,hit,crit,haste,arp,exp,socket,NULL,NULL,NULL,NA,NA,NA
NA,1,Braided Eternium Chain (GROUP BUFF),Braided Eternium Chain (GROUP BUFF),Rare,138.98,88.16,Jewelcrafting,Crafted,1,https://tbc.wowhead.com/item=24114,NA,40,NULL,21,28,NULL,NULL,NULL,NULL,NULL,NULL,NULL,NA,NA,NA
NA,2,Choker of Vile Intent,Choker of Vile Intent,Epic,129.36,85.8,Badge of Justice,G'eras,1,https://tbc.wowhead.com/item=29381,NA,42,20,18,NULL,NULL,NULL,NULL,NULL,NULL,NULL,NULL,NA,NA,NA
NA,3,Telonicus's Pendant of Mayhem,Telonicus's Pendant of Mayhem,Epic,129.13,NULL,Tempest Keep,Kael'thas and the Verdant Sphere,2,https://tbc.wowhead.com/item=30017,NA,70,27,NULL,NULL,NULL,NULL,NULL,NULL,NULL,NULL,NULL,NA,NA,NA
NA,4,Worgen Claw Necklace,Worgen Claw Necklace,Epic,126.94,85.8,Karazhan,Attumen the Huntsman,1,https://tbc.wowhead.com/item=28509,NA,42,20,17,NULL,NULL,NULL,NULL,NULL,NULL,NULL,NULL,NA,NA,NA
NA,5,Bone Chain Necklace,Bone Chain Necklace,Rare,109.07,77.61,Underbog,The Black Stalker,1,https://tbc.wowhead.com/item=27779,NA,36,19,13,NULL,NULL,NULL,NULL,NULL,NULL,NULL,NULL,NA,NA,NA
NA,6,Choker of Animalistic Fury,Choker of Animalistic Fury,Epic,103.56,NULL,Serpentshrine Cavern,The Lurker Below,2,https://tbc.wowhead.com/item=30059,NA,64,NULL,NULL,23,NULL,NULL,NULL,NULL,NULL,NULL,NULL,NA,NA,NA
NA,7,Earthen Mark of Razing,Earthen Mark of Razing,Rare,101.83,70.37,Nagrand,Gurok the Usurper,1,https://tbc.wowhead.com/item=25562,NA,20,23,13,NULL,NULL,NULL,NULL,NULL,NULL,NULL,NULL,NA,NA,NA
NA,8,Prestor's Talisman of Connivery,Prestor's Talisman of Connivery,Epic,100.95,76.75,Classic,NA,0,https://tbc.wowhead.com/item=19377,NA,22,25,10,NULL,NULL,NULL,NULL,NULL,NULL,NULL,NULL,NA,NA,NA
NA,9,Natasha's Choker,Natasha's Choker,Rare,100,75.8,Blade's Edge Mountains,The Hound-Master,1,https://tbc.wowhead.com/item=31695,NA,50,NULL,10,15,NULL,NULL,NULL,NULL,NULL,NULL,NULL,NA,NA,NA
NA,10,Traitor's Noose,Traitor's Noose,Rare,98,68.96,Slave Pens,Mennu the Betrayer,1,https://tbc.wowhead.com/item=27546,NA,38,NULL,12,18,NULL,NULL,NULL,NULL,NULL,NULL,NULL,NA,NA,NA
NA,11,Saberclaw Talisman,Saberclaw Talisman,Epic,91.99,NULL,Karazhan,Shade of Aran,1,https://tbc.wowhead.com/item=28674,NA,46,21,NULL,NULL,NULL,NULL,NULL,NULL,NULL,NULL,NULL,NA,NA,NA
NA,12,Necklace of Trophies,Necklace of Trophies,Rare,90.93,57.05,NA,World Drop,1,https://tbc.wowhead.com/item=31275,NA,NULL,15,14,NULL,NULL,NULL,NULL,NULL,NULL,NULL,NULL,NA,NA,NA
NA,13,Insignia of the Mag'hari Hero,Insignia of the Mag'hari Hero,Rare,89.68,55.8,Durotar,Hero of the Mag'har,0,https://tbc.wowhead.com/item=28168,NA,30,NULL,14,15,NULL,NULL,NULL,NULL,NULL,NULL,NULL,NA,NA,NA
NA,14,Talon Lord's Collar,Talon Lord's Collar,Rare,88.82,38,Terokkar Forest,Brother Against Brother,1,https://tbc.wowhead.com/item=29335,NA,38,NULL,21,NULL,NULL,NULL,NULL,NULL,NULL,NULL,NULL,NA,NA,NA
NA,15,Jagged Bark Pendant,Jagged Bark Pendant,Rare,86.94,NULL,Botanica,Warp Splinter,1,https://tbc.wowhead.com/item=28343,NA,30,26,NULL,NULL,NULL,NULL,NULL,NULL,NULL,NULL,NULL,NA,NA,NA
NA,NA,Shoulders,NA,NA,NULL,NULL,NA,NA,NULL,NA,NA,ap,agi,hit,crit,haste,arp,exp,socket,NULL,NULL,NULL,NA,NA,NA
NA,1,Shoulderpads of the Stranger,Shoulderpads of the Stranger,Epic,205.65,NULL,Serpentshrine Cavern,Hydross the Unstable,2,https://tbc.wowhead.com/item=30055,NA,60,33,NULL,16,NULL,NULL,10,Red,NULL,NULL,NULL,NA,NA,NA
NA,2,Deathmantle Shoulderpads,Deathmantle Shoulderpads,Epic,189.54,NULL,Leather Armor,NA,2,https://tbc.wowhead.com/item=30149,NA,54,34,NULL,13,NULL,NULL,NULL,Red,Blue,NULL,NULL,NA,NA,NA
NA,3,Merciless Gladiator's Leather Spaulders,Merciless Gladiator's Leather Spaulders,Epic,174.08,NULL,NA,PvP,2,https://tbc.wowhead.com/item=32001,NA,24,32,NULL,24,NULL,NULL,NULL,Red,Yellow,NULL,NULL,NA,NA,NA
NA,4,Wastewalker Shoulderpads,Wastewalker Shoulderpads,Rare,166.19,127.47,Auchenai Crypts,Avatar of the Martyred,1,https://tbc.wowhead.com/item=27797,NA,34,25,16,NULL,NULL,NULL,NULL,Red,Blue,NULL,NULL,NA,NA,NA
NA,5,Netherblade Shoulderpads,Netherblade Shoulderpads,Epic,165.98,134.52,NA,NA,1,https://tbc.wowhead.com/item=29047,NA,52,20,13,NULL,NULL,NULL,NULL,Red,Red,NULL,NULL,NA,NA,NA
NA,6,Bladed Shoulderpads of the Merciless,Bladed Shoulderpads of the Merciless,Epic,164.3,132.84,Karazhan,Chess Event,1,https://tbc.wowhead.com/item=28755,NA,58,NULL,13,21,NULL,NULL,NULL,Yellow,Yellow,NULL,NULL,NA,NA,NA
NA,7,Expedition Scout's Epaulets,Expedition Scout's Epaulets,Rare,162.83,104.75,NA,Fel Embers,1,https://tbc.wowhead.com/item=25790,NA,50,25,24,NULL,NULL,NULL,NULL,NULL,NULL,NULL,NULL,NA,NA,NA
NA,8,Gladiator's Leather Spaulders,Gladiator's Leather Spaulders,Epic,156.35,NULL,Season 1,PvP,1,https://tbc.wowhead.com/item=25832,NA,18,29,NULL,21,NULL,NULL,NULL,Red,Yellow,NULL,NULL,NA,NA,NA
NA,9,Mantle of Perenolde,Mantle of Perenolde,Rare,153.94,98.28,Old Hillsbrad Foothills,Epoch Hunter,1,https://tbc.wowhead.com/item=27434,NA,20,NULL,23,23,NULL,NULL,NULL,Red,Red,NULL,NULL,NA,NA,NA
NA,10,Talbuk Hide Spaulders,Talbuk Hide Spaulders,Rare,150.1,113.8,Provisioner Nasela,NA,1,https://tbc.wowhead.com/item=29147,NA,70,20,15,NULL,NULL,NULL,NULL,NULL,NULL,NULL,NULL,NA,NA,NA
NA,11,Blackened Leather Spaulders,Blackened Leather Spaulders,Rare,150.1,113.8,Trader Narasu,NA,1,https://tbc.wowhead.com/item=29148,NA,70,20,15,NULL,NULL,NULL,NULL,NULL,NULL,NULL,NULL,NA,NA,NA
NA,12,Sun-Gilded Shouldercaps,Sun-Gilded Shouldercaps,Rare,139.05,102.75,Black Morass,Chrono Lord Deja,1,https://tbc.wowhead.com/item=27995,NA,48,25,15,NULL,NULL,NULL,NULL,NULL,NULL,NULL,NULL,NA,NA,NA
NA,13,Shoulderpads of Assassination,Shoulderpads of Assassination,Rare,135.47,NULL,Sethekk Halls,Talon King Ikiss,1,https://tbc.wowhead.com/item=27776,NA,42,25,NULL,NULL,NULL,NULL,NULL,Yellow,Yellow,NULL,NULL,NA,NA,NA
NA,14,Bonescythe Pauldrons,Bonescythe Pauldrons,Epic,120.66,96.46,Classic,NA,0,https://tbc.wowhead.com/item=22479,NA,NULL,22,10,14,NULL,NULL,NULL,NULL,NULL,NULL,NULL,NA,NA,NA
NA,15,Mantle of Shadowy Embrace,Mantle of Shadowy Embrace,Epic,119.41,NULL,Blood Furnace,Keli'dan the Breaker,1,https://tbc.wowhead.com/item=32080,NA,34,39,NULL,NULL,NULL,NULL,NULL,NULL,NULL,NULL,NULL,NA,NA,NA
NA,NA,Back,NA,NA,NULL,NULL,NA,NA,NULL,NA,NA,ap,agi,hit,crit,haste,arp,exp,socket,NULL,NULL,NULL,NA,NA,NA
NA,1,Thalassian Wildercloak,Thalassian Wildercloak,Epic,129.32,NULL,Tempest Keep,Kael'thas Sunstrider,2,https://tbc.wowhead.com/item=29994,NA,68,28,NULL,NULL,NULL,NULL,NULL,NULL,NULL,NULL,NULL,NA,NA,NA
NA,2,Drape of the Dark Reavers,Drape of the Dark Reavers,Epic,127.7,86.56,Karazhan,Shade of Aran,1,https://tbc.wowhead.com/item=28672,NA,34,24,17,NULL,NULL,NULL,NULL,NULL,NULL,NULL,NULL,NA,NA,NA
NA,3,Black-Iron Battlecloak,Black-Iron Battlecloak,Epic,111.6,NULL,Shadowmoon Valley,Doomwalker,1,https://tbc.wowhead.com/item=30729,NA,60,NULL,NULL,30,NULL,NULL,NULL,NULL,NULL,NULL,NULL,NA,NA,NA
NA,4,Vengeance Wrap,Vengeance Wrap,Epic,110.92,NULL,Tailoring,Crafted,1,https://tbc.wowhead.com/item=24259,NA,52,NULL,NULL,23,NULL,NULL,NULL,Red,NULL,NULL,NULL,NA,NA,NA
NA,5,Auchenai Death Shroud,Auchenai Death Shroud,Rare,109.99,68.85,Auchenai Crypts,Avatar of the Martyred,1,https://tbc.wowhead.com/item=27878,NA,36,15,17,NULL,NULL,NULL,NULL,NULL,NULL,NULL,NULL,NA,NA,NA
NA,6,Cloak of the Craft,Cloak of the Craft,Rare,106.21,74.75,NA,World Drop,1,https://tbc.wowhead.com/item=31255,NA,20,25,13,NULL,NULL,NULL,NULL,NULL,NULL,NULL,NULL,NA,NA,NA
NA,7,Cloak of the Inciter,Cloak of the Inciter,Rare,99.68,60.96,Shadow Labyrinth,Blackheart the Inciter,1,https://tbc.wowhead.com/item=27892,NA,30,NULL,16,18,NULL,NULL,NULL,NULL,NULL,NULL,NULL,NA,NA,NA
NA,8,Blood Knight War Cloak,Blood Knight War Cloak,Epic,98.37,NULL,Badge of Justice,G'eras,1,https://tbc.wowhead.com/item=29382,NA,48,23,NULL,NULL,NULL,NULL,NULL,NULL,NULL,NULL,NULL,NA,NA,NA
NA,9,Cloak of the Pit Stalker,Cloak of the Pit Stalker,Epic,97.28,NULL,Magtheridon's Lair,Magtheridon,1,https://tbc.wowhead.com/item=28777,NA,56,NULL,NULL,24,NULL,NULL,NULL,NULL,NULL,NULL,NULL,NA,NA,NA
NA,10,Delicate Green Poncho,Delicate Green Poncho,Rare,92.54,58.66,Nagrand,Bring Me The Egg!,1,https://tbc.wowhead.com/item=28032,NA,28,14,14,NULL,NULL,NULL,NULL,NULL,NULL,NULL,NULL,NA,NA,NA
NA,11,Terokk's Might,Terokk's Might,Epic,91.04,NULL,Terokkar Forest,Terokk,1,https://tbc.wowhead.com/item=32540,NA,56,16,NULL,NULL,NULL,NULL,NULL,NULL,NULL,NULL,NULL,NA,NA,NA
NA,12,Dawnstrike's Cloak,Dawnstrike's Cloak,Uncommon,90.06,68.28,NA,Down With Daellis,0,https://tbc.wowhead.com/item=29792,NA,42,12,9,NULL,NULL,NULL,NULL,NULL,NULL,NULL,NULL,NA,NA,NA
NA,13,Razor-Scale Battlecloak,Razor-Scale Battlecloak,Epic,86.67,NULL,Serpentshrine Cavern,Morogrim Tidewalker,2,https://tbc.wowhead.com/item=30098,NA,NULL,23,NULL,NULL,NULL,NULL,NULL,NULL,NULL,NULL,NULL,NA,NA,NA
NA,14,Cloak of Malice,Cloak of Malice,Rare,83.99,NULL,Shattered Halls,Grand Warlock Nethekurse,1,https://tbc.wowhead.com/item=27519,NA,38,21,NULL,NULL,NULL,NULL,NULL,NULL,NULL,NULL,NULL,NA,NA,NA
NA,15,Cloak of Impulsiveness,Cloak of Impulsiveness,Rare,79.42,NULL,Old Hillsbrad Foothills,Lieutenant Drake,1,https://tbc.wowhead.com/item=27423,NA,40,18,NULL,NULL,NULL,NULL,NULL,NULL,NULL,NULL,NULL,NA,NA,NA
NA,NA,Chest,NA,NA,NULL,NULL,NA,NA,NULL,NA,NA,ap,agi,hit,crit,haste,arp,exp,socket,NULL,NULL,NULL,NA,NA,NA
NA,1,Bloodsea Brigand's Vest,Bloodsea Brigand's Vest,Epic,277.34,212,Serpentshrine Cavern,Fathom-Lord Karathress,2,https://tbc.wowhead.com/item=30101,NA,92,NULL,27,36,NULL,NULL,NULL,Yellow,Yellow,Blue,NULL,NA,NA,NA
NA,2,Deathmantle Chestguard,Deathmantle Chestguard,Epic,253.59,NULL,Leather Armor,NA,2,https://tbc.wowhead.com/item=30144,NA,94,33,NULL,17,NULL,NULL,NULL,Yellow,Yellow,Blue,NULL,NA,NA,NA
NA,3,Terrorweave Tunic,Terrorweave Tunic,Epic,247.9,197.08,Shadowmoon Valley,Doomwalker,1,https://tbc.wowhead.com/item=30730,NA,96,NULL,21,25,NULL,NULL,NULL,Red,Yellow,Yellow,NULL,NA,NA,NA
NA,4,Netherblade Chestpiece,Netherblade Chestpiece,Epic,235.35,208.73,NA,NA,1,https://tbc.wowhead.com/item=29045,NA,74,35,11,NULL,NULL,NULL,NULL,Red,Yellow,Blue,NULL,NA,NA,NA
NA,5,Chestguard of the Conniver,Chestguard of the Conniver,Epic,224.27,171.03,Karazhan,Nightbane,1,https://tbc.wowhead.com/item=28601,NA,90,37,22,NULL,NULL,NULL,NULL,NULL,NULL,NULL,NULL,NA,NA,NA
NA,6,Primalstrike Vest,Primalstrike Vest,Epic,220.26,191.22,Leatherworking,Crafted,1,https://tbc.wowhead.com/item=29525,NA,108,38,12,NULL,NULL,NULL,NULL,NULL,NULL,NULL,NULL,NA,NA,NA
NA,7,Merciless Gladiator's Leather Tunic,Merciless Gladiator's Leather Tunic,Epic,201.47,NULL,NA,PvP,2,https://tbc.wowhead.com/item=32002,NA,40,37,NULL,13,NULL,NULL,NULL,Red,Red,Yellow,NULL,NA,NA,NA
NA,8,Vest of Vengeance,Vest of Vengeance,Rare,185.83,159.21,Blood Furnace,Keli'dan the Breaker,1,https://tbc.wowhead.com/item=24396,NA,42,27,11,NULL,NULL,NULL,NULL,Red,Yellow,Blue,NULL,NA,NA,NA
NA,9,Gladiator's Leather Tunic,Gladiator's Leather Tunic,Epic,180.99,NULL,Season 1,PvP,1,https://tbc.wowhead.com/item=25831,NA,30,33,NULL,12,NULL,NULL,NULL,Red,Red,Yellow,NULL,NA,NA,NA
NA,10,Chestguard of the Prowler,Chestguard of the Prowler,Rare,179.03,137.89,Hellfire Ramparts,Vazruden and Nazan,1,https://tbc.wowhead.com/item=27461,NA,70,31,17,NULL,NULL,NULL,NULL,NULL,NULL,NULL,NULL,NA,NA,NA
NA,11,Wastewalker Tunic,Wastewalker Tunic,Rare,175.4,NULL,Blood Furnace,Keli'dan the Breaker,1,https://tbc.wowhead.com/item=28264,NA,56,28,NULL,NULL,NULL,NULL,NULL,Yellow,Yellow,Yellow,NULL,NA,NA,NA
NA,12,Auchenai Monk's Tunic,Auchenai Monk's Tunic,Rare,174.62,128.64,NA,Everything Will Be Alright,1,https://tbc.wowhead.com/item=29340,NA,18,24,19,NULL,NULL,NULL,NULL,Red,Red,Yellow,NULL,NA,NA,NA
NA,13,Hauberk of Karabor,Hauberk of Karabor,Rare,173.79,144.75,Shadowmoon Valley,Varedis Must Be Stopped,1,https://tbc.wowhead.com/item=30933,NA,90,25,12,NULL,NULL,NULL,NULL,NULL,NULL,NULL,NULL,NA,NA,NA
NA,14,Tunic of Assassination,Tunic of Assassination,Rare,173.4,NULL,Mechanar,Pathaleon the Calculator,1,https://tbc.wowhead.com/item=28204,NA,54,28,NULL,NULL,NULL,NULL,NULL,Red,Red,Blue,NULL,NA,NA,NA
NA,15,Primalstorm Breastplate,Primalstorm Breastplate,Rare,166.84,125.7,Leatherworking,Crafted,1,https://tbc.wowhead.com/item=29973,NA,60,30,17,NULL,NULL,NULL,NULL,NULL,NULL,NULL,NULL,NA,NA,NA
NA,NA,Wrist,NA,NA,NULL,NULL,NA,NA,NULL,NA,NA,ap,agi,hit,crit,haste,arp,exp,socket,NULL,NULL,NULL,NA,NA,NA
NA,1,Vambraces of Ending,Vambraces of Ending,Epic,123.92,NULL,Tempest Keep,High Astromancer Solarian,2,https://tbc.wowhead.com/item=29966,NA,52,24,NULL,NULL,NULL,NULL,NULL,Blue,NULL,NULL,NULL,NA,NA,NA
NA,2,Nightfall Wristguards,Nightfall Wristguards,Epic,98.56,NULL,Old Hillsbrad Foothills,Epoch Hunter,1,https://tbc.wowhead.com/item=29246,NA,46,24,NULL,NULL,NULL,NULL,NULL,NULL,NULL,NULL,NULL,NA,NA,NA
NA,3,Primalstrike Bracers,Primalstrike Bracers,Epic,96.85,NULL,Leatherworking,Crafted,1,https://tbc.wowhead.com/item=29527,NA,64,15,NULL,NULL,NULL,NULL,NULL,NULL,NULL,NULL,NULL,NA,NA,NA
NA,4,Spymistress's Wristguards,Spymistress's Wristguards,Rare,95.08,58.78,Shadow Labyrinth,The Soul Devices,1,https://tbc.wowhead.com/item=28171,NA,NULL,18,15,NULL,NULL,NULL,NULL,Red,NULL,NULL,NULL,NA,NA,NA
NA,5,Ravager's Wrist-Wraps of the Bandit,Ravager's Wrist-Wraps of the Bandit,Epic,91.18,NULL,Karazhan,Rokad the Ravager,1,https://tbc.wowhead.com/item=30685/ravagers-wrist-wraps,NA,43,22,NULL,NULL,NULL,NULL,NULL,NULL,NULL,NULL,NULL,NA,NA,NA
NA,6,Nightstalker's Wristguards,Nightstalker's Wristguards,Uncommon,90.06,68.28,NA,Down With Daellis,0,https://tbc.wowhead.com/item=30399,NA,42,12,9,NULL,NULL,NULL,NULL,NULL,NULL,NULL,NULL,NA,NA,NA
NA,7,General's Leather Bracers,General's Leather Bracers,Epic,89.01,NULL,Season 1,PvP,1,https://tbc.wowhead.com/item=28424,NA,16,19,NULL,7,NULL,NULL,NULL,Yellow,NULL,NULL,NULL,NA,NA,NA
NA,8,Marshal's Leather Bracers,Marshal's Leather Bracers,Epic,89.01,NULL,NA,PvP,1,https://tbc.wowhead.com/item=28988,NA,16,19,NULL,7,NULL,NULL,NULL,Yellow,NULL,NULL,NULL,NA,NA,NA
NA,9,Ravager's Wrist-Wraps of the Tiger,Ravager's Wrist-Wraps of the Tiger,Epic,88.83,NULL,Karazhan,Rokad the Ravager,1,https://tbc.wowhead.com/item=30685/ravagers-wrist-wraps,NA,NULL,27,NULL,NULL,NULL,NULL,NULL,NULL,NULL,NULL,NULL,NA,NA,NA
NA,10,Bracers of Maliciousness,Bracers of Maliciousness,Epic,87.84,NULL,Karazhan,Maiden of Virtue,1,https://tbc.wowhead.com/item=28514,NA,50,NULL,NULL,22,NULL,NULL,NULL,NULL,NULL,NULL,NULL,NA,NA,NA
NA,11,Shackles of Quagmirran,Shackles of Quagmirran,Rare,83.8,NULL,Slave Pens,Quagmirran,1,https://tbc.wowhead.com/item=27712,NA,40,20,NULL,NULL,NULL,NULL,NULL,NULL,NULL,NULL,NULL,NA,NA,NA
NA,12,Bonescythe Bracers,Bonescythe Bracers,Epic,81.02,NULL,Classic,NA,0,https://tbc.wowhead.com/item=22483,NA,NULL,26,NULL,14,NULL,NULL,NULL,NULL,NULL,NULL,NULL,NA,NA,NA
NA,13,Windrager's Coils,Windrager's Coils,Rare,80.64,NULL,NA,NA,1,https://tbc.wowhead.com/item=32532,NA,60,NULL,NULL,12,NULL,NULL,NULL,NULL,NULL,NULL,NULL,NA,NA,NA
NA,14,Qiraji Execution Bracers,Qiraji Execution Bracers,Epic,75.74,51.54,Classic,NA,0,https://tbc.wowhead.com/item=21602,NA,NULL,16,10,NULL,NULL,NULL,NULL,NULL,NULL,NULL,NULL,NA,NA,NA
NA,15,Ferocious Bands,Ferocious Bands,Uncommon,74.65,50.45,NA,NA,0,https://tbc.wowhead.com/item=30332,NA,NULL,15,10,NULL,NULL,NULL,NULL,NULL,NULL,NULL,NULL,NA,NA,NA
NA,NA,Hands,NA,NA,NULL,NULL,NA,NA,NULL,NA,NA,ap,agi,hit,crit,haste,arp,exp,socket,NULL,NULL,NULL,NA,NA,NA
NA,1,Deathmantle Handguards,Deathmantle Handguards,Epic,206.92,148.84,Leather Armor,NA,2,https://tbc.wowhead.com/item=30145,NA,70,36,24,NULL,NULL,NULL,NULL,NULL,NULL,NULL,NULL,NA,NA,NA
NA,2,Gloves of the Searing Grip,Gloves of the Searing Grip,Epic,185.97,NULL,Tempest Keep,Al'ar,2,https://tbc.wowhead.com/item=29947,NA,66,33,NULL,NULL,NULL,NULL,18,NULL,NULL,NULL,NULL,NA,NA,NA
NA,3,Grips of Deftness,Grips of Deftness,Epic,163.26,NULL,Karazhan,Trash,1,https://tbc.wowhead.com/item=30644,NA,60,29,NULL,NULL,NULL,NULL,15,NULL,NULL,NULL,NULL,NA,NA,NA
NA,4,Gloves of Dexterous Manipulation,Gloves of Dexterous Manipulation,Epic,157.37,NULL,Karazhan,Attumen the Huntsman,1,https://tbc.wowhead.com/item=28506,NA,42,35,NULL,NULL,NULL,NULL,NULL,Red,Blue,NULL,NULL,NA,NA,NA
NA,5,Fel Leather Gloves,Fel Leather Gloves,Rare,157.14,116,Leatherworking,Crafted,1,https://tbc.wowhead.com/item=25685,NA,36,NULL,17,24,NULL,NULL,NULL,Yellow,Red,NULL,NULL,NA,NA,NA
NA,6,Netherblade Gloves,Netherblade Gloves,Epic,156.14,115,NA,NA,1,https://tbc.wowhead.com/item=29048,NA,72,NULL,17,25,NULL,NULL,NULL,NULL,NULL,NULL,NULL,NA,NA,NA
NA,7,Liar's Tongue Gloves,Liar's Tongue Gloves,Epic,155.44,NULL,Magtheridon's Lair,Magtheridon,1,https://tbc.wowhead.com/item=28776,NA,72,NULL,NULL,26,NULL,NULL,NULL,Blue,Blue,NULL,NULL,NA,NA,NA
NA,8,Handgrips of Assassination,Handgrips of Assassination,Rare,145.89,104.75,Black Morass,Aeonus,1,https://tbc.wowhead.com/item=27509,NA,50,25,17,NULL,NULL,NULL,NULL,NULL,NULL,NULL,NULL,NA,NA,NA
NA,9,Vengeful Gladiator's Leather Gloves,Vengeful Gladiator's Leather Gloves,Epic,144.95,NULL,Season 3,PvP,2,https://tbc.wowhead.com/item=33700,NA,40,33,NULL,19,NULL,NULL,NULL,NULL,NULL,NULL,NULL,NA,NA,NA
NA,10,Rapscallion's Touch,Rapscallion's Touch,Rare,143.99,107.69,NA,Rescue Deirom!,1,https://tbc.wowhead.com/item=25969,NA,NULL,15,15,21,NULL,NULL,NULL,Red,Yellow,NULL,NULL,NA,NA,NA
NA,11,Cobrascale Gloves,Cobrascale Gloves,Epic,141.4,93,Leatherworking,Crafted,1,https://tbc.wowhead.com/item=29503,NA,50,NULL,20,25,NULL,NULL,NULL,NULL,NULL,NULL,NULL,NA,NA,NA
NA,12,Gloves of the Unbound,Gloves of the Unbound,Rare,135.85,NULL,Arcatraz,Wrath-Scryer Soccothrates,1,https://tbc.wowhead.com/item=28396,NA,38,27,NULL,NULL,NULL,NULL,NULL,Red,Blue,NULL,NULL,NA,NA,NA
NA,13,Predatory Gloves,Predatory Gloves,Rare,130.1,84.12,Mana-Tombs,Tavarok,1,https://tbc.wowhead.com/item=27825,NA,48,NULL,19,21,NULL,NULL,NULL,NULL,NULL,NULL,NULL,NA,NA,NA
NA,14,Merciless Gladiator's Leather Gloves,Merciless Gladiator's Leather Gloves,Epic,129.41,NULL,NA,PvP,2,https://tbc.wowhead.com/item=31998,NA,34,31,NULL,16,NULL,NULL,NULL,NULL,NULL,NULL,NULL,NA,NA,NA
NA,15,Wastewalker Gloves,Wastewalker Gloves,Rare,124.8,NULL,Shattered Halls,Warchief Kargath Bladefist,1,https://tbc.wowhead.com/item=27531,NA,16,32,NULL,NULL,NULL,NULL,NULL,Red,Yellow,NULL,NULL,NA,NA,NA
NA,NA,Waist,NA,NA,NULL,NULL,NA,NA,NULL,NA,NA,ap,agi,hit,crit,haste,arp,exp,socket,NULL,NULL,NULL,NA,NA,NA
NA,1,Belt of One-Hundred Deaths,Belt of One-Hundred Deaths,Epic,242.48,NULL,Serpentshrine Cavern,Lady Vashj,2,https://tbc.wowhead.com/item=30106,NA,74,29,NULL,NULL,NULL,NULL,25,Red,Blue,NULL,NULL,NA,NA,NA
NA,2,Belt of Deep Shadow,Belt of Deep Shadow,Epic,218.36,174.8,Leatherworking,Crafted,2,https://tbc.wowhead.com/item=30040,NA,66,32,18,NULL,NULL,NULL,NULL,Blue,Blue,NULL,NULL,NA,NA,NA
NA,3,Girdle of the Deathdealer,Girdle of the Deathdealer,Epic,165.72,117.32,Black Morass,Aeonus,1,https://tbc.wowhead.com/item=29247,NA,56,28,20,NULL,NULL,NULL,NULL,NULL,NULL,NULL,NULL,NA,NA,NA
NA,4,Gronn-Stitched Girdle,Gronn-Stitched Girdle,Epic,153.72,NULL,Gruul's Lair,Gruul the Dragonkiller,1,https://tbc.wowhead.com/item=28828,NA,72,NULL,NULL,25,NULL,NULL,NULL,Blue,Yellow,NULL,NULL,NA,NA,NA
NA,5,Socrethar's Girdle,Socrethar's Girdle,Rare,146.77,98.37,NA,Turning Point,1,https://tbc.wowhead.com/item=30372,NA,48,23,20,NULL,NULL,NULL,NULL,NULL,NULL,NULL,NULL,NA,NA,NA
NA,6,Girdle of Treachery,Girdle of Treachery,Epic,136.14,NULL,Karazhan,Chess Event,1,https://tbc.wowhead.com/item=28750,NA,58,18,NULL,NULL,NULL,NULL,NULL,Red,Red,NULL,NULL,NA,NA,NA
NA,7,Epoch's Whispering Cinch,Epoch's Whispering Cinch,Rare,135.89,94.75,Old Hillsbrad Foothills,Epoch Hunter,1,https://tbc.wowhead.com/item=27911,NA,40,25,17,NULL,NULL,NULL,NULL,NULL,NULL,NULL,NULL,NA,NA,NA
NA,8,Naaru Belt of Precision,Naaru Belt of Precision,Rare,135.05,98.75,NA,How to Break Into the Arcatraz,1,https://tbc.wowhead.com/item=31464,NA,44,25,15,NULL,NULL,NULL,NULL,NULL,NULL,NULL,NULL,NA,NA,NA
NA,9,Dunewind Sash,Dunewind Sash,Rare,134.71,NULL,Underbog,Ghaz'an,1,https://tbc.wowhead.com/item=27760,NA,50,21,NULL,NULL,NULL,NULL,NULL,Red,Blue,NULL,NULL,NA,NA,NA
NA,10,Primalstrike Belt,Primalstrike Belt,Epic,127.8,NULL,Leatherworking,Crafted,1,https://tbc.wowhead.com/item=29526,NA,84,20,NULL,NULL,NULL,NULL,NULL,NULL,NULL,NULL,NULL,NA,NA,NA
NA,11,Lurker's Grasp of the Tiger,Lurker's Grasp of the Tiger,Epic,121.73,NULL,Karazhan,Hyakiss the Lurker,1,https://tbc.wowhead.com/item=30676/lurkers-grasp,NA,NULL,37,NULL,NULL,NULL,NULL,NULL,NULL,NULL,NULL,NULL,NA,NA,NA
NA,12,Lurker's Grasp of the Bandit,Lurker's Grasp of the Bandit,Epic,121.51,NULL,Karazhan,Hyakiss the Lurker,1,https://tbc.wowhead.com/item=30676/lurkers-grasp,NA,58,29,NULL,NULL,NULL,NULL,NULL,NULL,NULL,NULL,NULL,NA,NA,NA
NA,13,Sash of Silent Blades,Sash of Silent Blades,Rare,117.94,91.32,NA,World Drop,1,https://tbc.wowhead.com/item=31131,NA,30,28,11,NULL,NULL,NULL,NULL,NULL,NULL,NULL,NULL,NA,NA,NA
NA,14,Eva's Strap,Eva's Strap,Uncommon,116.56,87.52,NA,NA,0,https://tbc.wowhead.com/item=30936,NA,60,NULL,12,16,NULL,NULL,NULL,NULL,NULL,NULL,NULL,NA,NA,NA
NA,15,General's Leather Belt,General's Leather Belt,Epic,114.93,NULL,Season 1,PvP,1,https://tbc.wowhead.com/item=28423,NA,30,27,NULL,15,NULL,NULL,NULL,NULL,NULL,NULL,NULL,NA,NA,NA
NA,NA,Ring,NA,NA,NULL,NULL,NA,NA,NULL,NA,NA,ap,agi,hit,crit,haste,arp,exp,socket,NULL,NULL,NULL,NA,NA,NA
NA,1,Ring of Lethality,Ring of Lethality,Epic,148.54,102.56,Serpentshrine Cavern,Hydross the Unstable,2,https://tbc.wowhead.com/item=30052,NA,50,24,19,NULL,NULL,NULL,NULL,NULL,NULL,NULL,NULL,NA,NA,NA
NA,2,Band of the Ranger-General,Band of the Ranger-General,Epic,147.72,104.16,Tempest Keep,Kael'thas Sunstrider,2,https://tbc.wowhead.com/item=29997,NA,56,NULL,18,28,NULL,NULL,NULL,NULL,NULL,NULL,NULL,NA,NA,NA
NA,3,Ring of Reciprocity,Ring of Reciprocity,Epic,130.98,94.68,Hellfire Peninsula,Doom Lord Kazzak,1,https://tbc.wowhead.com/item=30738,NA,62,NULL,15,19,NULL,NULL,NULL,NULL,NULL,NULL,NULL,NA,NA,NA
NA,4,Ring of a Thousand Marks,Ring of a Thousand Marks,Epic,129.54,83.56,Karazhan,Prince Malchezaar,1,https://tbc.wowhead.com/item=28757,NA,44,NULL,19,23,NULL,NULL,NULL,NULL,NULL,NULL,NULL,NA,NA,NA
NA,5,Garona's Signet Ring,Garona's Signet Ring,Epic,127.36,83.8,Karazhan,The Curator,1,https://tbc.wowhead.com/item=28649,NA,40,20,18,NULL,NULL,NULL,NULL,NULL,NULL,NULL,NULL,NA,NA,NA
NA,6,Shaffar's Band of Brutality,Shaffar's Band of Brutality,Epic,120.38,74.4,Mana-Tombs,Yor,1,https://tbc.wowhead.com/item=31920,NA,40,NULL,19,20,NULL,NULL,NULL,NULL,NULL,NULL,NULL,NA,NA,NA
NA,7,Violet Signet of the Master Assassin,Violet Signet of the Master Assassin,Epic,116.5,56,Deadwind Pass,Eminence Among the Violet Eye,1,https://tbc.wowhead.com/item=29283,NA,56,NULL,25,NULL,NULL,NULL,NULL,NULL,NULL,NULL,NULL,NA,NA,NA
NA,8,Violet Signet,Violet Signet,Epic,110.08,52,Deadwind Pass,Distinguished Service,1,https://tbc.wowhead.com/item=29282,NA,52,NULL,24,NULL,NULL,NULL,NULL,NULL,NULL,NULL,NULL,NA,NA,NA
NA,9,Shapeshifter's Signet,Shapeshifter's Signet,Epic,107.75,NULL,Lower City,Exalted,1,https://tbc.wowhead.com/item=30834,NA,NULL,25,NULL,NULL,NULL,NULL,20,NULL,NULL,NULL,NULL,NA,NA,NA
NA,10,Kaylaan's Signet,Kaylaan's Signet,Rare,107.05,82.85,Terokkar Forest,Deathblow to the Legion,1,https://tbc.wowhead.com/item=30860,NA,50,15,10,NULL,NULL,NULL,NULL,NULL,NULL,NULL,NULL,NA,NA,NA
NA,11,Slayer's Mark of the Redemption,Slayer's Mark of the Redemption,Rare,107.05,82.85,Shadowmoon Valley,Dissension Amongst the Ranks...,1,https://tbc.wowhead.com/item=31077,NA,50,15,10,NULL,NULL,NULL,NULL,NULL,NULL,NULL,NULL,NA,NA,NA
NA,12,Ring of the Recalcitrant,Ring of the Recalcitrant,Epic,106.56,NULL,Magtheridon's Lair,The Fall of Magtheridon,1,https://tbc.wowhead.com/item=28791,NA,54,24,NULL,NULL,NULL,NULL,NULL,NULL,NULL,NULL,NULL,NA,NA,NA
NA,13,Ravenclaw Band,Ravenclaw Band,Rare,105.26,73.8,Sethekk Halls,Talon King Ikiss,1,https://tbc.wowhead.com/item=27925,NA,30,20,13,NULL,NULL,NULL,NULL,NULL,NULL,NULL,NULL,NA,NA,NA
NA,14,Violet Signet,Violet Signet,Epic,103.24,50,Deadwind Pass,Down the Violet Path,1,https://tbc.wowhead.com/item=29281,NA,50,NULL,22,NULL,NULL,NULL,NULL,NULL,NULL,NULL,NULL,NA,NA,NA
NA,15,Band of Anguish,Band of Anguish,Rare,102.67,78.47,Shadowmoon Valley,News of Victory,1,https://tbc.wowhead.com/item=30973,NA,50,13,10,NULL,NULL,NULL,NULL,NULL,NULL,NULL,NULL,NA,NA,NA
NA,NA,Legs,NA,NA,NULL,NULL,NA,NA,NULL,NA,NA,ap,agi,hit,crit,haste,arp,exp,socket,NULL,NULL,NULL,NA,NA,NA
NA,1,Skulker's Greaves,Skulker's Greaves,Epic,259.92,192.16,Karazhan,Netherspite,1,https://tbc.wowhead.com/item=28741,NA,64,32,28,NULL,NULL,NULL,NULL,Red,Red,Blue,NULL,NA,NA,NA
NA,2,Leggings of Murderous Intent,Leggings of Murderous Intent,Epic,254.19,NULL,Tempest Keep,Kael'thas Sunstrider,2,https://tbc.wowhead.com/item=29995,NA,92,45,NULL,37,NULL,NULL,NULL,NULL,NULL,NULL,NULL,NA,NA,NA
NA,3,Deathmantle Legguards,Deathmantle Legguards,Epic,253.01,NULL,Leather Armor,NA,2,https://tbc.wowhead.com/item=30148,NA,86,47,NULL,26,NULL,NULL,NULL,Blue,NULL,NULL,NULL,NA,NA,NA
NA,4,Netherblade Breeches,Netherblade Breeches,Epic,241.09,178.17,Gruul's Lair,Gruul the Dragonkiller,1,https://tbc.wowhead.com/item=29046,NA,84,43,26,NULL,NULL,NULL,NULL,NULL,NULL,NULL,NULL,NA,NA,NA
NA,5,Vengeful Gladiator's Leather Legguards,Vengeful Gladiator's Leather Legguards,Epic,223.89,194.85,Season 3,PvP,2,https://tbc.wowhead.com/item=33702,NA,50,35,12,25,NULL,84,NULL,NULL,NULL,NULL,NULL,NA,NA,NA
NA,6,Fel Leather Leggings,Fel Leather Leggings,Rare,213.58,153.08,Leatherworking,Crafted,1,https://tbc.wowhead.com/item=25687,NA,52,NULL,25,25,NULL,NULL,NULL,Red,Yellow,Yellow,NULL,NA,NA,NA
NA,7,Midnight Legguards,Midnight Legguards,Epic,209.66,168.52,Slave Pens,Quagmirran,1,https://tbc.wowhead.com/item=30538,NA,64,NULL,17,27,NULL,NULL,NULL,Red,Red,Blue,NULL,NA,NA,NA
NA,8,Wastewalker Leggings,Wastewalker Leggings,Rare,199.95,153.97,Mana-Tombs,Nexus-Prince Shaffar,1,https://tbc.wowhead.com/item=27837,NA,28,31,19,NULL,NULL,NULL,NULL,Red,Red,Blue,NULL,NA,NA,NA
NA,9,Clefthoof Hide Leggings,Clefthoof Hide Leggings,Rare,187.54,146.4,Blade's Edge Mountains,Showdown,1,https://tbc.wowhead.com/item=31544,NA,NULL,30,17,NULL,NULL,NULL,18,NULL,NULL,NULL,NULL,NA,NA,NA
NA,10,Leggings of Assassination,Leggings of Assassination,Rare,184.84,131.6,Shadow Labyrinth,Murmur,1,https://tbc.wowhead.com/item=27908,NA,44,40,22,NULL,NULL,NULL,NULL,NULL,NULL,NULL,NULL,NA,NA,NA
NA,11,Leggings of the Unrepentant,Leggings of the Unrepentant,Rare,172.83,NULL,Blood Furnace,Keli'dan the Breaker,1,https://tbc.wowhead.com/item=27514,NA,60,25,NULL,NULL,NULL,NULL,NULL,Red,Yellow,Blue,NULL,NA,NA,NA
NA,12,Oilcloth Breeches,Oilcloth Breeches,Rare,172.1,111.6,NA,Showdown,1,https://tbc.wowhead.com/item=31545,NA,60,NULL,25,30,NULL,NULL,NULL,NULL,NULL,NULL,NULL,NA,NA,NA
NA,13,Merciless Gladiator's Leather Legguards,Merciless Gladiator's Leather Legguards,Epic,167.91,NULL,NA,PvP,2,https://tbc.wowhead.com/item=32000,NA,42,41,NULL,21,NULL,NULL,NULL,NULL,NULL,NULL,NULL,NA,NA,NA
NA,14,Warpscale Leggings,Warpscale Leggings,Rare,159.96,126.08,Botanica,Warp Splinter,1,https://tbc.wowhead.com/item=28347,NA,56,32,14,NULL,NULL,NULL,NULL,NULL,NULL,NULL,NULL,NA,NA,NA
NA,15,Mennu's Scaled Leggings,Mennu's Scaled Leggings,Rare,159.12,NULL,Slave Pens,Mennu the Betrayer,1,https://tbc.wowhead.com/item=27545,NA,46,NULL,NULL,32,NULL,NULL,NULL,Red,Red,Blue,NULL,NA,NA,NA
NA,NA,Feet,NA,NA,NULL,NULL,NA,NA,NULL,NA,NA,ap,agi,hit,crit,haste,arp,exp,socket,NULL,NULL,NULL,NA,NA,NA
NA,1,Edgewalker Longboots,Edgewalker Longboots,Epic,177.69,146.23,Karazhan,Moroes,1,https://tbc.wowhead.com/item=28545,NA,44,29,13,NULL,NULL,NULL,NULL,Red,Yellow,NULL,NULL,NA,NA,NA
NA,2,Boots of Utter Darkness,Boots of Utter Darkness,Epic,176.7,121.04,Leatherworking,Crafted,2,https://tbc.wowhead.com/item=30039,NA,66,NULL,23,32,NULL,NULL,NULL,NULL,NULL,NULL,NULL,NA,NA,NA
NA,3,Fel Leather Boots,Fel Leather Boots,Rare,164.46,103.96,Leatherworking,Crafted,1,https://tbc.wowhead.com/item=25686,NA,36,NULL,25,17,NULL,NULL,NULL,Yellow,Red,NULL,NULL,NA,NA,NA
NA,4,Boots of Effortless Striking,Boots of Effortless Striking,Epic,149.98,NULL,Serpentshrine Cavern,The Lurker Below,2,https://tbc.wowhead.com/item=30060,NA,58,42,NULL,NULL,NULL,NULL,NULL,NULL,NULL,NULL,NULL,NA,NA,NA
NA,5,The Master's Treads,The Master's Treads,Rare,139.28,100.56,NA,NA,1,https://tbc.wowhead.com/item=31288,NA,48,24,16,NULL,NULL,NULL,NULL,NULL,NULL,NULL,NULL,NA,NA,NA
NA,6,Felboar Hide Shoes,Felboar Hide Shoes,Rare,129.2,107.42,NA,The Cipher of Damnation - The Third Fragment Recovered,1,https://tbc.wowhead.com/item=30939,NA,68,18,9,NULL,NULL,NULL,NULL,NULL,NULL,NULL,NULL,NA,NA,NA
NA,7,Boots of the Unjust,Boots of the Unjust,Rare,128.14,96.68,Auchenai Crypts,Exarch Maladaar,1,https://tbc.wowhead.com/item=27867,NA,64,NULL,13,19,NULL,NULL,NULL,NULL,NULL,NULL,NULL,NA,NA,NA
NA,8,Boots of Natural Grace,Boots of Natural Grace,Epic,127.12,93.24,Leatherworking,Crafted,2,https://tbc.wowhead.com/item=30041,NA,NULL,26,14,NULL,NULL,NULL,NULL,NULL,NULL,NULL,NULL,NA,NA,NA
NA,9,Rapscallion Boots,Rapscallion Boots,Epic,123.28,NULL,Karazhan,Shade of Aran,1,https://tbc.wowhead.com/item=28669,NA,82,NULL,NULL,24,NULL,NULL,NULL,NULL,NULL,NULL,NULL,NA,NA,NA
NA,10,Shadowstep Striders,Shadowstep Striders,Epic,121.89,NULL,Arcatraz,Harbinger Skyriss,1,https://tbc.wowhead.com/item=29248,NA,54,31,NULL,NULL,NULL,NULL,NULL,NULL,NULL,NULL,NULL,NA,NA,NA
NA,11,Glider's Boots of the Tiger,Glider's Boots of the Tiger,Epic,121.73,NULL,Karazhan,Shadikith the Glider,1,https://tbc.wowhead.com/item=30681/gliders-boots,NA,NULL,37,NULL,NULL,NULL,NULL,NULL,NULL,NULL,NULL,NULL,NA,NA,NA
NA,12,Glider's Boots of the Bandit,Glider's Boots of the Bandit,Epic,121.51,NULL,Karazhan,Shadikith the Glider,1,https://tbc.wowhead.com/item=30681/gliders-boots,NA,58,29,NULL,NULL,NULL,NULL,NULL,NULL,NULL,NULL,NULL,NA,NA,NA
NA,13,Farahlite Studded Boots,Farahlite Studded Boots,Uncommon,118.56,NULL,NA,A Fate Worse Than Death,0,https://tbc.wowhead.com/item=30401,NA,56,16,NULL,16,NULL,NULL,NULL,NULL,NULL,NULL,NULL,NA,NA,NA
NA,14,General's Leather Boots,General's Leather Boots,Epic,114.93,NULL,Season 1,PvP,1,https://tbc.wowhead.com/item=28422,NA,30,27,NULL,15,NULL,NULL,NULL,NULL,NULL,NULL,NULL,NA,NA,NA
NA,15,Marshal's Leather Boots,Marshal's Leather Boots,Epic,114.93,NULL,NA,PvP,1,https://tbc.wowhead.com/item=28987,NA,30,27,NULL,15,NULL,NULL,NULL,NULL,NULL,NULL,NULL,NA,NA,NA
NA,NA,Trinket,NA,NA,NULL,NULL,NA,NA,NULL,NA,NA,ap,agi,hit,crit,haste,arp,exp,socket,NULL,NULL,NULL,NA,NA,NA
NA,1,Dragonspine Trophy,Dragonspine Trophy,Epic,316.9,NULL,Gruul's Lair,Gruul the Dragonkiller,1,https://tbc.wowhead.com/item=28830,NA,40,NULL,NULL,NULL,130,NULL,NULL,NULL,NULL,NULL,NULL,NA,NA,NA
NA,2,Warp-Spring Coil,Warp-Spring Coil,Epic,200.82,150,Tempest Keep,Void Reaver,2,https://tbc.wowhead.com/item=30450,NA,NULL,NULL,21,NULL,NULL,500,NULL,NULL,NULL,NULL,NULL,NA,NA,NA
NA,3,Tsunami Talisman,Tsunami Talisman,Epic,151.38,127.18,Serpentshrine Cavern,Leotheras the Blind,2,https://tbc.wowhead.com/item=30627,NA,61.82,NULL,10,38,NULL,NULL,NULL,NULL,NULL,NULL,NULL,NA,NA,NA
NA,4,Mark of the Champion (undead/demon),Mark of the Champion (undead/demon),Epic,150,NULL,NA,The Fall of Kel'Thuzad,1,https://tbc.wowhead.com/item=23206,NA,150,NULL,NULL,NULL,NULL,NULL,NULL,NULL,NULL,NULL,NULL,NA,NA,NA
NA,5,Bloodlust Brooch,Bloodlust Brooch,Epic,118,NULL,Badge of Justice,G'eras,1,https://tbc.wowhead.com/item=29383,NA,118,NULL,NULL,NULL,NULL,NULL,NULL,NULL,NULL,NULL,NULL,NA,NA,NA
NA,6,Abacus of Violent Odds,Abacus of Violent Odds,Rare,110.1145,NULL,Mechanar,Pathaleon the Calculator,1,https://tbc.wowhead.com/item=28288,NA,64,NULL,NULL,NULL,21.65,NULL,NULL,NULL,NULL,NULL,NULL,NA,NA,NA
NA,7,Slayer's Crest,Slayer's Crest,Epic,107,NULL,Naxxramas,Sapphiron,0,https://tbc.wowhead.com/item=23041,NA,107,NULL,NULL,NULL,NULL,NULL,NULL,NULL,NULL,NULL,NULL,NA,NA,NA
NA,8,Hourglass of the Unraveller,Hourglass of the Unraveller,Rare,105.04,NULL,Black Morass,Temporus,1,https://tbc.wowhead.com/item=28034,NA,50,NULL,NULL,32,NULL,NULL,NULL,NULL,NULL,NULL,NULL,NA,NA,NA
NA,9,Drake Fang Talisman,Drake Fang Talisman,Epic,104.4,56,Blackwing Lair,Ebonroc,0,https://tbc.wowhead.com/item=19406,NA,56,NULL,20,NULL,NULL,NULL,NULL,NULL,NULL,NULL,NULL,NA,NA,NA
NA,10,Icon of Unyielding Courage,Icon of Unyielding Courage,Rare,102.6,30,Blood Furnace,Keli'dan the Breaker,1,https://tbc.wowhead.com/item=28121,NA,NULL,NULL,30,NULL,NULL,100,NULL,NULL,NULL,NULL,NULL,NA,NA,NA
NA,11,Kiss of the Spider,Kiss of the Spider,Epic,101.53,77.33,Classic,NA,0,https://tbc.wowhead.com/item=22954,NA,NULL,NULL,10,14,25,NULL,NULL,NULL,NULL,NULL,NULL,NA,NA,NA
NA,12,Core of Ar'kelos,Core of Ar'kelos,Uncommon,85,NULL,Archmage Vargoth,Ar'kelos the Guardian,1,https://tbc.wowhead.com/item=29776,NA,85,NULL,NULL,NULL,NULL,NULL,NULL,NULL,NULL,NULL,NULL,NA,NA,NA
NA,13,Romulo's Poison Vial,Romulo's Poison Vial,Epic,84.7,0,Karazhan,Julianne,1,https://tbc.wowhead.com/item=28579,NA,NULL,NULL,35,NULL,NULL,NULL,NULL,NULL,NULL,NULL,NULL,NA,NA,NA
NA,14,Battlemaster's Determination,Battlemaster's Determination,Epic,80,NULL,NA,PvP,2,https://tbc.wowhead.com/item=34578,NA,80,NULL,NULL,NULL,NULL,NULL,NULL,NULL,NULL,NULL,NULL,NA,NA,NA
NA,15,Bladefist's Breadth,Bladefist's Breadth,Rare,77.72,NULL,Hellfire Peninsula,Overlord,1,https://tbc.wowhead.com/item=28041,NA,33,NULL,NULL,26,NULL,NULL,NULL,NULL,NULL,NULL,NULL,NA,NA,NA
NA,NA,Ranged,NA,NA,NULL,NULL,NA,NA,NULL,NA,NA,ap,agi,hit,crit,haste,arp,exp,socket,NULL,NULL,NULL,NA,NA,NA
NA,1,Arcanite Steam-Pistol,Arcanite Steam-Pistol,Epic,89.78,43.8,Tempest Keep,Al'ar,2,https://tbc.wowhead.com/item=29949,NA,NULL,20,19,NULL,NULL,NULL,NULL,NULL,NULL,NULL,NULL,NA,NA,NA
NA,2,Sunfury Bow of the Phoenix,Sunfury Bow of the Phoenix,Epic,75.61,NULL,Karazhan,Prince Malchezaar,1,https://tbc.wowhead.com/item=28772,NA,34,19,NULL,NULL,NULL,NULL,NULL,NULL,NULL,NULL,NULL,NA,NA,NA
NA,3,Veteran's Musket,Veteran's Musket,Epic,74.9,48.28,Honor Hold,Exalted,1,https://tbc.wowhead.com/item=29151,NA,22,12,11,NULL,NULL,NULL,NULL,NULL,NULL,NULL,NULL,NA,NA,NA
NA,4,Marksman's Bow,Marksman's Bow,Epic,74.9,48.28,Thrallmar,Exalted,1,https://tbc.wowhead.com/item=29152,NA,22,12,11,NULL,NULL,NULL,NULL,NULL,NULL,NULL,NULL,NA,NA,NA
NA,5,Barrel-Blade Longrifle,Barrel-Blade Longrifle,Epic,73.76,NULL,Shadowmoon Valley,Doomwalker,1,https://tbc.wowhead.com/item=30724,NA,NULL,16,NULL,NULL,NULL,NULL,NULL,Red,Red,NULL,NULL,NA,NA,NA
NA,6,Steelhawk Crossbow,Steelhawk Crossbow,Epic,68.72,30,Karazhan,Attumen the Huntsman,1,https://tbc.wowhead.com/item=28504,NA,30,NULL,16,NULL,NULL,NULL,NULL,NULL,NULL,NULL,NULL,NA,NA,NA
NA,7,Spinesever,Spinesever,Epic,68.29,44.09,Strong Junkbox,World Drop,1,https://tbc.wowhead.com/item=34622,NA,20,11,10,NULL,NULL,NULL,NULL,NULL,NULL,NULL,NULL,NA,NA,NA
NA,8,Serpent Spine Longbow,Serpent Spine Longbow,Epic,65.52,NULL,Serpentshrine Cavern,Lady Vashj,2,https://tbc.wowhead.com/item=30105,NA,38,NULL,NULL,16,NULL,NULL,NULL,NULL,NULL,NULL,NULL,NA,NA,NA
NA,9,Wolfslayer Sniper Rifle,Wolfslayer Sniper Rifle,Epic,64.85,NULL,Karazhan,The Big Bad Wolf,1,https://tbc.wowhead.com/item=28581,NA,32,15,NULL,NULL,NULL,NULL,NULL,NULL,NULL,NULL,NULL,NA,NA,NA
NA,10,Mama's Insurance,Mama's Insurance,Uncommon,64.22,NULL,NA,Declawing Doomclaw,1,https://tbc.wowhead.com/item=30279,NA,32,10,NULL,6,NULL,NULL,NULL,NULL,NULL,NULL,NULL,NA,NA,NA
NA,11,Xavian Stiletto,Xavian Stiletto,Epic,63.44,34.4,Karazhan,Terestian Illhoof,1,https://tbc.wowhead.com/item=28659,NA,NULL,NULL,12,20,NULL,NULL,NULL,NULL,NULL,NULL,NULL,NA,NA,NA
NA,12,Serpentshrine Shuriken,Serpentshrine Shuriken,Epic,63.44,34.4,Serpentshrine Cavern,Trash,2,https://tbc.wowhead.com/item=30025,NA,NULL,NULL,12,20,NULL,NULL,NULL,NULL,NULL,NULL,NULL,NA,NA,NA
NA,13,Ornate Khorium Rifle,Ornate Khorium Rifle,Rare,62.12,30.66,Engineering,Crafted,1,https://tbc.wowhead.com/item=23748,NA,NULL,14,13,NULL,NULL,NULL,NULL,NULL,NULL,NULL,NULL,NA,NA,NA
NA,14,Felsteel Whisper Knives,Felsteel Whisper Knives,Rare,61.4,37.2,Blacksmithing,Crafted,1,https://tbc.wowhead.com/item=29204,NA,20,NULL,10,10,NULL,NULL,NULL,NULL,NULL,NULL,NULL,NA,NA,NA
NA,15,Skyfire Hawk-Bow,Skyfire Hawk-Bow,Rare,59.88,26,Shattered Halls,Warbringer O'mrogg,1,https://tbc.wowhead.com/item=27526,NA,26,NULL,14,NULL,NULL,NULL,NULL,NULL,NULL,NULL,NULL,NA,NA,NA
NA,NA,Main Hand,NA,NA,NULL,NULL,NA,NA,NULL,NA,NA,type,NULL,dps,speed,ap,agi,hit,crit,haste,arp,exp,socket,NA,NA
NA,1,Dragonstrike (melee proc),Dragonstrike (melee proc),Epic,997.268,NULL,Blacksmithing,Crafted,2,https://tbc.wowhead.com/item=28439,NA,Main Hand,Mace,97.6,2.7,NULL,NULL,NULL,NULL,63.6,NULL,NULL,NA,NA,NA
NA,2,Talon of Azshara,Talon of Azshara,Epic,974.25,925.85,Serpentshrine Cavern,Morogrim Tidewalker,2,https://tbc.wowhead.com/item=30082,NA,One Hand,Sword,96.5,2.7,40,15,20,NULL,NULL,NULL,NULL,NA,NA,NA
NA,3,Talon of the Phoenix,Talon of the Phoenix,Epic,973.98,937.68,Tempest Keep,Al'ar,2,https://tbc.wowhead.com/item=32944,NA,Main Hand,Fist,96.5,2.7,52,NULL,15,19,NULL,NULL,NULL,NA,NA,NA
NA,4,Fang of Vashj,Fang of Vashj,Epic,968.05,NULL,Serpentshrine Cavern,Lady Vashj,2,https://tbc.wowhead.com/item=30103,NA,One Hand,Dagger,100.3,1.8,56,NULL,NULL,NULL,NULL,NULL,21,NA,NA,NA
NA,5,Merciless Gladiator's Slicer,Merciless Gladiator's Slicer,Epic,946.48,922.28,Season 2,PvP,2,https://tbc.wowhead.com/item=32052,NA,One Hand,Sword,97.7,2.6,30,NULL,10,19,NULL,NULL,NULL,NA,NA,NA
NA,6,Dragonmaw (melee proc),Dragonmaw (melee proc),Epic,945.268,NULL,Blacksmithing,Crafted,1,https://tbc.wowhead.com/item=28438,NA,Main Hand,Mace,91.1,2.7,NULL,NULL,NULL,NULL,63.6,NULL,NULL,NA,NA,NA
NA,7,Merciless Gladiator's Right Ripper,Merciless Gladiator's Right Ripper,Epic,944.88,920.68,Season 2,PvP,2,https://tbc.wowhead.com/item=32028,NA,Main Hand,Fist,97.5,2.6,30,NULL,10,19,NULL,NULL,NULL,NA,NA,NA
NA,8,Merciless Gladiator's Pummeler,Merciless Gladiator's Pummeler,Epic,944.88,920.68,Season 2,PvP,2,https://tbc.wowhead.com/item=32026,NA,One Hand,Mace,97.5,2.6,30,NULL,10,19,NULL,NULL,NULL,NA,NA,NA
NA,9,Rod of the Sun King,Rod of the Sun King,Epic,934.6,NULL,Tempest Keep,Kael'thas Sunstrider,2,https://tbc.wowhead.com/item=29996,NA,One Hand,Mace,100.2,2.7,52,NULL,NULL,NULL,NULL,NULL,NULL,NA,NA,NA
NA,10,Merciless Gladiator's Shanker,Merciless Gladiator's Shanker,Epic,920.88,896.68,Season 2,PvP,2,https://tbc.wowhead.com/item=32044,NA,One Hand,Dagger,97.5,1.8,30,NULL,10,19,NULL,NULL,NULL,NA,NA,NA
NA,11,Drakefist Hammer (melee proc),Drakefist Hammer (melee proc),Epic,890.868,NULL,Blacksmithing,Crafted,1,https://tbc.wowhead.com/item=28437,NA,Main Hand,Mace,84.3,2.7,NULL,NULL,NULL,NULL,63.6,NULL,NULL,NA,NA,NA
NA,12,Gladiator's Right Ripper,Gladiator's Right Ripper,Epic,883.98,862.2,Season 1,PvP,1,https://tbc.wowhead.com/item=28313,NA,Main Hand,Fist,91.3,2.6,28,NULL,9,15,NULL,NULL,NULL,NA,NA,NA
NA,13,Gladiator's Slicer,Gladiator's Slicer,Epic,883.18,861.4,Season 1,PvP,1,https://tbc.wowhead.com/item=28295,NA,One Hand,Sword,91.2,2.6,28,NULL,9,15,NULL,NULL,NULL,NA,NA,NA
NA,14,Gladiator's Pummeler,Gladiator's Pummeler,Epic,883.18,861.4,Season 1,PvP,1,https://tbc.wowhead.com/item=28305,NA,One Hand,Mace,91.2,2.6,28,NULL,9,15,NULL,NULL,NULL,NA,NA,NA
NA,15,Malchazeen,Malchazeen,Epic,875.5,839.2,Karazhan,Prince Malchezaar,1,https://tbc.wowhead.com/item=28768,NA,One Hand,Dagger,91.9,1.8,50,NULL,15,NULL,NULL,NULL,NULL,NA,NA,NA
NA,16,Heartrazor,Heartrazor,Epic,869,NULL,Tempest Keep,High Astromancer Solarian,2,https://tbc.wowhead.com/item=29962,NA,One Hand,Dagger,96.4,1.8,NULL,20,NULL,NULL,NULL,NULL,NULL,NA,NA,NA
NA,17,Fool's Bane,Fool's Bane,Epic,868.64,NULL,Karazhan,Terestian Illhoof,1,https://tbc.wowhead.com/item=28657,NA,Main Hand,Mace,87.5,2.6,30,NULL,NULL,24,NULL,NULL,NULL,Yellow,NA,NA
NA,18,Hope Ender,Hope Ender,Epic,866.4,NULL,World Boss,Doom Lord Kazzak,1,https://tbc.wowhead.com/item=30733,NA,One Hand,Sword,89.8,2.6,70,NULL,NULL,NULL,NULL,NULL,NULL,NA,NA,NA
NA,19,Mallet of the Tides,Mallet of the Tides,Epic,862.5,NULL,Serpentshrine Cavern,The Lurker Below,2,https://tbc.wowhead.com/item=30058,NA,One Hand,Mace,96.8,1.7,NULL,NULL,NULL,NULL,NULL,NULL,14,NA,NA,NA
NA,20,Spiteblade,Spiteblade,Epic,858.46,NULL,Karazhan,Netherspite,1,https://tbc.wowhead.com/item=28729,NA,One Hand,Sword,87.6,2.7,46,14,NULL,NULL,NULL,NULL,NULL,NA,NA,NA
NA,21,Gladiator's Shanker,Gladiator's Shanker,Epic,858.38,836.6,Season 1,PvP,1,https://tbc.wowhead.com/item=28312,NA,One Hand,Dagger,91.1,1.8,28,NULL,9,15,NULL,NULL,NULL,NA,NA,NA
NA,22,Big Bad Wolf's Paw,Big Bad Wolf's Paw,Epic,847.43,NULL,Karazhan,The Big Bad Wolf,1,https://tbc.wowhead.com/item=28584,NA,Main Hand,Fist,87.6,2.5,NULL,17,NULL,20,NULL,NULL,NULL,NA,NA,NA
NA,23,Direbrew's Shanker,Direbrew's Shanker,Epic,837.61,NULL,Blacksmithing,Crafted,1,https://tbc.wowhead.com/item=37597,NA,One Hand,Dagger,87.5,2,36,19,NULL,NULL,NULL,NULL,NULL,NA,NA,NA
NA,24,Emerald Ripper,Emerald Ripper,Epic,831.61,NULL,Karazhan,Moroes,1,https://tbc.wowhead.com/item=28524,NA,One Hand,Dagger,87.5,1.8,36,19,NULL,NULL,NULL,NULL,NULL,NA,NA,NA
NA,25,Vindicator's Brand,Vindicator's Brand,Epic,811.58,765.6,Quartermaster Endarin,NA,1,https://tbc.wowhead.com/item=29124,NA,One Hand,Sword,81.2,2.6,38,NULL,19,NULL,NULL,NULL,NULL,NA,NA,NA
NA,26,Blinkstrike,Blinkstrike,Epic,792.4,NULL,NA,World Drop,1,https://tbc.wowhead.com/item=31332,NA,One Hand,Sword,89.3,2.6,NULL,NULL,NULL,NULL,NULL,NULL,NULL,NA,NA,NA
NA,27,Felsteel Longblade,Felsteel Longblade,Epic,790.14,NULL,Blacksmithing,Crafted,1,https://tbc.wowhead.com/item=23540,NA,One Hand,Sword,83.4,2.2,NULL,26,NULL,NULL,NULL,NULL,NULL,NA,NA,NA
NA,28,Runic Hammer,Runic Hammer,Epic,790,NULL,Blacksmithing,Crafted,1,https://tbc.wowhead.com/item=23544,NA,One Hand,Mace,83.5,2.4,50,NULL,NULL,NULL,NULL,NULL,NULL,NA,NA,NA
NA,29,Vileblade of the Betrayer,Vileblade of the Betrayer,Epic,782.8,NULL,Arcatraz,Harbinger Skyriss,1,https://tbc.wowhead.com/item=29360,NA,One Hand,Dagger,83.6,1.8,60,NULL,NULL,NULL,NULL,NULL,NULL,NA,NA,NA
NA,30,Riftmaker,Riftmaker,Epic,773.19,NULL,NA,Alurmi,1,https://tbc.wowhead.com/item=29182,NA,One Hand,Dagger,81.4,1.8,22,21,NULL,NULL,NULL,NULL,NULL,NA,NA,NA
NA,NA,Off Hand,NA,NA,NULL,"offhand hit value wrong, will fix soon",NA,NA,NULL,NA,NA,type,NULL,dps,speed,ap,agi,hit,crit,haste,arp,exp,socket,NA,NA
NA,1,Vengeful Gladiator's Shiv,Vengeful Gladiator's Shiv,Epic,183.14,952.42,Season 3,PvP,2,https://tbc.wowhead.com/item=33756,NA,Off Hand,Dagger,103.2,1.4,34,NULL,8,21,NULL,49,NULL,NA,NA,NA
NA,2,Vengeful Gladiator's Bonecracker,Vengeful Gladiator's Bonecracker,Epic,167.58,953.82,Season 3,PvP,2,https://tbc.wowhead.com/item=33662,NA,Off Hand,Mace,103,1.5,34,NULL,8,21,NULL,49,NULL,NA,NA,NA
NA,3,Vengeful Gladiator's Left Ripper,Vengeful Gladiator's Left Ripper,Epic,167.58,953.82,Season 3,PvP,2,https://tbc.wowhead.com/item=33705,NA,Off Hand,Fist,103,1.5,34,NULL,8,21,NULL,49,NULL,NA,NA,NA
NA,4,Vengeful Gladiator's Quickblade,Vengeful Gladiator's Quickblade,Epic,167.58,953.82,Season 3,PvP,2,https://tbc.wowhead.com/item=33734,NA,Off Hand,Sword,103,1.5,34,NULL,8,21,NULL,49,NULL,NA,NA,NA
NA,5,Merciless Gladiator's Shiv,Merciless Gladiator's Shiv,Epic,149.88,884.68,Season 2,PvP,2,https://tbc.wowhead.com/item=32046,NA,Off Hand,Dagger,97.5,1.4,30,NULL,10,19,NULL,NULL,NULL,NA,NA,NA
NA,6,Merciless Gladiator's Bonecracker,Merciless Gladiator's Bonecracker,Epic,135.44,889.28,Season 2,PvP,2,https://tbc.wowhead.com/item=31958,NA,Off Hand,Mace,97.7,1.5,30,NULL,10,19,NULL,NULL,NULL,NA,NA,NA
NA,7,Merciless Gladiator's Left Ripper,Merciless Gladiator's Left Ripper,Epic,135.44,889.28,Season 2,PvP,2,https://tbc.wowhead.com/item=32003,NA,Off Hand,Fist,97.7,1.5,30,NULL,10,19,NULL,NULL,NULL,NA,NA,NA
NA,8,Merciless Gladiator's Quickblade,Merciless Gladiator's Quickblade,Epic,135.44,889.28,Season 2,PvP,2,https://tbc.wowhead.com/item=32027,NA,Off Hand,Sword,97.7,1.5,30,NULL,10,19,NULL,NULL,NULL,NA,NA,NA
NA,9,Claw of the Phoenix,Claw of the Phoenix,Epic,131.75,NULL,Tempest Keep,Al'ar,2,https://tbc.wowhead.com/item=29948,NA,Off Hand,Fist,96.7,1.5,40,21,NULL,NULL,NULL,NULL,NULL,NA,NA,NA
NA,10,Vengeful Gladiator's Mutilator,Vengeful Gladiator's Mutilator,Epic,122.86,963.62,Season 3,PvP,2,https://tbc.wowhead.com/item=33801,NA,Off Hand,Dagger,103.1,1.8,34,NULL,8,21,NULL,49,NULL,NA,NA,NA
NA,11,Fang of Vashj,Fang of Vashj,Epic,122.49,NULL,Serpentshrine Cavern,Lady Vashj,2,https://tbc.wowhead.com/item=30103,NA,One Hand,Dagger,100.3,1.8,56,NULL,NULL,NULL,NULL,NULL,21,NA,NA,NA
NA,12,Gladiator's Shiv,Gladiator's Shiv,Epic,120.66,824.6,Season 1,PvP,1,https://tbc.wowhead.com/item=28310,NA,Off Hand,Dagger,91.1,1.4,28,NULL,9,15,NULL,NULL,NULL,NA,NA,NA
NA,13,Blazefury,Blazefury,Epic,118.17,869.61,Blacksmithing,Crafted,2,https://tbc.wowhead.com/item=28427,NA,One Hand,Sword,97.5,1.6,NULL,19,18,NULL,NULL,NULL,NULL,NA,NA,NA
NA,14,Gladiator's Bonecracker,Gladiator's Bonecracker,Epic,105.38,826.8,Season 1,PvP,1,https://tbc.wowhead.com/item=28302,NA,Off Hand,Mace,91,1.5,28,NULL,9,15,NULL,NULL,NULL,NA,NA,NA
NA,15,Gladiator's Quickblade,Gladiator's Quickblade,Epic,105.38,826.8,Season 1,PvP,1,https://tbc.wowhead.com/item=28307,NA,Off Hand,Sword,91,1.5,28,NULL,9,15,NULL,NULL,NULL,NA,NA,NA
NA,16,Gladiator's Left Ripper,Gladiator's Left Ripper,Epic,105.38,826.8,Season 1,PvP,1,https://tbc.wowhead.com/item=28314,NA,Off Hand,Fist,91,1.5,28,NULL,9,15,NULL,NULL,NULL,NA,NA,NA
NA,17,Feltooth Eviscerator,Feltooth Eviscerator,Epic,100.96,NULL,NA,NA,1,https://tbc.wowhead.com/item=29346,NA,One Hand,Dagger,85.4,1.4,34,NULL,NULL,22,NULL,NULL,NULL,NA,NA,NA
NA,18,Dirge,Dirge,Epic,97.36,NULL,Blacksmithing,Crafted,1,https://tbc.wowhead.com/item=23555,NA,One Hand,Dagger,83.2,1.4,40,NULL,NULL,20,NULL,NULL,NULL,NA,NA,NA
NA,19,Searing Sunblade,Searing Sunblade,Epic,96.68,NULL,Badge of Justice,G'eras,1,https://tbc.wowhead.com/item=29275,NA,Off Hand,Dagger,85.4,1.3,NULL,24,NULL,NULL,NULL,NULL,NULL,NA,NA,NA
NA,20,Blade of the Unrequited,Blade of the Unrequited,Epic,96.56,NULL,Karazhan,Julianne,1,https://tbc.wowhead.com/item=28572,NA,One Hand,Dagger,87.5,1.6,18,NULL,NULL,9,NULL,NULL,NULL,Red,Yellow,Blue
NA,21,Blazeguard,Blazeguard,Epic,94.01,815.63,Blacksmithing,Crafted,1,https://tbc.wowhead.com/item=28426,NA,One Hand,Sword,91.3,1.6,NULL,17,17,NULL,NULL,NULL,NULL,NA,NA,NA
NA,22,Merciless Gladiator's Shanker,Merciless Gladiator's Shanker,Epic,89.88,896.68,Season 2,PvP,2,https://tbc.wowhead.com/item=32044,NA,One Hand,Dagger,97.5,1.8,30,NULL,10,19,NULL,NULL,NULL,NA,NA,NA
NA,23,Latro's Shifting Sword,Latro's Shifting Sword,Rare,86.99,NULL,Black Morass,Aeonus,1,https://tbc.wowhead.com/item=28189,NA,One Hand,Sword,71.8,1.4,26,15,NULL,NULL,NULL,NULL,14,NA,NA,NA
NA,24,Warp Splinter's Thorn,Warp Splinter's Thorn,Rare,76.54,646.04,Botanica,Warp Splinter,1,https://tbc.wowhead.com/item=28345,NA,One Hand,Dagger,71.5,1.3,NULL,16,15,NULL,NULL,NULL,NULL,NA,NA,NA
NA,25,Malchazeen,Malchazeen,Epic,73.62,839.2,Karazhan,Prince Malchezaar,1,https://tbc.wowhead.com/item=28768,NA,One Hand,Dagger,91.9,1.8,50,NULL,15,NULL,NULL,NULL,NULL,NA,NA,NA
NA,26,Fireguard,Fireguard,Epic,70.08,758.24,Blacksmithing,Crafted,1,https://tbc.wowhead.com/item=28425,NA,One Hand,Sword,84.4,1.6,NULL,16,16,NULL,NULL,NULL,NULL,NA,NA,NA
NA,27,Guile of Khoraazi,Guile of Khoraazi,Epic,67.25,NULL,NA,NA,1,https://tbc.wowhead.com/item=29121,NA,One Hand,Dagger,81.3,1.6,38,19,NULL,NULL,NULL,NULL,NULL,NA,NA,NA
NA,28,Timeslicer,Timeslicer,Rare,60.79,NULL,Old Hillsbrad Foothills,Epoch Hunter,1,https://tbc.wowhead.com/item=28226,NA,One Hand,Dagger,71.8,1.4,30,NULL,NULL,NULL,NULL,NULL,15,NA,NA,NA
NA,29,Gladiator's Shanker,Gladiator's Shanker,Epic,60.66,836.6,Season 1,PvP,1,https://tbc.wowhead.com/item=28312,NA,One Hand,Dagger,91.1,1.8,28,NULL,9,15,NULL,NULL,NULL,NA,NA,NA
NA,30,High Warlord's Shiv,High Warlord's Shiv,Rare,58.76,664.76,NA,PvP,1,https://tbc.wowhead.com/item=28930,NA,One Hand,Dagger,71.8,1.4,26,NULL,8,13,NULL,NULL,NULL,NA,NA,NA
