Survival Phase 1,...2,...3,...4,...5,BEAST LORD SET BONUS IS NOT BEING CALCULATED.,...7,...8,...9,Value Credit: WatchYourSixx#0872 (Hunter Discord),...11,...12,...13,...14,...15,...16,...17,...18,...19,...20,...21,...22,...23,...24
NA,NA,Item,NA,NA,EPV,"If Hit 
Capped",Location,NA,Phase,NA,NA,Stats,NULL,NULL,NULL,NULL,NULL,NULL,NA,NA,NA,NA,NA
NA,NA,Head,NA,NA,NULL,NULL,NA,NA,NULL,NA,NA,ap,agi,hit,crit,haste,arp,exp,socket,NA,NA,NA,NA
NA,1,Mask of the Deceiver,Mask of the Deceiver,Epic,362.965,338.965,Badge of Justice,G'eras,1,https://tbc.wowhead.com/item=32087,NA,64,32,16,NULL,NULL,NULL,NULL,Yellow,Meta,NA,NA,NA
NA,2,Helm of the Claw,Helm of the Claw,Rare,325.495,304.495,Zangarmarsh,The Warlord's Hideout,1,https://tbc.wowhead.com/item=28182,NA,66,25,14,NULL,NULL,NULL,NULL,Yellow,Meta,NA,NA,NA
NA,3,Demon Stalker Greathelm,Demon Stalker Greathelm,Epic,356.595,NULL,Karazhan,Prince Malchezaar,1,https://tbc.wowhead.com/item=29081,NA,66,35,NULL,NULL,NULL,NULL,NULL,Yellow,Meta,NA,NA,NA
NA,4,Gladiator's Chain Helm,Gladiator's Chain Helm,Epic,371.315,NULL,Season 1,PvP,1,https://tbc.wowhead.com/item=28331,NA,36,34,NULL,20,NULL,NULL,NULL,Meta,Red,NA,NA,NA
NA,5,Cowl of Defiance,Cowl of Defiance,Epic,313.14,277.14,Karazhan,Netherspite,1,https://tbc.wowhead.com/item=28732,NA,100,34,24,NULL,NULL,NULL,NULL,NA,NA,NA,NA,NA
NA,6,Malefic Mask of the Shadows,Malefic Mask of the Shadows,Epic,199.8,153.3,Gruul's Lair,High King Maulgar,1,https://tbc.wowhead.com/item=28796,NA,84,NULL,31,42,NULL,NULL,NULL,NA,NA,NA,NA,NA
NA,7,Wastewalker Helm,Wastewalker Helm,Rare,222.455,195.455,Old Hillsbrad Foothills,Epoch Hunter,1,https://tbc.wowhead.com/item=28224,NA,56,NULL,18,22,NULL,NULL,NULL,Blue,Meta,NA,NA,NA
NA,8,Helm of Assassination,Helm of Assassination,Rare,215.495,NULL,Arcatraz,Harbinger Skyriss,1,https://tbc.wowhead.com/item=28414,NA,66,NULL,NULL,25,NULL,NULL,NULL,Yellow,Meta,NA,NA,NA
NA,9,Cobrascale Hood,Cobrascale Hood,Epic,293.77,266.77,Leatherworking,Crafted,1,https://tbc.wowhead.com/item=29502,NA,74,37,18,NULL,NULL,NULL,NULL,NA,NA,NA,NA,NA
NA,10,Beast Lord Helm,Beast Lord Helm,Rare,305.425,NULL,Mechanar,Pathaleon the Calculator,1,https://tbc.wowhead.com/item=28275,NA,50,25,NULL,NULL,NULL,NULL,NULL,Red,Meta,NA,NA,NA
NA,11,Stealther's Helmet of Second Sight,Stealther's Helmet of Second Sight,Rare,267.14,247.64,Shadowmoon Valley,"Teron Gorefiend, I am...",1,https://tbc.wowhead.com/item=31109,NA,60,24,13,NULL,NULL,NULL,NULL,Red,Blue,Yellow,NA,NA
NA,12,Warpstalker Helm,Warpstalker Helm,Epic,298.215,NULL,Badge of Justice,G'eras,1,https://tbc.wowhead.com/item=32085,NA,48,24,NULL,NULL,NULL,NULL,NULL,Red,Meta,NA,NA,NA
NA,13,Stalker's Helmet of Second Sight,Stalker's Helmet of Second Sight,Rare,257,NULL,Shadowmoon Valley,"Teron Gorefiend, I am...",1,https://tbc.wowhead.com/item=31106,NA,60,31,NULL,NULL,NULL,NULL,NULL,Blue,Blue,Blue,NA,NA
NA,14,Grand Marshal's Chain Helm,Grand Marshal's Chain Helm,Rare,280.475,NULL,NA,PvP,1,https://tbc.wowhead.com/item=28615,NA,28,20,NULL,14,NULL,NULL,NULL,Meta,Red,NA,NA,NA
NA,15,High Warlord's Chain Helm,High Warlord's Chain Helm,Rare,280.475,NULL,NA,PvP,1,https://tbc.wowhead.com/item=28807,NA,28,20,NULL,14,NULL,NULL,NULL,Meta,Red,NA,NA,NA
NA,NA,Neck,NA,NA,NULL,NULL,NA,NA,NULL,NA,NA,ap,agi,hit,crit,haste,arp,exp,socket,NA,NA,NA,NA
NA,1,Necklace of the Deep,Necklace of the Deep,Rare,177.11,NULL,Jewelcrafting,Crafted,1,https://tbc.wowhead.com/item=32508,NA,NULL,21,NULL,NULL,NULL,NULL,NULL,Red,Red,NA,NA,NA
NA,2,Choker of Vile Intent,Choker of Vile Intent,Epic,173.2,146.2,Badge of Justice,G'eras,1,https://tbc.wowhead.com/item=29381,NA,42,20,18,NULL,NULL,NULL,NULL,NA,NA,NA,NA,NA
NA,3,Worgen Claw Necklace,Worgen Claw Necklace,Epic,171.7,146.2,Karazhan,Attumen the Huntsman,1,https://tbc.wowhead.com/item=28509,NA,42,20,17,NULL,NULL,NULL,NULL,NA,NA,NA,NA,NA
NA,4,Prestor's Talisman of Connivery,Prestor's Talisman of Connivery,Epic,167.25,152.25,Classic,NA,0,https://tbc.wowhead.com/item=19377,NA,22,25,10,NULL,NULL,NULL,NULL,NA,NA,NA,NA,NA
NA,5,Jagged Bark Pendant,Jagged Bark Pendant,Rare,165.46,NULL,Botanica,Warp Splinter,1,https://tbc.wowhead.com/item=28343,NA,30,26,NULL,NULL,NULL,NULL,NULL,NA,NA,NA,NA,NA
NA,6,Earthen Mark of Razing,Earthen Mark of Razing,Rare,159.33,139.83,Nagrand,Gurok the Usurper,1,https://tbc.wowhead.com/item=25562,NA,20,23,13,NULL,NULL,NULL,NULL,NA,NA,NA,NA,NA
NA,7,Saberclaw Talisman,Saberclaw Talisman,Epic,155.41,NULL,Karazhan,Shade of Aran,1,https://tbc.wowhead.com/item=28674,NA,46,21,NULL,NULL,NULL,NULL,NULL,NA,NA,NA,NA,NA
NA,8,Bone Chain Necklace,Bone Chain Necklace,Rare,154.49,134.99,Underbog,The Black Stalker,1,https://tbc.wowhead.com/item=27779,NA,36,19,13,NULL,NULL,NULL,NULL,NA,NA,NA,NA,NA
NA,9,Pendant of Cunning,Pendant of Cunning,Rare,144.2,NULL,NA,World Drop,1,https://tbc.wowhead.com/item=31147,NA,40,20,NULL,NULL,NULL,NULL,NULL,NA,NA,NA,NA,NA
NA,10,Haramad's Bargain,Haramad's Bargain,Epic,130.25,NULL,The Consortium,Exalted,1,https://tbc.wowhead.com/item=29119,NA,NULL,25,NULL,NULL,NULL,NULL,NULL,NA,NA,NA,NA,NA
NA,11,Braided Eternium Chain (GROUP BUFF),Braided Eternium Chain (GROUP BUFF),Rare,117.7,86.2,Jewelcrafting,Crafted,1,https://tbc.wowhead.com/item=24114,NA,40,NULL,21,28,NULL,NULL,NULL,NA,NA,NA,NA,NA
NA,12,Grom'tor's Pendant of Conquest,Grom'tor's Pendant of Conquest,Uncommon,115.36,NULL,NA,The Cipher of Damnation - The First Fragment Recovered,0,https://tbc.wowhead.com/item=30981,NA,32,16,NULL,NULL,NULL,NULL,NULL,NA,NA,NA,NA,NA
NA,13,Mithril Chain of Heroism,Mithril Chain of Heroism,Epic,114.62,NULL,Karazhan,Chess Event,1,https://tbc.wowhead.com/item=28745,NA,NULL,22,NULL,NULL,NULL,NULL,NULL,NA,NA,NA,NA,NA
NA,14,Choker of Bloodied Feathers,Choker of Bloodied Feathers,Rare,110.15,NULL,Terokkar Forest,The Skettis Offensive,1,https://tbc.wowhead.com/item=31727,NA,32,15,NULL,NULL,NULL,NULL,NULL,NA,NA,NA,NA,NA
NA,15,Expedition Pendant,Expedition Pendant,Uncommon,99.31,NULL,NA,You're Fired!,0,https://tbc.wowhead.com/item=31790,NA,42,11,NULL,NULL,NULL,NULL,NULL,NA,NA,NA,NA,NA
NA,NA,Shoulders,NA,NA,NULL,NULL,NA,NA,NULL,NA,NA,ap,agi,hit,crit,haste,arp,exp,socket,NA,NA,NA,NA
NA,1,Mantle of Shadowy Embrace,Mantle of Shadowy Embrace,Epic,237.19,NULL,Blood Furnace,Keli'dan the Breaker,1,https://tbc.wowhead.com/item=32080,NA,34,39,NULL,NULL,NULL,NULL,NULL,NA,NA,NA,NA,NA
NA,2,Wastewalker Shoulderpads,Wastewalker Shoulderpads,Rare,233.93,209.93,Auchenai Crypts,Avatar of the Martyred,1,https://tbc.wowhead.com/item=27797,NA,34,25,16,NULL,NULL,NULL,NULL,Red,Blue,NA,NA,NA
NA,3,Gladiator's Chain Spaulders,Gladiator's Chain Spaulders,Epic,227.59,NULL,Season 1,PvP,1,https://tbc.wowhead.com/item=28333,NA,18,27,NULL,11,NULL,NULL,NULL,Red,Yellow,NA,NA,NA
NA,4,Expedition Scout's Epaulets,Expedition Scout's Epaulets,Rare,216.25,180.25,NA,Fel Embers,1,https://tbc.wowhead.com/item=25790,NA,50,25,24,NULL,NULL,NULL,NULL,NA,NA,NA,NA,NA
NA,5,Beast Lord Mantle,Beast Lord Mantle,Rare,215.02,NULL,Steamvault,Warlord Kalithresh,1,https://tbc.wowhead.com/item=27801,NA,34,25,NULL,NULL,NULL,NULL,NULL,Yellow,Red,NA,NA,NA
NA,6,Pauldrons of Desolation,Pauldrons of Desolation,Rare,213.03,187.53,Slave Pens,Quagmirran,1,https://tbc.wowhead.com/item=27713,NA,NULL,23,17,NULL,NULL,NULL,NULL,Red,Red,NA,NA,NA
NA,7,Shoulderpads of Assassination,Shoulderpads of Assassination,Rare,206.09,NULL,Sethekk Halls,Talon King Ikiss,1,https://tbc.wowhead.com/item=27776,NA,42,25,NULL,NULL,NULL,NULL,NULL,Yellow,Yellow,NA,NA,NA
NA,8,Sun-Gilded Shouldercaps,Sun-Gilded Shouldercaps,Rare,200.75,178.25,Black Morass,Chrono Lord Deja,1,https://tbc.wowhead.com/item=27995,NA,48,25,15,NULL,NULL,NULL,NULL,NA,NA,NA,NA,NA
NA,9,Talbuk Hide Spaulders,Talbuk Hide Spaulders,Rare,196.7,174.2,Provisioner Nasela,NA,1,https://tbc.wowhead.com/item=29147,NA,70,20,15,NULL,NULL,NULL,NULL,NA,NA,NA,NA,NA
NA,10,Blackened Leather Spaulders,Blackened Leather Spaulders,Rare,196.7,174.2,Trader Narasu,NA,1,https://tbc.wowhead.com/item=29148,NA,70,20,15,NULL,NULL,NULL,NULL,NA,NA,NA,NA,NA
NA,11,Shalassi Sentry's Epaulets,Shalassi Sentry's Epaulets,Rare,193.42,170.92,NA,Rescue Deirom!,1,https://tbc.wowhead.com/item=25968,NA,42,15,15,NULL,NULL,NULL,NULL,Red,Yellow,NA,NA,NA
NA,12,Skybreaker's Mantle,Skybreaker's Mantle,Uncommon,185.09,NULL,NA,A Job Unfinished...,0,https://tbc.wowhead.com/item=32868,NA,30,21,NULL,NULL,NULL,NULL,NULL,Red,Blue,NA,NA,NA
NA,13,Scorpid-Sting Mantle,Scorpid-Sting Mantle,Rare,185.09,NULL,Slave Pens,Quagmirran,1,https://tbc.wowhead.com/item=24366,NA,30,21,NULL,NULL,NULL,NULL,NULL,Red,Blue,NA,NA,NA
NA,14,Wyrmfury Pauldrons,Wyrmfury Pauldrons,Rare,180.25,NULL,Old Hillsbrad Foothills,Epoch Hunter,1,https://tbc.wowhead.com/item=28344,NA,50,25,NULL,NULL,NULL,NULL,NULL,NA,NA,NA,NA,NA
NA,15,Exotic Spiked Shoulders,Exotic Spiked Shoulders,Uncommon,177.88,NULL,NA,Wanted: Annihilator Servo!,0,https://tbc.wowhead.com/item=30295,NA,32,28,NULL,NULL,NULL,NULL,NULL,NA,NA,NA,NA,NA
NA,NA,Back,NA,NA,NULL,NULL,NA,NA,NULL,NA,NA,ap,agi,hit,crit,haste,arp,exp,socket,NA,NA,NA,NA
NA,1,Drape of the Dark Reavers,Drape of the Dark Reavers,Epic,184.54,159.04,Karazhan,Shade of Aran,1,https://tbc.wowhead.com/item=28672,NA,34,24,17,NULL,NULL,NULL,NULL,NA,NA,NA,NA,NA
NA,2,Cloak of the Craft,Cloak of the Craft,Rare,169.75,150.25,NA,World Drop,1,https://tbc.wowhead.com/item=31255,NA,20,25,13,NULL,NULL,NULL,NULL,NA,NA,NA,NA,NA
NA,3,Blood Knight War Cloak,Blood Knight War Cloak,Epic,167.83,NULL,Badge of Justice,G'eras,1,https://tbc.wowhead.com/item=29382,NA,48,23,NULL,NULL,NULL,NULL,NULL,NA,NA,NA,NA,NA
NA,4,Cloak of Malice,Cloak of Malice,Rare,147.41,NULL,Shattered Halls,Grand Warlock Nethekurse,1,https://tbc.wowhead.com/item=27519,NA,38,21,NULL,NULL,NULL,NULL,NULL,NA,NA,NA,NA,NA
NA,5,Auchenai Death Shroud,Auchenai Death Shroud,Rare,139.65,114.15,Auchenai Crypts,Avatar of the Martyred,1,https://tbc.wowhead.com/item=27878,NA,36,15,17,NULL,NULL,NULL,NULL,NA,NA,NA,NA,NA
NA,6,Terokk's Might,Terokk's Might,Epic,139.36,NULL,Terokkar Forest,Terokk,1,https://tbc.wowhead.com/item=32540,NA,56,16,NULL,NULL,NULL,NULL,NULL,NA,NA,NA,NA,NA
NA,7,Cloak of the Fallen God,Cloak of the Fallen God,Epic,135.46,NULL,Classic,Uylaru,0,https://tbc.wowhead.com/item=21710,NA,NULL,26,NULL,NULL,NULL,NULL,NULL,NA,NA,NA,NA,NA
NA,8,Cloak of Impulsiveness,Cloak of Impulsiveness,Rare,133.78,NULL,Old Hillsbrad Foothills,Lieutenant Drake,1,https://tbc.wowhead.com/item=27423,NA,40,18,NULL,NULL,NULL,NULL,NULL,NA,NA,NA,NA,NA
NA,9,Vengeance Wrap,Vengeance Wrap,Epic,123.8,NULL,Tailoring,Crafted,1,https://tbc.wowhead.com/item=24259,NA,52,NULL,NULL,23,NULL,NULL,NULL,Red,NA,NA,NA,NA
NA,10,Delicate Green Poncho,Delicate Green Poncho,Rare,121.94,100.94,Nagrand,Bring Me The Egg!,1,https://tbc.wowhead.com/item=28032,NA,28,14,14,NULL,NULL,NULL,NULL,NA,NA,NA,NA,NA
NA,11,Dawnstrike's Cloak,Dawnstrike's Cloak,Uncommon,118.02,104.52,NA,Down With Daellis,0,https://tbc.wowhead.com/item=29792,NA,42,12,9,NULL,NULL,NULL,NULL,NA,NA,NA,NA,NA
NA,12,Dark Cloak of the Marsh,Dark Cloak of the Marsh,Rare,113.36,NULL,Zangarmarsh,Lost in Action,1,https://tbc.wowhead.com/item=25540,NA,30,16,NULL,NULL,NULL,NULL,NULL,NA,NA,NA,NA,NA
NA,13,Black-Iron Battlecloak,Black-Iron Battlecloak,Epic,109.5,NULL,Shadowmoon Valley,Doomwalker,1,https://tbc.wowhead.com/item=30729,NA,60,NULL,NULL,30,NULL,NULL,NULL,NA,NA,NA,NA,NA
NA,14,Perfectly Balanced Cape,Perfectly Balanced Cape,Rare,108.15,NULL,Hellfire Peninsula,Heart of Rage,1,https://tbc.wowhead.com/item=25712,NA,30,15,NULL,NULL,NULL,NULL,NULL,NA,NA,NA,NA,NA
NA,15,Cloak of the Pit Stalker,Cloak of the Pit Stalker,Epic,95.6,NULL,Magtheridon's Lair,Magtheridon,1,https://tbc.wowhead.com/item=28777,NA,56,NULL,NULL,24,NULL,NULL,NULL,NA,NA,NA,NA,NA
NA,NA,Chest,NA,NA,NULL,NULL,NA,NA,NULL,NA,NA,ap,agi,hit,crit,haste,arp,exp,socket,NA,NA,NA,NA
NA,1,Primalstrike Vest,Primalstrike Vest,Epic,323.98,305.98,Leatherworking,Crafted,1,https://tbc.wowhead.com/item=29525,NA,108,38,12,NULL,NULL,NULL,NULL,NA,NA,NA,NA,NA
NA,2,Chestguard of the Conniver,Chestguard of the Conniver,Epic,315.77,282.77,Karazhan,Nightbane,1,https://tbc.wowhead.com/item=28601,NA,90,37,22,NULL,NULL,NULL,NULL,NA,NA,NA,NA,NA
NA,3,Warden's Hauberk,Warden's Hauberk,Rare,304.74,NULL,Fedryen Swiftspear,NA,1,https://tbc.wowhead.com/item=25838,NA,NULL,39,NULL,NULL,NULL,NULL,NULL,Red,Red,Red,NA,NA
NA,4,Breastplate of Rapid Striking,Breastplate of Rapid Striking,Rare,284.4,254.4,NA,World Drop,1,https://tbc.wowhead.com/item=31286,NA,46,40,20,NULL,NULL,NULL,NULL,NA,NA,NA,NA,NA
NA,5,Gladiator's Chain Armor,Gladiator's Chain Armor,Epic,280.99,NULL,Season 1,PvP,1,https://tbc.wowhead.com/item=28334,NA,26,27,NULL,18,NULL,NULL,NULL,Red,Red,Yellow,NA,NA
NA,6,Tunic of Assassination,Tunic of Assassination,Rare,279.41,NULL,Mechanar,Pathaleon the Calculator,1,https://tbc.wowhead.com/item=28204,NA,54,28,NULL,NULL,NULL,NULL,NULL,Red,Red,Blue,NA,NA
NA,7,Felstalker Breastplate,Felstalker Breastplate,Rare,266.99,NULL,Leatherworking,Crafted,1,https://tbc.wowhead.com/item=25696,NA,52,26,NULL,NULL,NULL,NULL,NULL,Red,Red,Blue,NA,NA
NA,8,Thick Netherscale Breastplate,Thick Netherscale Breastplate,Epic,263.56,NULL,Leatherworking,Crafted,1,https://tbc.wowhead.com/item=29514,NA,76,36,NULL,NULL,NULL,NULL,NULL,NA,NA,NA,NA,NA
NA,9,Demon Stalker Harness,Demon Stalker Harness,Epic,262.97,NULL,Magtheridon's Lair,Magtheridon,1,https://tbc.wowhead.com/item=29082,NA,70,26,NULL,NULL,NULL,NULL,NULL,Red,Blue,Blue,NA,NA
NA,10,Vest of Vengeance,Vest of Vengeance,Rare,261.77,245.27,Blood Furnace,Keli'dan the Breaker,1,https://tbc.wowhead.com/item=24396,NA,42,27,11,NULL,NULL,NULL,NULL,Red,Yellow,Blue,NA,NA
NA,11,Chestguard of the Prowler,Chestguard of the Prowler,Rare,257.01,231.51,Hellfire Ramparts,Vazruden and Nazan,1,https://tbc.wowhead.com/item=27461,NA,70,31,17,NULL,NULL,NULL,NULL,NA,NA,NA,NA,NA
NA,12,Auchenai Monk's Tunic,Auchenai Monk's Tunic,Rare,256.16,227.66,NA,Everything Will Be Alright,1,https://tbc.wowhead.com/item=29340,NA,18,24,19,NULL,NULL,NULL,NULL,Red,Red,Yellow,NA,NA
NA,13,Cryptstalker Tunic,Cryptstalker Tunic,Epic,254.4,239.4,Classic,NA,0,https://tbc.wowhead.com/item=22436,NA,60,30,10,14,NULL,NULL,NULL,NA,NA,NA,NA,NA
NA,14,Wastewalker Tunic,Wastewalker Tunic,Rare,252.64,NULL,Blood Furnace,Keli'dan the Breaker,1,https://tbc.wowhead.com/item=28264,NA,56,28,NULL,NULL,NULL,NULL,NULL,Yellow,Yellow,Yellow,NA,NA
NA,15,Illidari Lord's Tunic,Illidari Lord's Tunic,Uncommon,252.6,NULL,NA,Subdue the Subduer,0,https://tbc.wowhead.com/item=32869,NA,44,29,NULL,NULL,NULL,NULL,NULL,Red,Blue,Blue,NA,NA
NA,NA,Wrist,NA,NA,NULL,NULL,NA,NA,NULL,NA,NA,ap,agi,hit,crit,haste,arp,exp,socket,NA,NA,NA,NA
NA,1,Nightfall Wristguards,Nightfall Wristguards,Epic,171.04,NULL,Old Hillsbrad Foothills,Epoch Hunter,1,https://tbc.wowhead.com/item=29246,NA,46,24,NULL,NULL,NULL,NULL,NULL,NA,NA,NA,NA,NA
NA,2,Ravager's Wrist-Wraps of the Bandit,Ravager's Wrist-Wraps of the Bandit,Epic,157.62,NULL,Karazhan,Rokad the Ravager,1,https://tbc.wowhead.com/item=30685/ravagers-wrist-wraps,NA,43,22,NULL,NULL,NULL,NULL,NULL,NA,NA,NA,NA,NA
NA,3,Stalker's War Bands,Stalker's War Bands,Epic,153.41,NULL,Karazhan,Attumen the Huntsman,1,https://tbc.wowhead.com/item=28454,NA,44,21,NULL,NULL,NULL,NULL,NULL,NA,NA,NA,NA,NA
NA,4,Veteran's Chain Bracers,Veteran's Chain Bracers,Epic,152.32,NULL,Mail Armor,NA,1,https://tbc.wowhead.com/item=32809,NA,18,20,NULL,8,NULL,NULL,NULL,Yellow,NA,NA,NA,NA
NA,5,Spymistress's Wristguards,Spymistress's Wristguards,Rare,150.13,127.63,Shadow Labyrinth,The Soul Devices,1,https://tbc.wowhead.com/item=28171,NA,NULL,18,15,NULL,NULL,NULL,NULL,Red,NA,NA,NA,NA
NA,6,Shackles of Quagmirran,Shackles of Quagmirran,Rare,144.2,NULL,Slave Pens,Quagmirran,1,https://tbc.wowhead.com/item=27712,NA,40,20,NULL,NULL,NULL,NULL,NULL,NA,NA,NA,NA,NA
NA,7,Felstalker Bracers,Felstalker Bracers,Rare,143.61,NULL,Leatherworking,Crafted,1,https://tbc.wowhead.com/item=25697,NA,38,18,NULL,NULL,NULL,NULL,NULL,Blue,NA,NA,NA,NA
NA,8,General's Leather Bracers,General's Leather Bracers,Epic,143.46,NULL,Season 1,PvP,1,https://tbc.wowhead.com/item=28424,NA,16,19,NULL,7,NULL,NULL,NULL,Yellow,NA,NA,NA,NA
NA,9,Marshal's Leather Bracers,Marshal's Leather Bracers,Epic,143.46,NULL,NA,PvP,1,https://tbc.wowhead.com/item=28988,NA,16,19,NULL,7,NULL,NULL,NULL,Yellow,NA,NA,NA,NA
NA,10,Cryptstalker Wristguards,Cryptstalker Wristguards,Epic,142.78,127.78,Classic,NA,0,https://tbc.wowhead.com/item=22443,NA,34,18,10,NULL,NULL,NULL,NULL,NA,NA,NA,NA,NA
NA,11,Primalstrike Bracers,Primalstrike Bracers,Epic,142.15,NULL,Leatherworking,Crafted,1,https://tbc.wowhead.com/item=29527,NA,64,15,NULL,NULL,NULL,NULL,NULL,NA,NA,NA,NA,NA
NA,12,Ravager's Wrist-Wraps of the Tiger,Ravager's Wrist-Wraps of the Tiger,Epic,140.67,NULL,Karazhan,Rokad the Ravager,1,https://tbc.wowhead.com/item=30685/ravagers-wrist-wraps,NA,NULL,27,NULL,NULL,NULL,NULL,NULL,NA,NA,NA,NA,NA
NA,13,General's Chain Bracers,General's Chain Bracers,Epic,138.25,NULL,NA,NA,1,https://tbc.wowhead.com/item=28451,NA,16,18,NULL,7,NULL,NULL,NULL,Yellow,NA,NA,NA,NA
NA,14,Marshal's Chain Bracers,Marshal's Chain Bracers,Epic,138.25,NULL,NA,PvP,1,https://tbc.wowhead.com/item=28973,NA,16,18,NULL,7,NULL,NULL,NULL,Yellow,NA,NA,NA,NA
NA,15,Bracers of the Hunt,Bracers of the Hunt,Epic,134.99,NULL,Sethekk Halls,Talon King Ikiss,1,https://tbc.wowhead.com/item=29259,NA,36,19,NULL,NULL,NULL,NULL,NULL,NA,NA,NA,NA,NA
NA,NA,Hands,NA,NA,NULL,NULL,NA,NA,NULL,NA,NA,ap,agi,hit,crit,haste,arp,exp,socket,NA,NA,NA,NA
NA,1,Gloves of Dexterous Manipulation,Gloves of Dexterous Manipulation,Epic,270.03,NULL,Karazhan,Attumen the Huntsman,1,https://tbc.wowhead.com/item=28506,NA,42,35,NULL,NULL,NULL,NULL,NULL,Red,Blue,NA,NA,NA
NA,2,Gauntlets of the Dragonslayer,Gauntlets of the Dragonslayer,Epic,240.74,NULL,Gruul's Lair,Gruul the Dragonkiller,1,https://tbc.wowhead.com/item=28827,NA,48,24,NULL,NULL,NULL,NULL,NULL,Red,Red,NA,NA,NA
NA,3,Wastewalker Gloves,Wastewalker Gloves,Rare,233.49,NULL,Shattered Halls,Warchief Kargath Bladefist,1,https://tbc.wowhead.com/item=27531,NA,16,32,NULL,NULL,NULL,NULL,NULL,Red,Yellow,NA,NA,NA
NA,4,Gloves of the Unbound,Gloves of the Unbound,Rare,224.35,NULL,Arcatraz,Wrath-Scryer Soccothrates,1,https://tbc.wowhead.com/item=28396,NA,38,27,NULL,NULL,NULL,NULL,NULL,Red,Blue,NA,NA,NA
NA,5,Grips of Deftness,Grips of Deftness,Epic,211.09,NULL,Karazhan,Trash,1,https://tbc.wowhead.com/item=30644,NA,60,29,NULL,NULL,NULL,NULL,15,NA,NA,NA,NA,NA
NA,6,Beast Lord Handguards,Beast Lord Handguards,Rare,209.93,NULL,Shattered Halls,Warchief Kargath Bladefist,1,https://tbc.wowhead.com/item=27474,NA,34,25,NULL,NULL,NULL,NULL,NULL,Red,Blue,NA,NA,NA
NA,7,Handgrips of Assassination,Handgrips of Assassination,Rare,205.75,180.25,Black Morass,Aeonus,1,https://tbc.wowhead.com/item=27509,NA,50,25,17,NULL,NULL,NULL,NULL,NA,NA,NA,NA,NA
NA,8,Handguards of the Steady,Handguards of the Steady,Epic,205.09,NULL,Mechanar,Pathaleon the Calculator,1,https://tbc.wowhead.com/item=32076,NA,54,29,NULL,NULL,NULL,NULL,NULL,NA,NA,NA,NA,NA
NA,9,Demon Stalker Gauntlets,Demon Stalker Gauntlets,Epic,203.88,NULL,Karazhan,The Curator,1,https://tbc.wowhead.com/item=29085,NA,58,28,NULL,NULL,NULL,NULL,NULL,NA,NA,NA,NA,NA
NA,10,Rapscallion's Touch,Rapscallion's Touch,Rare,186.07,163.57,NA,Rescue Deirom!,1,https://tbc.wowhead.com/item=25969,NA,NULL,15,15,21,NULL,NULL,NULL,Red,Yellow,NA,NA,NA
NA,11,Netherdrake Gloves,Netherdrake Gloves,Epic,185.46,NULL,Leatherworking,Crafted,1,https://tbc.wowhead.com/item=29511,NA,50,26,NULL,NULL,NULL,NULL,NULL,NA,NA,NA,NA,NA
NA,12,Drake Tamer's Gloves,Drake Tamer's Gloves,Uncommon,185.09,NULL,NA,A Job Unfinished...,0,https://tbc.wowhead.com/item=32865,NA,30,21,NULL,NULL,NULL,NULL,NULL,Red,Blue,NA,NA,NA
NA,13,Hungarhide Gauntlets,Hungarhide Gauntlets,Rare,184.67,NULL,Underbog,Hungarfen,1,https://tbc.wowhead.com/item=27745,NA,44,27,NULL,NULL,NULL,NULL,NULL,NA,NA,NA,NA,NA
NA,14,Gladiator's Chain Gauntlets,Gladiator's Chain Gauntlets,Epic,184.56,NULL,Season 1,PvP,1,https://tbc.wowhead.com/item=28335,NA,26,26,NULL,14,NULL,NULL,NULL,NA,NA,NA,NA,NA
NA,15,Crystalhide Handwraps,Crystalhide Handwraps,Epic,181.01,NULL,Leatherworking,Crafted,1,https://tbc.wowhead.com/item=32656,NA,56,11,NULL,NULL,NULL,NULL,NULL,Red,Red,NA,NA,NA
NA,NA,Waist,NA,NA,NULL,NULL,NA,NA,NULL,NA,NA,ap,agi,hit,crit,haste,arp,exp,socket,NA,NA,NA,NA
NA,1,Girdle of the Deathdealer,Girdle of the Deathdealer,Epic,231.88,201.88,Black Morass,Aeonus,1,https://tbc.wowhead.com/item=29247,NA,56,28,20,NULL,NULL,NULL,NULL,NA,NA,NA,NA,NA
NA,2,Girdle of Treachery,Girdle of Treachery,Epic,219.48,NULL,Karazhan,Chess Event,1,https://tbc.wowhead.com/item=28750,NA,58,18,NULL,NULL,NULL,NULL,NULL,Red,Red,NA,NA,NA
NA,3,Rune-Engraved Belt,Rune-Engraved Belt,Rare,216.25,180.25,NA,Fel Embers,1,https://tbc.wowhead.com/item=25789,NA,50,25,24,NULL,NULL,NULL,NULL,NA,NA,NA,NA,NA
NA,4,Girdle of Ferocity,Girdle of Ferocity,Epic,210.88,189.88,Shadow Labyrinth,Murmur,1,https://tbc.wowhead.com/item=29261,NA,44,28,14,NULL,NULL,NULL,NULL,NA,NA,NA,NA,NA
NA,5,Lurker's Grasp of the Bandit,Lurker's Grasp of the Bandit,Epic,209.09,NULL,Karazhan,Hyakiss the Lurker,1,https://tbc.wowhead.com/item=30676/lurkers-grasp,NA,58,29,NULL,NULL,NULL,NULL,NULL,NA,NA,NA,NA,NA
NA,6,Dunewind Sash,Dunewind Sash,Rare,205.09,NULL,Underbog,Ghaz'an,1,https://tbc.wowhead.com/item=27760,NA,50,21,NULL,NULL,NULL,NULL,NULL,Red,Blue,NA,NA,NA
NA,7,Girdle of the Prowler,Girdle of the Prowler,Epic,203.75,178.25,Karazhan,Terestian Illhoof,1,https://tbc.wowhead.com/item=28656,NA,48,25,17,NULL,NULL,NULL,NULL,NA,NA,NA,NA,NA
NA,8,Socrethar's Girdle,Socrethar's Girdle,Rare,197.83,167.83,NA,Turning Point,1,https://tbc.wowhead.com/item=30372,NA,48,23,20,NULL,NULL,NULL,NULL,NA,NA,NA,NA,NA
NA,9,Naaru Belt of Precision,Naaru Belt of Precision,Rare,196.75,174.25,NA,How to Break Into the Arcatraz,1,https://tbc.wowhead.com/item=31464,NA,44,25,15,NULL,NULL,NULL,NULL,NA,NA,NA,NA,NA
NA,10,Epoch's Whispering Cinch,Epoch's Whispering Cinch,Rare,195.75,170.25,Old Hillsbrad Foothills,Epoch Hunter,1,https://tbc.wowhead.com/item=27911,NA,40,25,17,NULL,NULL,NULL,NULL,NA,NA,NA,NA,NA
NA,11,General's Leather Belt,General's Leather Belt,Epic,195.42,NULL,Season 1,PvP,1,https://tbc.wowhead.com/item=28423,NA,30,27,NULL,15,NULL,NULL,NULL,NA,NA,NA,NA,NA
NA,12,Marshal's Leather Belt,Marshal's Leather Belt,Epic,195.42,NULL,NA,PvP,1,https://tbc.wowhead.com/item=28986,NA,30,27,NULL,15,NULL,NULL,NULL,NA,NA,NA,NA,NA
NA,13,Girdle of Gale Force,Girdle of Gale Force,Rare,194.72,NULL,NA,World Drop,1,https://tbc.wowhead.com/item=31293,NA,28,32,NULL,NULL,NULL,NULL,NULL,NA,NA,NA,NA,NA
NA,14,General's Chain Girdle,General's Chain Girdle,Epic,193.77,NULL,NA,NA,1,https://tbc.wowhead.com/item=28450,NA,30,27,NULL,14,NULL,NULL,NULL,NA,NA,NA,NA,NA
NA,15,Marshal's Chain Girdle,Marshal's Chain Girdle,Epic,193.77,NULL,NA,PvP,1,https://tbc.wowhead.com/item=28974,NA,30,27,NULL,14,NULL,NULL,NULL,NA,NA,NA,NA,NA
NA,NA,Ring,NA,NA,NULL,NULL,NA,NA,NULL,NA,NA,ap,agi,hit,crit,haste,arp,exp,socket,NA,NA,NA,NA
NA,1,Ring of the Recalcitrant,Ring of the Recalcitrant,Epic,179.04,NULL,Magtheridon's Lair,The Fall of Magtheridon,1,https://tbc.wowhead.com/item=28791,NA,54,24,NULL,NULL,NULL,NULL,NULL,NA,NA,NA,NA,NA
NA,2,Garona's Signet Ring,Garona's Signet Ring,Epic,171.2,144.2,Karazhan,The Curator,1,https://tbc.wowhead.com/item=28649,NA,40,20,18,NULL,NULL,NULL,NULL,NA,NA,NA,NA,NA
NA,3,Pathfinder's Band,Pathfinder's Band,Rare,164.25,NULL,NA,World Drop,1,https://tbc.wowhead.com/item=31277,NA,34,25,NULL,NULL,NULL,NULL,NULL,NA,NA,NA,NA,NA
NA,4,Band of Reanimation,Band of Reanimation,Epic,160.62,NULL,Naxxramas,Patchwerk,1,https://tbc.wowhead.com/item=22961,NA,46,22,NULL,NULL,NULL,NULL,NULL,NA,NA,NA,NA,NA
NA,5,Ravenclaw Band,Ravenclaw Band,Rare,153.7,134.2,Sethekk Halls,Talon King Ikiss,1,https://tbc.wowhead.com/item=27925,NA,30,20,13,NULL,NULL,NULL,NULL,NA,NA,NA,NA,NA
NA,6,Averinn's Ring of Slaying,Averinn's Ring of Slaying,Rare,152.62,NULL,Hellfire Ramparts,NA,1,https://tbc.wowhead.com/item=27453,NA,38,22,NULL,NULL,NULL,NULL,NULL,NA,NA,NA,NA,NA
NA,7,Truestrike Ring,Truestrike Ring,Epic,149.41,NULL,NA,World Drop,1,https://tbc.wowhead.com/item=31326,NA,40,21,NULL,NULL,NULL,NULL,NULL,NA,NA,NA,NA,NA
NA,8,Ring of the Cryptstalker,Ring of the Cryptstalker,Epic,144.2,NULL,Naxxramas,Kel'Thuzad,1,https://tbc.wowhead.com/item=23067,NA,40,20,NULL,NULL,NULL,NULL,NULL,NA,NA,NA,NA,NA
NA,9,Kaylaan's Signet,Kaylaan's Signet,Rare,143.15,128.15,Terokkar Forest,Deathblow to the Legion,1,https://tbc.wowhead.com/item=30860,NA,50,15,10,NULL,NULL,NULL,NULL,NA,NA,NA,NA,NA
NA,10,Slayer's Mark of the Redemption,Slayer's Mark of the Redemption,Rare,143.15,128.15,Shadowmoon Valley,Dissension Amongst the Ranks...,1,https://tbc.wowhead.com/item=31077,NA,50,15,10,NULL,NULL,NULL,NULL,NA,NA,NA,NA,NA
NA,11,Ring of the Godslayer,Ring of the Godslayer,Epic,135.41,NULL,Classic,NA,0,https://tbc.wowhead.com/item=21596,NA,26,21,NULL,NULL,NULL,NULL,NULL,NA,NA,NA,NA,NA
NA,12,Band of Anguish,Band of Anguish,Rare,132.73,117.73,Shadowmoon Valley,News of Victory,1,https://tbc.wowhead.com/item=30973,NA,50,13,10,NULL,NULL,NULL,NULL,NA,NA,NA,NA,NA
NA,13,Longstrider's Loop,Longstrider's Loop,Rare,131.86,115.36,Mana-Tombs,Nexus-Prince Shaffar,1,https://tbc.wowhead.com/item=25962,NA,32,16,11,NULL,NULL,NULL,NULL,NA,NA,NA,NA,NA
NA,14,Lightwarden's Band,Lightwarden's Band,Rare,131.78,NULL,The Aldor,Revered,1,https://tbc.wowhead.com/item=29128,NA,38,18,NULL,NULL,NULL,NULL,NULL,NA,NA,NA,NA,NA
NA,15,Delicate Eternium Ring,Delicate Eternium Ring,Rare,130.25,NULL,Jewelcrafting,Crafted,1,https://tbc.wowhead.com/item=24088,NA,NULL,25,NULL,NULL,NULL,NULL,NULL,NA,NA,NA,NA,NA
NA,NA,Legs,NA,NA,NULL,NULL,NA,NA,NULL,NA,NA,ap,agi,hit,crit,haste,arp,exp,socket,NA,NA,NA,NA
NA,1,Scaled Greaves of the Marksman,Scaled Greaves of the Marksman,Epic,394.32,370.32,Hellfire Peninsula,Doom Lord Kazzak,1,https://tbc.wowhead.com/item=30739,NA,76,37,16,NULL,NULL,NULL,NULL,Red,Red,Red,NA,NA
NA,2,Skulker's Greaves,Skulker's Greaves,Epic,352.25,310.25,Karazhan,Netherspite,1,https://tbc.wowhead.com/item=28741,NA,64,32,28,NULL,NULL,NULL,NULL,Red,Red,Blue,NA,NA
NA,3,Demon Stalker Greaves,Demon Stalker Greaves,Epic,312.9,290.4,Gruul's Lair,Gruul the Dragonkiller,1,https://tbc.wowhead.com/item=29083,NA,82,40,15,NULL,NULL,NULL,NULL,NA,NA,NA,NA,NA
NA,4,Wastewalker Leggings,Wastewalker Leggings,Rare,297.54,269.04,Mana-Tombs,Nexus-Prince Shaffar,1,https://tbc.wowhead.com/item=27837,NA,28,31,19,NULL,NULL,NULL,NULL,Red,Red,Blue,NA,NA
NA,5,Leggings of Assassination,Leggings of Assassination,Rare,285.4,252.4,Shadow Labyrinth,Murmur,1,https://tbc.wowhead.com/item=27908,NA,44,40,22,NULL,NULL,NULL,NULL,NA,NA,NA,NA,NA
NA,6,Barbaric Legstraps,Barbaric Legstraps,Rare,265.78,NULL,Underbog,The Black Stalker,1,https://tbc.wowhead.com/item=27773,NA,56,25,NULL,NULL,NULL,NULL,NULL,Red,Red,Blue,NA,NA
NA,7,Scaled Greaves of Patience,Scaled Greaves of Patience,Rare,254.48,NULL,Old Hillsbrad Foothills,Captain Skarloc,1,https://tbc.wowhead.com/item=27430,NA,46,28,NULL,NULL,NULL,NULL,NULL,Yellow,Red,Blue,NA,NA
NA,8,Leggings of the Unrepentant,Leggings of the Unrepentant,Rare,252.85,NULL,Blood Furnace,Keli'dan the Breaker,1,https://tbc.wowhead.com/item=27514,NA,60,25,NULL,NULL,NULL,NULL,NULL,Red,Yellow,Blue,NA,NA
NA,9,Gladiator's Chain Leggings,Gladiator's Chain Leggings,Epic,251.7,NULL,Season 1,PvP,1,https://tbc.wowhead.com/item=28332,NA,38,35,NULL,19,NULL,NULL,NULL,NA,NA,NA,NA,NA
NA,10,Warpscale Leggings,Warpscale Leggings,Rare,243.72,222.72,Botanica,Warp Splinter,1,https://tbc.wowhead.com/item=28347,NA,56,32,14,NULL,NULL,NULL,NULL,NA,NA,NA,NA,NA
NA,11,Emerald-Scale Greaves,Emerald-Scale Greaves,Rare,242.46,NULL,Old Hillsbrad Foothills,Captain Skarloc,1,https://tbc.wowhead.com/item=28219,NA,56,28,NULL,NULL,NULL,NULL,NULL,Blue,Blue,Yellow,NA,NA
NA,12,Nomad's Leggings,Nomad's Leggings,Rare,237.93,NULL,The Consortium,Revered,1,https://tbc.wowhead.com/item=29116,NA,66,33,NULL,NULL,NULL,NULL,NULL,NA,NA,NA,NA,NA
NA,13,Nether Leggings,Nether Leggings,Uncommon,229.38,203.88,NA,Dr. Boom!,0,https://tbc.wowhead.com/item=29968,NA,58,28,17,NULL,NULL,NULL,NULL,NA,NA,NA,NA,NA
NA,14,Cryptstalker Legguards,Cryptstalker Legguards,Epic,224.98,NULL,Classic,NA,0,https://tbc.wowhead.com/item=22437,NA,56,28,NULL,14,NULL,NULL,NULL,NA,NA,NA,NA,NA
NA,15,X-52 Pilot's Leggings,X-52 Pilot's Leggings,Rare,223.51,NULL,NA,Back to the Chief!,1,https://tbc.wowhead.com/item=30014,NA,62,31,NULL,NULL,NULL,NULL,NULL,NA,NA,NA,NA,NA
NA,NA,Feet,NA,NA,NULL,NULL,NA,NA,NULL,NA,NA,ap,agi,hit,crit,haste,arp,exp,socket,NA,NA,NA,NA
NA,1,Edgewalker Longboots,Edgewalker Longboots,Epic,265.36,245.86,Karazhan,Moroes,1,https://tbc.wowhead.com/item=28545,NA,44,29,13,NULL,NULL,NULL,NULL,Red,Yellow,NA,NA,NA
NA,2,Fiend Slayer Boots,Fiend Slayer Boots,Epic,240.64,215.14,Karazhan,Chess Event,1,https://tbc.wowhead.com/item=28746,NA,34,26,17,NULL,NULL,NULL,NULL,Red,Blue,NA,NA,NA
NA,3,Shadowstep Striders,Shadowstep Striders,Epic,215.51,NULL,Arcatraz,Harbinger Skyriss,1,https://tbc.wowhead.com/item=29248,NA,54,31,NULL,NULL,NULL,NULL,NULL,NA,NA,NA,NA,NA
NA,4,Glider's Boots of the Bandit,Glider's Boots of the Bandit,Epic,209.09,NULL,Karazhan,Shadikith the Glider,1,https://tbc.wowhead.com/item=30681/gliders-boots,NA,58,29,NULL,NULL,NULL,NULL,NULL,NA,NA,NA,NA,NA
NA,5,The Master's Treads,The Master's Treads,Rare,197.04,173.04,NA,NA,1,https://tbc.wowhead.com/item=31288,NA,48,24,16,NULL,NULL,NULL,NULL,NA,NA,NA,NA,NA
NA,6,General's Leather Boots,General's Leather Boots,Epic,195.42,NULL,Season 1,PvP,1,https://tbc.wowhead.com/item=28422,NA,30,27,NULL,15,NULL,NULL,NULL,NA,NA,NA,NA,NA
NA,7,Marshal's Leather Boots,Marshal's Leather Boots,Epic,195.42,NULL,NA,PvP,1,https://tbc.wowhead.com/item=28987,NA,30,27,NULL,15,NULL,NULL,NULL,NA,NA,NA,NA,NA
NA,8,General's Chain Sabatons,General's Chain Sabatons,Epic,193.77,NULL,NA,NA,1,https://tbc.wowhead.com/item=28449,NA,30,27,NULL,14,NULL,NULL,NULL,NA,NA,NA,NA,NA
NA,9,Marshal's Chain Sabatons,Marshal's Chain Sabatons,Epic,193.77,NULL,NA,PvP,1,https://tbc.wowhead.com/item=28975,NA,30,27,NULL,14,NULL,NULL,NULL,NA,NA,NA,NA,NA
NA,10,Glider's Boots of the Tiger,Glider's Boots of the Tiger,Epic,192.77,NULL,Karazhan,Shadikith the Glider,1,https://tbc.wowhead.com/item=30681/gliders-boots,NA,NULL,37,NULL,NULL,NULL,NULL,NULL,NA,NA,NA,NA,NA
NA,11,Silent-Strider Kneeboots,Silent-Strider Kneeboots,Rare,190.67,NULL,Hellfire Ramparts,Omor the Unscarred,1,https://tbc.wowhead.com/item=27467,NA,50,27,NULL,NULL,NULL,NULL,NULL,NA,NA,NA,NA,NA
NA,12,General's Linked Sabatons,General's Linked Sabatons,Epic,185.22,NULL,NA,NA,1,https://tbc.wowhead.com/item=28630,NA,NULL,27,NULL,27,NULL,NULL,NULL,NA,NA,NA,NA,NA
NA,13,Marshal's Linked Sabatons,Marshal's Linked Sabatons,Epic,185.22,NULL,NA,PvP,1,https://tbc.wowhead.com/item=28991,NA,NULL,27,NULL,27,NULL,NULL,NULL,NA,NA,NA,NA,NA
NA,14,Boots of the Endless Hunt,Boots of the Endless Hunt,Epic,183.46,NULL,Botanica,Warp Splinter,1,https://tbc.wowhead.com/item=29262,NA,48,26,NULL,NULL,NULL,NULL,NULL,NA,NA,NA,NA,NA
NA,15,Wrangler's Boots,Wrangler's Boots,Uncommon,177.88,NULL,NA,When the Cows Come Home,0,https://tbc.wowhead.com/item=29804,NA,32,28,NULL,NULL,NULL,NULL,NULL,NA,NA,NA,NA,NA
NA,NA,Trinket,NA,NA,NULL,NULL,NA,NA,NULL,NA,NA,ap,agi,hit,crit,haste,arp,exp,socket,NA,NA,NA,NA
NA,1,Dragonspine Trophy,Dragonspine Trophy,Epic,303.25,NULL,Gruul's Lair,Gruul the Dragonkiller,1,https://tbc.wowhead.com/item=28830,NA,40,NULL,NULL,NULL,130,NULL,NULL,NA,NA,NA,NA,NA
NA,2,Mark of the Champion (undead/demon),Mark of the Champion (undead/demon),Epic,150,NULL,NA,The Fall of Kel'Thuzad,1,https://tbc.wowhead.com/item=23206,NA,150,NULL,NULL,NULL,NULL,NULL,NULL,NA,NA,NA,NA,NA
NA,3,Bloodlust Brooch,Bloodlust Brooch,Epic,118,NULL,Badge of Justice,G'eras,1,https://tbc.wowhead.com/item=29383,NA,118,NULL,NULL,NULL,NULL,NULL,NULL,NA,NA,NA,NA,NA
NA,4,Abacus of Violent Odds,Abacus of Violent Odds,Rare,107.84125,NULL,Mechanar,Pathaleon the Calculator,1,https://tbc.wowhead.com/item=28288,NA,64,NULL,NULL,NULL,21.65,NULL,NULL,NA,NA,NA,NA,NA
NA,5,Slayer's Crest,Slayer's Crest,Epic,107,NULL,Naxxramas,Sapphiron,0,https://tbc.wowhead.com/item=23041,NA,107,NULL,NULL,NULL,NULL,NULL,NULL,NA,NA,NA,NA,NA
NA,6,Hourglass of the Unraveller,Hourglass of the Unraveller,Rare,102.8,NULL,Black Morass,Temporus,1,https://tbc.wowhead.com/item=28034,NA,50,NULL,NULL,32,NULL,NULL,NULL,NA,NA,NA,NA,NA
NA,7,Kiss of the Spider,Kiss of the Spider,Epic,88.725,73.725,Classic,NA,0,https://tbc.wowhead.com/item=22954,NA,NULL,NULL,10,14,25,NULL,NULL,NA,NA,NA,NA,NA
NA,8,Drake Fang Talisman,Drake Fang Talisman,Epic,86,56,Blackwing Lair,Ebonroc,0,https://tbc.wowhead.com/item=19406,NA,56,NULL,20,NULL,NULL,NULL,NULL,NA,NA,NA,NA,NA
NA,9,Core of Ar'kelos,Core of Ar'kelos,Uncommon,85,NULL,Archmage Vargoth,Ar'kelos the Guardian,1,https://tbc.wowhead.com/item=29776,NA,85,NULL,NULL,NULL,NULL,NULL,NULL,NA,NA,NA,NA,NA
NA,10,Icon of Unyielding Courage,Icon of Unyielding Courage,Rare,80,35,Blood Furnace,Keli'dan the Breaker,1,https://tbc.wowhead.com/item=28121,NA,NULL,NULL,30,NULL,NULL,100,NULL,NA,NA,NA,NA,NA
NA,11,Bladefist's Breadth,Bladefist's Breadth,Rare,75.9,NULL,Hellfire Peninsula,Overlord,1,https://tbc.wowhead.com/item=28041,NA,33,NULL,NULL,26,NULL,NULL,NULL,NA,NA,NA,NA,NA
NA,12,Figurine - Felsteel Boar,Figurine - Felsteel Boar,Rare,68,NULL,Jewelcrafting,Crafted,1,https://tbc.wowhead.com/item=24124,NA,68,NULL,NULL,NULL,NULL,NULL,NULL,NA,NA,NA,NA,NA
NA,13,Ancient Draenei War Talisman,Ancient Draenei War Talisman,Uncommon,67.98,NULL,NA,The Vengeful Harbinger,0,https://tbc.wowhead.com/item=31617,NA,33.33,NULL,NULL,21,NULL,NULL,NULL,NA,NA,NA,NA,NA
NA,14,Badge of the Swarmguard,Badge of the Swarmguard,Epic,66.5,NULL,Ahn'Qiraj,Battleguard Sartura,0,https://tbc.wowhead.com/item=21670,NA,NULL,NULL,NULL,NULL,NULL,190,NULL,NA,NA,NA,NA,NA
NA,15,Jom Gabbar,Jom Gabbar,Epic,60,NULL,Classic,NA,0,https://tbc.wowhead.com/item=23570,NA,60,NULL,NULL,NULL,NULL,NULL,NULL,NA,NA,NA,NA,NA
NA,NA,One Hand,NA,NA,NULL,NULL,NA,NA,NULL,NA,NA,ap,agi,hit,crit,haste,arp,exp,socket,NA,NA,NA,NA
NA,1,Guile of Khoraazi,Guile of Khoraazi,Epic,136.99,NULL,NA,NA,1,https://tbc.wowhead.com/item=29121,NA,38,19,NULL,NULL,NULL,NULL,NULL,NA,NA,NA,NA,NA
NA,2,Felsteel Longblade,Felsteel Longblade,Epic,135.46,NULL,Blacksmithing,Crafted,1,https://tbc.wowhead.com/item=23540,NA,NULL,26,NULL,NULL,NULL,NULL,NULL,NA,NA,NA,NA,NA
NA,3,Emerald Ripper,Emerald Ripper,Epic,134.99,NULL,Karazhan,Moroes,1,https://tbc.wowhead.com/item=28524,NA,36,19,NULL,NULL,NULL,NULL,NULL,NA,NA,NA,NA,NA
NA,4,Direbrew's Shanker,Direbrew's Shanker,Epic,134.99,NULL,Blacksmithing,Crafted,1,https://tbc.wowhead.com/item=37597,NA,36,19,NULL,NULL,NULL,NULL,NULL,NA,NA,NA,NA,NA
NA,5,Stellaris,Stellaris,Rare,131.41,NULL,Mechanar,Nethermancer Sepethrea,1,https://tbc.wowhead.com/item=28263,NA,22,21,NULL,NULL,NULL,NULL,NULL,NA,NA,NA,NA,NA
NA,6,Riftmaker,Riftmaker,Epic,131.41,NULL,NA,Alurmi,1,https://tbc.wowhead.com/item=29182,NA,22,21,NULL,NULL,NULL,NULL,NULL,NA,NA,NA,NA,NA
NA,7,Claw of the Netherwing Flight,Claw of the Netherwing Flight,Rare,130.65,108.15,NA,Ally of the Netherwing,1,https://tbc.wowhead.com/item=31492,NA,30,15,15,NULL,NULL,NULL,15,NA,NA,NA,NA,NA
NA,8,Searing Sunblade,Searing Sunblade,Epic,125.04,NULL,Badge of Justice,G'eras,1,https://tbc.wowhead.com/item=29275,NA,NULL,24,NULL,NULL,NULL,NULL,NULL,NA,NA,NA,NA,NA
NA,9,Stormforged Axe,Stormforged Axe,Rare,125.04,NULL,Blacksmithing,Crafted,1,https://tbc.wowhead.com/item=30087,NA,NULL,24,NULL,NULL,NULL,NULL,NULL,NA,NA,NA,NA,NA
NA,10,Talon of Anzu,Talon of Anzu,Rare,121.95,NULL,Sethekk Halls,Anzu,1,https://tbc.wowhead.com/item=32781,NA,36,10,NULL,NULL,NULL,NULL,NULL,Red,NA,NA,NA,NA
NA,11,Big Bad Wolf's Paw,Big Bad Wolf's Paw,Epic,121.57,NULL,Karazhan,The Big Bad Wolf,1,https://tbc.wowhead.com/item=28584,NA,NULL,17,NULL,20,NULL,NULL,NULL,NA,NA,NA,NA,NA
NA,12,Spiteblade,Spiteblade,Epic,118.94,NULL,Karazhan,Netherspite,1,https://tbc.wowhead.com/item=28729,NA,46,14,NULL,NULL,NULL,NULL,NULL,NA,NA,NA,NA,NA
NA,13,Retainer's Blade,Retainer's Blade,Epic,114.62,NULL,The Scryers,Exalted,1,https://tbc.wowhead.com/item=29125,NA,NULL,22,NULL,NULL,NULL,NULL,NULL,NA,NA,NA,NA,NA
NA,14,Blazeguard,Blazeguard,Epic,114.07,88.57,Blacksmithing,Crafted,1,https://tbc.wowhead.com/item=28426,NA,NULL,17,17,NULL,NULL,NULL,NULL,NA,NA,NA,NA,NA
NA,15,Borak's Reminder,Borak's Reminder,Rare,107.81,97.31,NA,The Cipher of Damnation,1,https://tbc.wowhead.com/item=31073,NA,40,11,7,NULL,NULL,NULL,NULL,NA,NA,NA,NA,NA
NA,NA,Two Hand,NA,NA,NULL,NULL,NA,NA,NULL,NA,NA,ap,agi,hit,crit,haste,arp,exp,socket,NA,NA,NA,NA
NA,1,Legacy,Legacy,Epic,288.4,NULL,Karazhan,The Crone,1,https://tbc.wowhead.com/item=28587,NA,80,40,NULL,NULL,NULL,NULL,NULL,NA,NA,NA,NA,NA
NA,2,Terokk's Quill,Terokk's Quill,Rare,281.34,NULL,Terokkar Forest,Terokk's Legacy,1,https://tbc.wowhead.com/item=29329,NA,NULL,54,NULL,NULL,NULL,NULL,NULL,NA,NA,NA,NA,NA
NA,3,Sonic Spear,Sonic Spear,Rare,280.35,244.35,Shadow Labyrinth,Murmur,1,https://tbc.wowhead.com/item=27903,NA,62,35,24,NULL,NULL,NULL,NULL,NA,NA,NA,NA,NA
NA,4,Hellforged Halberd,Hellforged Halberd,Rare,255.96,227.46,Honor Hold,Revered,1,https://tbc.wowhead.com/item=29166,NA,92,26,19,NULL,NULL,NULL,NULL,NA,NA,NA,NA,NA
NA,5,Blackened Spear,Blackened Spear,Rare,255.96,227.46,Thrallmar,Revered,1,https://tbc.wowhead.com/item=29167,NA,92,26,19,NULL,NULL,NULL,NULL,NA,NA,NA,NA,NA
NA,6,Lionheart Champion,Lionheart Champion,Epic,229.24,NULL,Blacksmithing,Crafted,1,https://tbc.wowhead.com/item=28429,NA,NULL,44,NULL,NULL,NULL,NULL,NULL,NA,NA,NA,NA,NA
NA,7,Gorehowl,Gorehowl,Epic,224.03,NULL,Karazhan,Prince Malchezaar,1,https://tbc.wowhead.com/item=28773,NA,NULL,43,NULL,NULL,NULL,NULL,NULL,NA,NA,NA,NA,NA
NA,8,Lionheart Blade,Lionheart Blade,Epic,218.82,NULL,Blacksmithing,Crafted,1,https://tbc.wowhead.com/item=28428,NA,NULL,42,NULL,NULL,NULL,NULL,NULL,NA,NA,NA,NA,NA
NA,9,Illidari-Bane Claymore (Demon),Illidari-Bane Claymore (Demon),Rare,211.05,NULL,Shadowmoon Valley,Quenching the Blade,1,https://tbc.wowhead.com/item=30789,NA,150,NULL,NULL,37,NULL,NULL,NULL,NA,NA,NA,NA,NA
NA,10,Mooncleaver,Mooncleaver,Epic,191.8,NULL,Blacksmithing,Crafted,1,https://tbc.wowhead.com/item=28435,NA,106,NULL,NULL,52,NULL,NULL,NULL,NA,NA,NA,NA,NA
NA,11,Crow Wing Reaper,Crow Wing Reaper,Rare,190.12,NULL,Sethekk Halls,Talon King Ikiss,1,https://tbc.wowhead.com/item=27986,NA,NULL,17,NULL,NULL,NULL,NULL,NULL,Red,Red,Red,NA,NA
NA,12,Jeweled Halberd,Jeweled Halberd,Uncommon,187.41,NULL,NA,Kick Them While They're Down,0,https://tbc.wowhead.com/item=30396,NA,78,21,NULL,NULL,NULL,NULL,NULL,NA,NA,NA,NA,NA
NA,13,Stoneforged Claymore,Stoneforged Claymore,Rare,182.35,NULL,Blacksmithing,Crafted,1,https://tbc.wowhead.com/item=30086,NA,NULL,35,NULL,NULL,NULL,NULL,NULL,NA,NA,NA,NA,NA
NA,14,The Eye of Nerub,The Eye of Nerub,Epic,180.3,156.3,Naxxramas,Loatheb,1,https://tbc.wowhead.com/item=23039,NA,NULL,30,16,NULL,NULL,NULL,NULL,NA,NA,NA,NA,NA
NA,15,The Burning Crusader,The Burning Crusader,Rare,179.67,140.67,NA,Nexus-King Salhadaar,1,https://tbc.wowhead.com/item=30009,NA,NULL,27,26,NULL,NULL,NULL,17,NA,NA,NA,NA,NA
NA,NA,Ranged,NA,NA,NULL,NULL,NA,NA,NULL,NA,NA,type,dps,speed,ap,agi,hit,crit,haste,arp,exp,socket,NA
NA,1,Barrel-Blade Longrifle,Barrel-Blade Longrifle,Epic,760.06,NULL,Shadowmoon Valley,Doomwalker,1,https://tbc.wowhead.com/item=30724,NA,Gun,81.2,2.6,NULL,16,NULL,NULL,NA,NA,NA,Red,Red
NA,2,Sunfury Bow of the Phoenix,Sunfury Bow of the Phoenix,Epic,757.74,NULL,Karazhan,Prince Malchezaar,1,https://tbc.wowhead.com/item=28772,NA,Bow,83.3,2.9,34,19,NULL,NULL,NA,NA,NA,NA,NA
NA,3,Wolfslayer Sniper Rifle,Wolfslayer Sniper Rifle,Epic,703.4,NULL,Karazhan,The Big Bad Wolf,1,https://tbc.wowhead.com/item=28581,NA,Gun,79.1,2.7,32,15,NULL,NULL,NA,NA,NA,NA,NA
NA,4,Wrathtide Longbow,Wrathtide Longbow,Epic,667.19,NULL,Steamvault,Warlord Kalithresh,1,https://tbc.wowhead.com/item=29351,NA,Bow,75.5,3,28,14,NULL,NULL,NA,NA,NA,NA,NA
NA,5,Gladiator's Heavy Crossbow (Ranged AP),Gladiator's Heavy Crossbow (Ranged AP),Epic,663.8,NULL,Season 1,PvP,1,https://tbc.wowhead.com/item=28294,NA,Crossbow,82.4,3.1,26,NULL,NULL,12,NA,NA,NA,NA,NA
NA,6,Marksman's Bow,Marksman's Bow,Epic,654.52,638.02,Thrallmar,Exalted,1,https://tbc.wowhead.com/item=29152,NA,Bow,73.8,2.8,22,12,11,NULL,NA,NA,NA,NA,NA
NA,7,Veteran's Musket,Veteran's Musket,Epic,653.77,637.27,Honor Hold,Exalted,1,https://tbc.wowhead.com/item=29151,NA,Gun,73.7,2.7,22,12,11,NULL,NA,NA,NA,NA,NA
NA,8,Steelhawk Crossbow,Steelhawk Crossbow,Epic,647.25,623.25,Karazhan,Attumen the Huntsman,1,https://tbc.wowhead.com/item=28504,NA,Crossbow,79.1,2.8,30,NULL,16,NULL,NA,NA,NA,NA,NA
NA,9,Telescopic Sharprifle,Telescopic Sharprifle,Rare,592.98,NULL,Mechanar,Pathaleon the Calculator,1,https://tbc.wowhead.com/item=28286,NA,Gun,66.3,3,28,13,NULL,NULL,NA,NA,NA,NA,NA
NA,10,Ornate Khorium Rifle,Ornate Khorium Rifle,Rare,591.19,571.69,Engineering,Crafted,1,https://tbc.wowhead.com/item=23748,NA,Gun,66.5,3.1,NULL,14,13,NULL,NA,NA,NA,NA,NA
NA,11,Adamantine Repeater,Adamantine Repeater,Rare,590.4,575.4,Blood Furnace,Keli'dan the Breaker,1,https://tbc.wowhead.com/item=27507,NA,Crossbow,66.3,3,NULL,15,10,NULL,NA,NA,NA,NA,NA
NA,12,Gyro-Balanced Khorium Destroyer,Gyro-Balanced Khorium Destroyer,Epic,583.17,NULL,Engineering,Crafted,1,https://tbc.wowhead.com/item=32756,NA,Gun,75.5,2.8,NULL,NULL,NULL,NULL,NA,NA,NA,Yellow,NA
NA,13,"Lohn'goron, Bow of the Torn-heart","Lohn'goron, Bow of the Torn-heart",Rare,560.27,NULL,Shadowmoon Valley,The Cipher of Damnation,1,https://tbc.wowhead.com/item=31072,NA,Bow,62.9,2.6,26,12,NULL,NULL,NA,NA,NA,NA,NA
NA,14,Nerubian Slavemaker,Nerubian Slavemaker,Epic,553.35,NULL,Naxxramas,Kel'Thuzad,1,https://tbc.wowhead.com/item=22812,NA,Crossbow,67.5,3.2,24,NULL,NULL,14,NA,NA,NA,NA,NA
NA,15,Don Santos' Famous Hunting Rifle,Don Santos' Famous Hunting Rifle,Epic,552.75,NULL,NA,World Drop,1,https://tbc.wowhead.com/item=31323,NA,Gun,73.7,2.7,NULL,NULL,NULL,NULL,NA,NA,NA,NA,NA
NA,16,Bloodwarder's Rifle,Bloodwarder's Rifle,Rare,543.43,NULL,Shadowmoon Valley,Akama's Promise,1,https://tbc.wowhead.com/item=31000,NA,Gun,62.9,2.6,30,8,NULL,NULL,NA,NA,NA,NA,NA
NA,17,Emberhawk Crossbow,Emberhawk Crossbow,Rare,540.95,NULL,Arcatraz,Wrath-Scryer Soccothrates,1,https://tbc.wowhead.com/item=28397,NA,Crossbow,66.3,3,14,NULL,NULL,18,NA,NA,NA,NA,NA
NA,18,Consortium Blaster,Consortium Blaster,Rare,536.8,NULL,The Consortium,Revered,1,https://tbc.wowhead.com/item=29115,NA,Gun,66.3,2.4,28,NULL,NULL,7,NA,NA,NA,NA,NA
NA,19,Valanos' Longbow,Valanos' Longbow,Rare,536.5,NULL,NA,NA,1,https://tbc.wowhead.com/item=31303,NA,Bow,66.4,2.8,22,NULL,NULL,10,NA,NA,NA,NA,NA
NA,20,High Warlord's Heavy Crossbow (Ranged AP),High Warlord's Heavy Crossbow (Ranged AP),Rare,534.85,NULL,NA,PvP,0,https://tbc.wowhead.com/item=28933,NA,Crossbow,66.4,3.2,22,NULL,NULL,9,NA,NA,NA,NA,NA
NA,21,Grand Marshal's Heavy Crossbow (Ranged AP),Grand Marshal's Heavy Crossbow (Ranged AP),Rare,534.85,NULL,NA,PvP,0,https://tbc.wowhead.com/item=28960,NA,Crossbow,66.4,3.2,22,NULL,NULL,9,NA,NA,NA,NA,NA
NA,22,Skyfire Hawk-Bow,Skyfire Hawk-Bow,Rare,531.5,510.5,Shattered Halls,Warbringer O'mrogg,1,https://tbc.wowhead.com/item=27526,NA,Bow,64.6,2.4,26,NULL,14,NULL,NA,NA,NA,NA,NA
NA,23,Wrathfire Hand-Cannon,Wrathfire Hand-Cannon,Rare,530.25,NULL,Shadow Labyrinth,Grandmaster Vorpil,1,https://tbc.wowhead.com/item=27898,NA,Gun,64.5,2,30,NULL,NULL,10,NA,NA,NA,NA,NA
NA,24,Starbolt Longbow,Starbolt Longbow,Rare,522.75,NULL,Mana-Tombs,Pandemonius,1,https://tbc.wowhead.com/item=27817,NA,Bow,66.4,2.8,NULL,NULL,NULL,15,NA,NA,NA,NA,NA
NA,25,Mama's Insurance,Mama's Insurance,Uncommon,520,NULL,NA,Declawing Doomclaw,1,https://tbc.wowhead.com/item=30279,NA,Gun,56.8,2.2,32,10,NULL,6,NA,NA,NA,NA,NA
NA,26,Melmorta's Twilight Longbow,Melmorta's Twilight Longbow,Rare,513.75,NULL,Black Morass,Chrono Lord Deja,1,https://tbc.wowhead.com/item=27987,NA,Bow,64.5,3,30,NULL,NULL,NULL,NA,NA,NA,NA,NA
NA,27,Recoilless Rocket Ripper X-54,Recoilless Rocket Ripper X-54,Rare,511.65,NULL,Steamvault,Mekgineer Steamrigger,1,https://tbc.wowhead.com/item=27794,NA,Gun,64.7,2.9,NULL,NULL,NULL,16,NA,NA,NA,NA,NA
NA,28,The Boomstick,The Boomstick,Rare,497.25,NULL,Sethekk Halls,Anzu,1,https://tbc.wowhead.com/item=32780,NA,Gun,66.3,2,NULL,NULL,NULL,NULL,NA,NA,NA,NA,NA
NA,29,Soulstring,Soulstring,Epic,494.35,NULL,Naxxramas,Four Horsemen Chest,1,https://tbc.wowhead.com/item=22811,NA,Bow,60.7,2.9,16,NULL,NULL,14,NA,NA,NA,NA,NA
NA,30,Hemet's Elekk Gun,Hemet's Elekk Gun,Rare,487.8,NULL,Nagrand,The Ultimate Bloodsport,1,https://tbc.wowhead.com/item=25639,NA,Gun,59.2,2.5,24,NULL,NULL,12,NA,NA,NA,NA,NA
